Timestamp,Log
2024-12-09 03:27:08,EDBrightnessTask
2024-12-09 03:27:08,OLEDDisplayTask
2024-12-09 03:27:08,Received arcValue: 50
2024-12-09 03:27:08,Receivets Jun  8 2016 00:22:57
2024-12-09 03:27:08,"rst:0x1 (POWERON_RESET),boot:0x13 (SPI_FAST_FLASH_BOOT)"
2024-12-09 03:27:08,"configsip: 0, SPIWP:0xee"
2024-12-09 03:27:08,"clk_drv:0x00,q_drv:0x00,d_drv:0x00,cs0_drv:0x00,hd_drv:0x00,wp_drv:0x00"
2024-12-09 03:27:08,"mode:DIO, clock div:1"
2024-12-09 03:27:08,"load:0x3fff0030,len:1344"
2024-12-09 03:27:08,"load:0x40078000,len:13964"
2024-12-09 03:27:08,"load:0x40080400,len:3600"
2024-12-09 03:27:08,entry 0x400805f0
2024-12-09 03:27:08,Setup OLED
2024-12-09 03:27:11,Connecting to WiFi...
2024-12-09 03:27:11,Connected to WiFi
2024-12-09 03:27:12,OLEDDisplayTask
2024-12-09 03:27:12,ReadDHT11Task
2024-12-09 03:27:12,semaphoreButtonTask
2024-12-09 03:27:12,LEDBrightnessTask
2024-12-09 03:27:12,UDP Listening on IP: 192.168.137.99
2024-12-09 03:27:12,UDPListenerSendTask
2024-12-09 03:27:12,Calibrating please wait...LEDBrightnessTask
2024-12-09 03:27:12,OLEDDisplayTask
2024-12-09 03:27:12,.Received arcValue: 50
2024-12-09 03:27:12,Received valueButton7: 0
2024-12-09 03:27:12,Received valueButton8: 0
2024-12-09 03:27:12,deserializeJson() failed: InvalidInput
2024-12-09 03:27:12,.LEDBrightnessTask
2024-12-09 03:27:12,.OLEDDisplayTask
2024-12-09 03:27:12,..LEDBrightnessTask
2024-12-09 03:27:12,.OLEDDisplayTask
2024-12-09 03:27:12,.LEDBrightnessTask
2024-12-09 03:27:12,.Received arcValue: 50
2024-12-09 03:27:12,Received valueButton7: 0
2024-12-09 03:27:12,Received valueButton8: 0
2024-12-09 03:27:12,done!.
2024-12-09 03:27:12,Mq2Task
2024-12-09 03:27:12,OLEDDisplayTask
2024-12-09 03:27:12,MQ-2 Gas Concentration: 6.79 PPM
2024-12-09 03:27:12,LEDBrightnessTask
2024-12-09 03:27:12,Temperature: 33 °C	Humidity: 52 %
2024-12-09 03:27:12,OLEDDisplayTask
2024-12-09 03:27:12,LEDBrightnessTask
2024-12-09 03:27:12,OLEDDisplayTask
2024-12-09 03:27:12,LEDBrightnessTask
2024-12-09 03:27:12,OLEDDisplayTask
2024-12-09 03:27:12,LEDBrightnessTask
2024-12-09 03:27:13,LEDBrightnessTask
2024-12-09 03:27:13,OLEDDisplayTask
2024-12-09 03:27:13,LEDBrightnessTask
2024-12-09 03:27:13,OLEDDisplayTask
2024-12-09 03:27:13,Received arcValue: 50
2024-12-09 03:27:13,Received valueButton7: 0
2024-12-09 03:27:13,Received valueButton8: 0
2024-12-09 03:27:13,deserializeJson() failed: InvalidInput
2024-12-09 03:27:13,deserializeJson() failed: InvalidInput
2024-12-09 03:27:13,LEDBrightnessTask
2024-12-09 03:27:13,OLEDDisplayTask
2024-12-09 03:27:13,LEDBrightnessTask
2024-12-09 03:27:13,OLEDDisplayTask
2024-12-09 03:27:13,LEDBrightnessTask
2024-12-09 03:27:13,OLEDDisplayTask
2024-12-09 03:27:13,LEDBrightnessTask
2024-12-09 03:27:13,OLEDDisplayTask
2024-12-09 03:27:13,LEDBrightnessTask
2024-12-09 03:27:13,OLEDDisplayTask
2024-12-09 03:27:13,LEDBrightnessTask
2024-12-09 03:27:13,Received arcValue: 50
2024-12-09 03:27:13,Received valueButton7: 0
2024-12-09 03:27:13,Received valueButton8: 0
2024-12-09 03:27:13,deserializeJson() failed: InvalidInput
2024-12-09 03:27:13,OLEDDisplayTask
2024-12-09 03:27:13,LEDBrightnessTask
2024-12-09 03:27:13,OLEDDisplayTask
2024-12-09 03:27:13,LEDBrightnessTask
2024-12-09 03:27:14,OLEDDisplayTask
2024-12-09 03:27:14,LEDBrightnessTask
2024-12-09 03:27:14,Received arcValue: 50
2024-12-09 03:27:14,Received valueButton7: 0
2024-12-09 03:27:14,Received valueButton8: 0
2024-12-09 03:27:14,deserializeJson() failed: InvalidInput
2024-12-09 03:27:14,UDPListenerSendTask
2024-12-09 03:27:14,OLEDDisplayTask
2024-12-09 03:27:14,LEDBrightnessTask
2024-12-09 03:27:14,LEDBrightnessTask
2024-12-09 03:27:14,OLEDDisplayTask
2024-12-09 03:27:14,LEDBrightnessTask
2024-12-09 03:27:14,OLEDDisplayTask
2024-12-09 03:27:14,LEDBrightnessTask
2024-12-09 03:27:14,OLEDDisplayTask
2024-12-09 03:27:14,LEDBrightnessTask
2024-12-09 03:27:14,Mq2Task
2024-12-09 03:27:14,OLEDDisplayTask
2024-12-09 03:27:14,ReadDHT11Task
2024-12-09 03:27:14,MQ-2 Gas Concentration: 10.90 PPM
2024-12-09 03:27:14,LEDBrightnessTask
2024-12-09 03:27:14,Received arcValue: 50
2024-12-09 03:27:14,Received valueButton7: 0
2024-12-09 03:27:14,Received valueButton8: 0
2024-12-09 03:27:14,deserializeJson() failed: InvalidInput
2024-12-09 03:27:14,deserializeJson() failed: InvalidInput
2024-12-09 03:27:14,OLEDDisplayTask
2024-12-09 03:27:14,LEDBrightnessTask
2024-12-09 03:27:14,OLEDDisplayTask
2024-12-09 03:27:14,LEDBrightnessTask
2024-12-09 03:27:14,OLEDDisplayTask
2024-12-09 03:27:14,LEDBrightnessTask
2024-12-09 03:27:15,OLEDDisplayTask
2024-12-09 03:27:15,LEDBrightnessTask
2024-12-09 03:27:15,Temperature: 34 °C	Humidity: 52 %
2024-12-09 03:27:15,OLEDDisplayTask
2024-12-09 03:27:15,LEDBrightnessTask
2024-12-09 03:27:15,LEDBrightnessTask
2024-12-09 03:27:15,OLEDDisplayTask
2024-12-09 03:27:15,Received arcValue: 50
2024-12-09 03:27:15,Received valueButton7: 0
2024-12-09 03:27:15,Received valueButton8: 0
2024-12-09 03:27:15,deserializeJson() failed: InvalidInput
2024-12-09 03:27:15,LEDBrightnessTask
2024-12-09 03:27:15,OLEDDisplayTask
2024-12-09 03:27:15,LEDBrightnessTask
2024-12-09 03:27:15,OLEDDisplayTask
2024-12-09 03:27:15,LEDBrightnessTask
2024-12-09 03:27:15,deserializeJson() failed: InvalidInput
2024-12-09 03:27:15,OLEDDisplayTask
2024-12-09 03:27:15,LEDBrightnessTask
2024-12-09 03:27:15,OLEDDisplayTask
2024-12-09 03:27:15,LEDBrightnessTask
2024-12-09 03:27:15,OLEDDisplayTask
2024-12-09 03:27:15,LEDBrightnessTask
2024-12-09 03:27:15,OLEDDisplayTask
2024-12-09 03:27:15,LEDBrightnessTask
2024-12-09 03:27:16,OLEDDisplayTask
2024-12-09 03:27:16,LEDBrightnessTask
2024-12-09 03:27:16,UDPListenerSendTask
2024-12-09 03:27:16,LEDBrightnessTask
2024-12-09 03:27:16,OLEDDisplayTask
2024-12-09 03:27:16,Received arcValue: 50
2024-12-09 03:27:16,Received valueButton7: 0
2024-12-09 03:27:16,Received valueButton8: 0
2024-12-09 03:27:16,deserializeJson() failed: InvalidInput
2024-12-09 03:27:16,deserializeJson() failed: InvalidInput
2024-12-09 03:27:16,LEDBrightnessTask
2024-12-09 03:27:16,OLEDDisplayTask
2024-12-09 03:27:16,LEDBrightnessTask
2024-12-09 03:27:16,OLEDDisplayTask
2024-12-09 03:27:16,Received arcValue: 50
2024-12-09 03:27:16,Received valueButton7: 0
2024-12-09 03:27:16,Received valueButton8: 0
2024-12-09 03:27:16,LEDBrightnessTask
2024-12-09 03:27:16,deserializeJson() failed: InvalidInput
2024-12-09 03:27:16,OLEDDisplayTask
2024-12-09 03:27:16,Mq2Task
2024-12-09 03:27:16,LEDBrightnessTask
2024-12-09 03:27:16,MQ-2 Gas Concentration: 12.71 PPM
2024-12-09 03:27:16,OLEDDisplayTask
2024-12-09 03:27:16,LEDBrightnessTask
2024-12-09 03:27:16,OLEDDisplayTask
2024-12-09 03:27:16,LEDBrightnessTask
2024-12-09 03:27:16,LEDBrightnessTask
2024-12-09 03:27:16,OLEDDisplayTask
2024-12-09 03:27:17,LEDBrightnessTask
2024-12-09 03:27:17,OLEDDisplayTask
2024-12-09 03:27:17,ReadDHT11Task
2024-12-09 03:27:17,Received arcValue: 50
2024-12-09 03:27:17,Received valueButton7: 0
2024-12-09 03:27:17,Received valueButton8: 0
2024-12-09 03:27:17,LEDBrightnessTask
2024-12-09 03:27:17,OLEDDisplayTask
2024-12-09 03:27:17,LEDBrightnessTask
2024-12-09 03:27:17,OLEDDisplayTask
2024-12-09 03:27:17,LEDBrightnessTask
2024-12-09 03:27:17,OLEDDisplayTask
2024-12-09 03:27:17,LEDBrightnessTask
2024-12-09 03:27:17,OLEDDisplayTask
2024-12-09 03:27:17,LEDBrightnessTask
2024-12-09 03:27:17,OLEDDisplayTask
2024-12-09 03:27:17,Temperature: 34 °C	Humidity: 52 %
2024-12-09 03:27:17,LEDBrightnessTask
2024-12-09 03:27:17,OLEDDisplayTask
2024-12-09 03:27:17,deserializeJson() failed: InvalidInput
2024-12-09 03:27:17,LEDBrightnessTask
2024-12-09 03:27:17,OLEDDisplayTask
2024-12-09 03:27:17,LEDBrightnessTask
2024-12-09 03:27:17,OLEDDisplayTask
2024-12-09 03:27:18,LEDBrightnessTask
2024-12-09 03:27:18,Received arcValue: 50
2024-12-09 03:27:18,Received valueButton7: 0
2024-12-09 03:27:18,Received valueButton8: 0
2024-12-09 03:27:18,OLEDDisplayTask
2024-12-09 03:27:18,UDPListenerSendTask
2024-12-09 03:27:18,LEDBrightnessTask
2024-12-09 03:27:18,OLEDDisplayTask
2024-12-09 03:27:18,LEDBrightnessTask
2024-12-09 03:27:18,OLEDDisplayTask
2024-12-09 03:27:18,LEDBrightnessTask
2024-12-09 03:27:18,OLEDDisplayTask
2024-12-09 03:27:18,LEDBrightnessTask
2024-12-09 03:27:18,OLEDDisplayTask
2024-12-09 03:27:18,LEDBrightnessTask
2024-12-09 03:27:18,LEDBrightnessTask
2024-12-09 03:27:18,OLEDDisplayTask
2024-12-09 03:27:18,Received arcValue: 50
2024-12-09 03:27:18,Received valueButton7: 0
2024-12-09 03:27:18,Received valueButton8: 0
2024-12-09 03:27:18,deserializeJson() failed: InvalidInput
2024-12-09 03:27:18,Mq2Task
2024-12-09 03:27:18,LEDBrightnessTask
2024-12-09 03:27:18,MQ-2 Gas Concentration: 11.63 PPM
2024-12-09 03:27:18,OLEDDisplayTask
2024-12-09 03:27:18,LEDBrightnessTask
2024-12-09 03:27:18,OLEDDisplayTask
2024-12-09 03:27:18,LEDBrightnessTask
2024-12-09 03:27:19,OLEDDisplayTask
2024-12-09 03:27:19,LEDBrightnessTask
2024-12-09 03:27:19,OLEDDisplayTask
2024-12-09 03:27:19,LEDBrightnessTask
2024-12-09 03:27:19,OLEDDisplayTask
2024-12-09 03:27:19,LEDBrightnessTask
2024-12-09 03:27:19,Received arcValue: 50
2024-12-09 03:27:19,Received valueButton7: 0
2024-12-09 03:27:19,Received valueButton8: 0
2024-12-09 03:27:19,deserializeJson() failed: InvalidInput
2024-12-09 03:27:19,OLEDDisplayTask
2024-12-09 03:27:19,LEDBrightnessTask
2024-12-09 03:27:19,LEDBrightnessTask
2024-12-09 03:27:19,OLEDDisplayTask
2024-12-09 03:27:19,LEDBrightnessTask
2024-12-09 03:27:19,OLEDDisplayTask
2024-12-09 03:27:19,Received arcValue: 50
2024-12-09 03:27:19,Received valueButton7: 0
2024-12-09 03:27:19,Received valueButton8: 0
2024-12-09 03:27:19,deserializeJson() failed: InvalidInput
2024-12-09 03:27:19,ReadDHT11Task
2024-12-09 03:27:19,LEDBrightnessTask
2024-12-09 03:27:19,OLEDDisplayTask
2024-12-09 03:27:19,LEDBrightnessTask
2024-12-09 03:27:19,OLEDDisplayTask
2024-12-09 03:27:19,LEDBrightnessTask
2024-12-09 03:27:19,OLEDDisplayTask
2024-12-09 03:27:19,LEDBrightnessTask
2024-12-09 03:27:20,OLEDDisplayTask
2024-12-09 03:27:20,LEDBrightnessTask
2024-12-09 03:27:20,UDPListenerSendTask
2024-12-09 03:27:20,deserializeJson() failed: InvalidInput
2024-12-09 03:27:20,OLEDDisplayTask
2024-12-09 03:27:20,LEDBrightnessTask
2024-12-09 03:27:20,Temperature: 34 °C	Humidity: 51 %
2024-12-09 03:27:20,Received arcValue: 50
2024-12-09 03:27:20,Received valueButton7: 0
2024-12-09 03:27:20,Received valueButton8: 0
2024-12-09 03:27:20,deserializeJson() failed: InvalidInput
2024-12-09 03:27:20,OLEDDisplayTask
2024-12-09 03:27:20,deserializeJson() failed: InvalidInput
2024-12-09 03:27:20,LEDBrightnessTask
2024-12-09 03:27:20,OLEDDisplayTask
2024-12-09 03:27:20,LEDBrightnessTask
2024-12-09 03:27:20,LEDBrightnessTask
2024-12-09 03:27:20,OLEDDisplayTask
2024-12-09 03:27:20,Received arcValue: 50
2024-12-09 03:27:20,Received valueButton7: 0
2024-12-09 03:27:20,Received valueButton8: 0
2024-12-09 03:27:20,deserializeJson() failed: InvalidInput
2024-12-09 03:27:20,LEDBrightnessTask
2024-12-09 03:27:20,OLEDDisplayTask
2024-12-09 03:27:20,LEDBrightnessTask
2024-12-09 03:27:20,OLEDDisplayTask
2024-12-09 03:27:20,Mq2Task
2024-12-09 03:27:20,MQ-2 Gas Concentration: 11.42 PPM
2024-12-09 03:27:20,LEDBrightnessTask
2024-12-09 03:27:20,OLEDDisplayTask
2024-12-09 03:27:20,LEDBrightnessTask
2024-12-09 03:27:20,OLEDDisplayTask
2024-12-09 03:27:21,LEDBrightnessTask
2024-12-09 03:27:21,OLEDDisplayTask
2024-12-09 03:27:21,LEDBrightnessTask
2024-12-09 03:27:21,Received arcValue: 50
2024-12-09 03:27:21,Received valueButton7: 0
2024-12-09 03:27:21,Received valueButton8: 0
2024-12-09 03:27:21,OLEDDisplayTask
2024-12-09 03:27:21,LEDBrightnessTask
2024-12-09 03:27:21,OLEDDisplayTask
2024-12-09 03:27:21,LEDBrightnessTask
2024-12-09 03:27:21,OLEDDisplayTask
2024-12-09 03:27:21,LEDBrightnessTask
2024-12-09 03:27:21,OLEDDisplayTask
2024-12-09 03:27:21,LEDBrightnessTask
2024-12-09 03:27:21,LEDBrightnessTask
2024-12-09 03:27:21,OLEDDisplayTask
2024-12-09 03:27:21,LEDBrightnessTask
2024-12-09 03:27:21,OLEDDisplayTask
2024-12-09 03:27:21,Received arcValue: 50
2024-12-09 03:27:21,Received valueButton7: 0
2024-12-09 03:27:21,Received valueButton8: 0
2024-12-09 03:27:21,LEDBrightnessTask
2024-12-09 03:27:21,deserializeJson() failed: InvalidInput
2024-12-09 03:27:21,OLEDDisplayTask
2024-12-09 03:27:21,LEDBrightnessTask
2024-12-09 03:27:21,OLEDDisplayTask
2024-12-09 03:27:22,LEDBrightnessTask
2024-12-09 03:27:22,OLEDDisplayTask
2024-12-09 03:27:22,deserializeJson() failed: InvalidInput
2024-12-09 03:27:22,UDPListenerSendTask
2024-12-09 03:27:22,LEDBrightnessTask
2024-12-09 03:27:22,OLEDDisplayTask
2024-12-09 03:27:22,ReadDHT11Task
2024-12-09 03:27:22,LEDBrightnessTask
2024-12-09 03:27:22,OLEDDisplayTask
2024-12-09 03:27:22,LEDBrightnessTask
2024-12-09 03:27:22,OLEDDisplayTask
2024-12-09 03:27:22,LEDBrightnessTask
2024-12-09 03:27:22,OLEDDisplayTask
2024-12-09 03:27:22,LEDBrightnessTask
2024-12-09 03:27:22,OLEDDisplayTask
2024-12-09 03:27:22,LEDBrightnessTask
2024-12-09 03:27:22,Received arcValue: 50
2024-12-09 03:27:22,Received valueButton7: 0
2024-12-09 03:27:22,Received valueButton8: 0
2024-12-09 03:27:22,deserializeJson() failed: InvalidInput
2024-12-09 03:27:22,Temperature: 34 °C	Humidity: 51 %
2024-12-09 03:27:22,OLEDDisplayTask
2024-12-09 03:27:22,LEDBrightnessTask
2024-12-09 03:27:22,Mq2Task
2024-12-09 03:27:22,MQ-2 Gas Concentration: 10.96 PPM
2024-12-09 03:27:22,OLEDDisplayTask
2024-12-09 03:27:22,LEDBrightnessTask
2024-12-09 03:27:22,LEDBrightnessTask
2024-12-09 03:27:22,OLEDDisplayTask
2024-12-09 03:27:23,LEDBrightnessTask
2024-12-09 03:27:23,OLEDDisplayTask
2024-12-09 03:27:23,LEDBrightnessTask
2024-12-09 03:27:23,OLEDDisplayTask
2024-12-09 03:27:23,LEDBrightnessTask
2024-12-09 03:27:23,Received arcValue: 50
2024-12-09 03:27:23,Received valueButton7: 0
2024-12-09 03:27:23,Received valueButton8: 0
2024-12-09 03:27:23,deserializeJson() failed: InvalidInput
2024-12-09 03:27:23,LEDBrightnessTask
2024-12-09 03:27:23,OLEDDisplayTask
2024-12-09 03:27:23,LEDBrightnessTask
2024-12-09 03:27:23,OLEDDisplayTask
2024-12-09 03:27:23,LEDBrightnessTask
2024-12-09 03:27:23,Received arcValue: 50
2024-12-09 03:27:23,Received valueButton7: 0
2024-12-09 03:27:23,Received valueButton8: 0
2024-12-09 03:27:23,deserializeJson() failed: InvalidInput
2024-12-09 03:27:23,LEDBrightnessTask
2024-12-09 03:27:23,OLEDDisplayTask
2024-12-09 03:27:23,LEDBrightnessTask
2024-12-09 03:27:23,OLEDDisplayTask
2024-12-09 03:27:23,LEDBrightnessTask
2024-12-09 03:27:23,OLEDDisplayTask
2024-12-09 03:27:23,LEDBrightnessTask
2024-12-09 03:27:24,OLEDDisplayTask
2024-12-09 03:27:24,LEDBrightnessTask
2024-12-09 03:27:24,UDPListenerSendTask
2024-12-09 03:27:24,deserializeJson() failed: InvalidInput
2024-12-09 03:27:24,OLEDDisplayTask
2024-12-09 03:27:24,LEDBrightnessTask
2024-12-09 03:27:24,Received arcValue: 50
2024-12-09 03:27:24,Received valueButton7: 0
2024-12-09 03:27:24,Received valueButton8: 0
2024-12-09 03:27:24,OLEDDisplayTask
2024-12-09 03:27:24,deserializeJson() failed: InvalidInput
2024-12-09 03:27:24,deserializeJson() failed: InvalidInput
2024-12-09 03:27:24,LEDBrightnessTask
2024-12-09 03:27:24,OLEDDisplayTask
2024-12-09 03:27:24,LEDBrightnessTask
2024-12-09 03:27:24,LEDBrightnessTask
2024-12-09 03:27:24,OLEDDisplayTask
2024-12-09 03:27:24,LEDBrightnessTask
2024-12-09 03:27:24,OLEDDisplayTask
2024-12-09 03:27:24,OLEDDisplayTask
2024-12-09 03:27:24,LEDBrightnessTask
2024-12-09 03:27:24,ReadDHT11Task
2024-12-09 03:27:24,LEDBrightnessTask
2024-12-09 03:27:24,OLEDDisplayTask
2024-12-09 03:27:24,Received arcValue: 50
2024-12-09 03:27:24,Received valueButton7: 0
2024-12-09 03:27:24,Received valueButton8: 0
2024-12-09 03:27:24,Mq2Task
2024-12-09 03:27:24,LEDBrightnessTask
2024-12-09 03:27:24,OLEDDisplayTask
2024-12-09 03:27:24,MQ-2 Gas Concentration: 11.81 PPM
2024-12-09 03:27:24,LEDBrightnessTask
2024-12-09 03:27:25,OLEDDisplayTask
2024-12-09 03:27:25,LEDBrightnessTask
2024-12-09 03:27:25,OLEDDisplayTask
2024-12-09 03:27:25,Received arcValue: 50
2024-12-09 03:27:25,Received valueButton7: 0
2024-12-09 03:27:25,Received valueButton8: 0
2024-12-09 03:27:25,deserializeJson() failed: InvalidInput
2024-12-09 03:27:25,LEDBrightnessTask
2024-12-09 03:27:25,Temperature: 34 °C	Humidity: 51 %
2024-12-09 03:27:25,OLEDDisplayTask
2024-12-09 03:27:25,LEDBrightnessTask
2024-12-09 03:27:25,LEDBrightnessTask
2024-12-09 03:27:25,OLEDDisplayTask
2024-12-09 03:27:25,LEDBrightnessTask
2024-12-09 03:27:25,OLEDDisplayTask
2024-12-09 03:27:25,LEDBrightnessTask
2024-12-09 03:27:25,OLEDDisplayTask
2024-12-09 03:27:25,LEDBrightnessTask
2024-12-09 03:27:25,OLEDDisplayTask
2024-12-09 03:27:25,Received arcValue: 50
2024-12-09 03:27:25,Received valueButton7: 0
2024-12-09 03:27:25,Received valueButton8: 0
2024-12-09 03:27:25,deserializeJson() failed: InvalidInput
2024-12-09 03:27:25,LEDBrightnessTask
2024-12-09 03:27:25,OLEDDisplayTask
2024-12-09 03:27:25,LEDBrightnessTask
2024-12-09 03:27:25,LEDBrightnessTask
2024-12-09 03:27:26,OLEDDisplayTask
2024-12-09 03:27:26,deserializeJson() failed: InvalidInput
2024-12-09 03:27:26,LEDBrightnessTask
2024-12-09 03:27:26,UDPListenerSendTask
2024-12-09 03:27:26,OLEDDisplayTask
2024-12-09 03:27:26,LEDBrightnessTask
2024-12-09 03:27:26,OLEDDisplayTask
2024-12-09 03:27:26,LEDBrightnessTask
2024-12-09 03:27:26,OLEDDisplayTask
2024-12-09 03:27:26,LEDBrightnessTask
2024-12-09 03:27:26,OLEDDisplayTask
2024-12-09 03:27:26,LEDBrightnessTask
2024-12-09 03:27:26,OLEDDisplayTask
2024-12-09 03:27:26,LEDBrightnessTask
2024-12-09 03:27:26,Received arcValue: 50
2024-12-09 03:27:26,Received valueButton7: 0
2024-12-09 03:27:26,Received valueButton8: 0
2024-12-09 03:27:26,OLEDDisplayTask
2024-12-09 03:27:26,LEDBrightnessTask
2024-12-09 03:27:26,OLEDDisplayTask
2024-12-09 03:27:26,LEDBrightnessTask
2024-12-09 03:27:26,OLEDDisplayTask
2024-12-09 03:27:26,LEDBrightnessTask
2024-12-09 03:27:26,Mq2Task
2024-12-09 03:27:27,MQ-2 Gas Concentration: 11.OLEDDisplayTask
2024-12-09 03:27:27,42 PPM
2024-12-09 03:27:27,LEDBrightnessTask
2024-12-09 03:27:27,LEDBrightnessTask
2024-12-09 03:27:27,OLEDDisplayTask
2024-12-09 03:27:27,LEDBrightnessTask
2024-12-09 03:27:27,ReadDHT11Task
2024-12-09 03:27:27,OLEDDisplayTask
2024-12-09 03:27:27,OLEDDisplayTask
2024-12-09 03:27:27,LEDBrightnessTask
2024-12-09 03:27:27,deserializeJson() failed: InvalidInput
2024-12-09 03:27:27,LEDBrightnessTask
2024-12-09 03:27:27,OLEDDisplayTask
2024-12-09 03:27:27,LEDBrightnessTask
2024-12-09 03:27:27,OLEDDisplayTask
2024-12-09 03:27:27,Received arcValue: 50
2024-12-09 03:27:27,Received valueButton7: 0
2024-12-09 03:27:27,Received valueButton8: 0
2024-12-09 03:27:27,LEDBrightnessTask
2024-12-09 03:27:27,OLEDDisplayTask
2024-12-09 03:27:27,Temperature: 34 °C	Humidity: 51 %
2024-12-09 03:27:27,LEDBrightnessTask
2024-12-09 03:27:27,OLEDDisplayTask
2024-12-09 03:27:27,LEDBrightnessTask
2024-12-09 03:27:27,OLEDDisplayTask
2024-12-09 03:27:27,LEDBrightnessTask
2024-12-09 03:27:28,OLEDDisplayTask
2024-12-09 03:27:28,LEDBrightnessTask
2024-12-09 03:27:28,UDPListenerSendTask
2024-12-09 03:27:28,deserializeJson() failed: InvalidInput
2024-12-09 03:27:28,OLEDDisplayTask
2024-12-09 03:27:28,LEDBrightnessTask
2024-12-09 03:27:28,Received arcValue: 50
2024-12-09 03:27:28,Received valueButton7: 0
2024-12-09 03:27:28,Received valueButton8: 0
2024-12-09 03:27:28,deserializeJson() failed: InvalidInput
2024-12-09 03:27:28,deserializeJson() failed: InvalidInput
2024-12-09 03:27:28,OLEDDisplayTask
2024-12-09 03:27:28,LEDBrightnessTask
2024-12-09 03:27:28,OLEDDisplayTask
2024-12-09 03:27:28,LEDBrightnessTask
2024-12-09 03:27:28,LEDBrightnessTask
2024-12-09 03:27:28,OLEDDisplayTask
2024-12-09 03:27:28,LEDBrightnessTask
2024-12-09 03:27:28,OLEDDisplayTask
2024-12-09 03:27:28,LEDBrightnessTask
2024-12-09 03:27:28,OLEDDisplayTask
2024-12-09 03:27:28,LEDBrightnessTask
2024-12-09 03:27:28,Received arcValue: 50
2024-12-09 03:27:28,Received valueButton7: 0
2024-12-09 03:27:28,Received valueButton8: 0
2024-12-09 03:27:28,OLEDDisplayTask
2024-12-09 03:27:28,LEDBrightnessTask
2024-12-09 03:27:28,OLEDDisplayTask
2024-12-09 03:27:29,LEDBrightnessTask
2024-12-09 03:27:29,Mq2Task
2024-12-09 03:27:29,OLEDDisplayTask
2024-12-09 03:27:29,MQ-2 Gas Concentration: 11.36 PPM
2024-12-09 03:27:29,LEDBrightnessTask
2024-12-09 03:27:29,Received arcValue: 50
2024-12-09 03:27:29,Received valueButton7: 0
2024-12-09 03:27:29,Received valueButton8: 0
2024-12-09 03:27:29,deserializeJson() failed: InvalidInput
2024-12-09 03:27:29,OLEDDisplayTask
2024-12-09 03:27:29,LEDBrightnessTask
2024-12-09 03:27:29,OLEDDisplayTask
2024-12-09 03:27:29,LEDBrightnessTask
2024-12-09 03:27:29,OLEDDisplayTask
2024-12-09 03:27:29,LEDBrightnessTask
2024-12-09 03:27:29,LEDBrightnessTask
2024-12-09 03:27:29,OLEDDisplayTask
2024-12-09 03:27:29,LEDBrightnessTask
2024-12-09 03:27:29,OLEDDisplayTask
2024-12-09 03:27:29,LEDBrightnessTask
2024-12-09 03:27:29,OLEDDisplayTask
2024-12-09 03:27:29,ReadDHT11Task
2024-12-09 03:27:29,Received arcValue: 50
2024-12-09 03:27:29,Received valueButton7: 0
2024-12-09 03:27:29,Received valueButton8: 0
2024-12-09 03:27:29,deserializeJson() failed: InvalidInput
2024-12-09 03:27:29,LEDBrightnessTask
2024-12-09 03:27:29,OLEDDisplayTask
2024-12-09 03:27:29,LEDBrightnessTask
2024-12-09 03:27:29,OLEDDisplayTask
2024-12-09 03:27:30,LEDBrightnessTask
2024-12-09 03:27:30,Received arcValue: 50
2024-12-09 03:27:30,Received valueButton7: 0
2024-12-09 03:27:30,Received valueButton8: 0
2024-12-09 03:27:30,deserializeJson() failed: InvalidInput
2024-12-09 03:27:30,OLEDDisplayTask
2024-12-09 03:27:30,deserializeJson() failed: InvalidInput
2024-12-09 03:27:30,UDPListenerSendTask
2024-12-09 03:27:30,LEDBrightnessTask
2024-12-09 03:27:30,OLEDDisplayTask
2024-12-09 03:27:30,LEDBrightnessTask
2024-12-09 03:27:30,Temperature: 34 °C	Humidity: 51 %
2024-12-09 03:27:30,OLEDDisplayTask
2024-12-09 03:27:30,LEDBrightnessTask
2024-12-09 03:27:30,OLEDDisplayTask
2024-12-09 03:27:30,LEDBrightnessTask
2024-12-09 03:27:30,OLEDDisplayTask
2024-12-09 03:27:30,LEDBrightnessTask
2024-12-09 03:27:30,OLEDDisplayTask
2024-12-09 03:27:30,Received arcValue: 50
2024-12-09 03:27:30,Received valueButton7: 0
2024-12-09 03:27:30,Received valueButton8: 0
2024-12-09 03:27:30,LEDBrightnessTask
2024-12-09 03:27:30,OLEDDisplayTask
2024-12-09 03:27:30,LEDBrightnessTask
2024-12-09 03:27:30,OLEDDisplayTask
2024-12-09 03:27:30,LEDBrightnessTask
2024-12-09 03:27:30,LEDBrightnessTask
2024-12-09 03:27:30,OLEDDisplayTask
2024-12-09 03:27:31,Mq2Task
2024-12-09 03:27:31,LEDBrightnessTask
2024-12-09 03:27:31,OLEDDisplayTask
2024-12-09 03:27:31,MQ-2 Gas Concentration: 11.31 PPM
2024-12-09 03:27:31,LEDBrightnessTask
2024-12-09 03:27:31,OLEDDisplayTask
2024-12-09 03:27:31,LEDBrightnessTask
2024-12-09 03:27:31,deserializeJson() failed: InvalidInput
2024-12-09 03:27:31,OLEDDisplayTask
2024-12-09 03:27:31,LEDBrightnessTask
2024-12-09 03:27:31,OLEDDisplayTask
2024-12-09 03:27:31,LEDBrightnessTask
2024-12-09 03:27:31,OLEDDisplayTask
2024-12-09 03:27:31,Received arcValue: 50
2024-12-09 03:27:31,Received valueButton7: 0
2024-12-09 03:27:31,Received valueButton8: 0
2024-12-09 03:27:31,deserializeJson() failed: InvalidInput
2024-12-09 03:27:31,LEDBrightnessTask
2024-12-09 03:27:31,OLEDDisplayTask
2024-12-09 03:27:31,LEDBrightnessTask
2024-12-09 03:27:31,OLEDDisplayTask
2024-12-09 03:27:31,LEDBrightnessTask
2024-12-09 03:27:31,OLEDDisplayTask
2024-12-09 03:27:31,LEDBrightnessTask
2024-12-09 03:27:32,OLEDDisplayTask
2024-12-09 03:27:32,LEDBrightnessTask
2024-12-09 03:27:32,UDPListenerSendTask
2024-12-09 03:27:32,OLEDDisplayTask
2024-12-09 03:27:32,LEDBrightnessTask
2024-12-09 03:27:32,Received arcValue: 50
2024-12-09 03:27:32,Received valueButton7: 0
2024-12-09 03:27:32,Received valueButton8: 0
2024-12-09 03:27:32,deserializeJson() failed: InvalidInput
2024-12-09 03:27:32,OLEDDisplayTask
2024-12-09 03:27:32,deserializeJson() failed: InvalidInput
2024-12-09 03:27:32,LEDBrightnessTask
2024-12-09 03:27:32,ReadDHT11Task
2024-12-09 03:27:32,OLEDDisplayTask
2024-12-09 03:27:32,LEDBrightnessTask
2024-12-09 03:27:32,LEDBrightnessTask
2024-12-09 03:27:32,OLEDDisplayTask
2024-12-09 03:27:32,LEDBrightnessTask
2024-12-09 03:27:32,OLEDDisplayTask
2024-12-09 03:27:32,OLEDDisplayTask
2024-12-09 03:27:32,LEDBrightnessTask
2024-12-09 03:27:32,LEDBrightnessTask
2024-12-09 03:27:32,Temperature: 35 °C	Humidity: 49 %
2024-12-09 03:27:32,OLEDDisplayTask
2024-12-09 03:27:32,Received arcValue: 50
2024-12-09 03:27:32,Received valueButton7: 0
2024-12-09 03:27:32,Received valueButton8: 0
2024-12-09 03:27:32,LEDBrightnessTask
2024-12-09 03:27:32,OLEDDisplayTask
2024-12-09 03:27:32,LEDBrightnessTask
2024-12-09 03:27:33,OLEDDisplayTask
2024-12-09 03:27:33,LEDBrightnessTask
2024-12-09 03:27:33,Mq2Task
2024-12-09 03:27:33,Received arcValue: 50
2024-12-09 03:27:33,Received valueButton7: 0
2024-12-09 03:27:33,Received valueButton8: 0
2024-12-09 03:27:33,deserializeJson() failed: InvalidInput
2024-12-09 03:27:33,OLEDDisplayTask
2024-12-09 03:27:33,MQ-2 Gas Concentration: 12.68 PPM
2024-12-09 03:27:33,LEDBrightnessTask
2024-12-09 03:27:33,OLEDDisplayTask
2024-12-09 03:27:33,LEDBrightnessTask
2024-12-09 03:27:33,OLEDDisplayTask
2024-12-09 03:27:33,LEDBrightnessTask
2024-12-09 03:27:33,OLEDDisplayTask
2024-12-09 03:27:33,LEDBrightnessTask
2024-12-09 03:27:33,LEDBrightnessTask
2024-12-09 03:27:33,OLEDDisplayTask
2024-12-09 03:27:33,LEDBrightnessTask
2024-12-09 03:27:33,OLEDDisplayTask
2024-12-09 03:27:33,Received arcValue: 50
2024-12-09 03:27:33,Received valueButton7: 0
2024-12-09 03:27:33,Received valueButton8: 0
2024-12-09 03:27:33,deserializeJson() failed: InvalidInput
2024-12-09 03:27:33,LEDBrightnessTask
2024-12-09 03:27:33,OLEDDisplayTask
2024-12-09 03:27:33,Button pressed 1 time(s) in 1 second
2024-12-09 03:27:33,semaphoreButtonTask
2024-12-09 03:27:33,LEDBrightnessTask
2024-12-09 03:27:33,OLEDDisplayTask
2024-12-09 03:27:33,LEDBrightnessTask
2024-12-09 03:27:34,Received arcValue: 50
2024-12-09 03:27:34,Received valueButton7: 0
2024-12-09 03:27:34,Received valueButton8: 0
2024-12-09 03:27:34,deserializeJson() failed: InvalidInput
2024-12-09 03:27:34,deserializeJson() failed: InvalidInput
2024-12-09 03:27:34,LEDBrightnessTask
2024-12-09 03:27:34,UDPListenerSendTask
2024-12-09 03:27:34,LEDBrightnessTask
2024-12-09 03:27:34,LEDBrightnessTask
2024-12-09 03:27:34,LEDBrightnessTask
2024-12-09 03:27:34,LEDBrightnessTask
2024-12-09 03:27:34,LEDBrightnessTask
2024-12-09 03:27:34,Received arcValue: 50
2024-12-09 03:27:34,Received valueButton7: 0
2024-12-09 03:27:34,Received valueButton8: 0
2024-12-09 03:27:34,LEDBrightnessTask
2024-12-09 03:27:34,ReadDHT11Task
2024-12-09 03:27:34,LEDBrightnessTask
2024-12-09 03:27:34,LEDBrightnessTask
2024-12-09 03:27:34,LEDBrightnessTask
2024-12-09 03:27:35,OLEDDisplayTask
2024-12-09 03:27:35,deserializeJson() failed: InvalidInput
2024-12-09 03:27:35,LEDBrightnessTask
2024-12-09 03:27:35,Mq2Task
2024-12-09 03:27:35,MQ-2 Gas Concentration: 10.36 PPM
2024-12-09 03:27:35,LEDBrightnessTask
2024-12-09 03:27:35,Received arcValue: 50
2024-12-09 03:27:35,Received valueButton7: 0
2024-12-09 03:27:35,Received valueButton8: 0
2024-12-09 03:27:35,LEDBrightnessTask
2024-12-09 03:27:35,Temperature: 35 °C	Humidity: 49 %
2024-12-09 03:27:35,LEDBrightnessTask
2024-12-09 03:27:35,LEDBrightnessTask
2024-12-09 03:27:35,Received arcValue: 50
2024-12-09 03:27:35,Received valueButton7: 0
2024-12-09 03:27:35,Received valueButton8: 0
2024-12-09 03:27:35,deserializeJson() failed: InvalidInput
2024-12-09 03:27:35,LEDBrightnessTask
2024-12-09 03:27:35,deserializeJson() failed: InvalidInput
2024-12-09 03:27:35,LEDBrightnessTask
2024-12-09 03:27:35,LEDBrightnessTask
2024-12-09 03:27:35,LEDBrightnessTask
2024-12-09 03:27:36,LEDBrightnessTask
2024-12-09 03:27:36,LEDBrightnessTask
2024-12-09 03:27:36,UDPListenerSendTask
2024-12-09 03:27:36,Received arcValue: 50
2024-12-09 03:27:36,Received valueButton7: 0
2024-12-09 03:27:36,Received valueButton8: 0
2024-12-09 03:27:36,LEDBrightnessTask
2024-12-09 03:27:36,deserializeJson() failed: InvalidInput
2024-12-09 03:27:36,OLEDDisplayTask
2024-12-09 03:27:36,deserializeJson() failed: InvalidInput
2024-12-09 03:27:36,LEDBrightnessTask
2024-12-09 03:27:36,LEDBrightnessTask
2024-12-09 03:27:36,LEDBrightnessTask
2024-12-09 03:27:36,LEDBrightnessTask
2024-12-09 03:27:36,LEDBrightnessTask
2024-12-09 03:27:36,Received arcValue: 50
2024-12-09 03:27:36,Received valueButton7: 0
2024-12-09 03:27:36,Received valueButton8: 0
2024-12-09 03:27:36,LEDBrightnessTask
2024-12-09 03:27:36,LEDBrightnessTask
2024-12-09 03:27:37,LEDBrightnessTask
2024-12-09 03:27:37,deserializeJson() failed: InvalidInput
2024-12-09 03:27:37,LEDBrightnessTask
2024-12-09 03:27:37,Mq2Task
2024-12-09 03:27:37,LEDBrightnessTask
2024-12-09 03:27:37,MQ-2 Gas Concentration: 10.03 PPM
2024-12-09 03:27:37,ReadDHT11Task
2024-12-09 03:27:37,LEDBrightnessTask
2024-12-09 03:27:37,OLEDDisplayTask
2024-12-09 03:27:37,LEDBrightnessTask
2024-12-09 03:27:37,LEDBrightnessTask
2024-12-09 03:27:37,LEDBrightnessTask
2024-12-09 03:27:37,LEDBrightnessTask
2024-12-09 03:27:37,Received arcValue: 50
2024-12-09 03:27:37,Received valueButton7: 0
2024-12-09 03:27:37,Received valueButton8: 0
2024-12-09 03:27:37,LEDBrightnessTask
2024-12-09 03:27:37,Temperature: 35 °C	Humidity: 49 %
2024-12-09 03:27:37,LEDBrightnessTask
2024-12-09 03:27:38,LEDBrightnessTask
2024-12-09 03:27:38,UDPListenerSendTask
2024-12-09 03:27:38,deserializeJson() failed: InvalidInput
2024-12-09 03:27:38,LEDBrightnessTask
2024-12-09 03:27:38,LEDBrightnessTask
2024-12-09 03:27:38,LEDBrightnessTask
2024-12-09 03:27:38,Received arcValue: 50
2024-12-09 03:27:38,Received valueButton7: 0
2024-12-09 03:27:38,Received valueButton8: 0
2024-12-09 03:27:38,deserializeJson() failed: InvalidInput
2024-12-09 03:27:38,deserializeJson() failed: InvalidInput
2024-12-09 03:27:38,LEDBrightnessTask
2024-12-09 03:27:38,OLEDDisplayTask
2024-12-09 03:27:38,LEDBrightnessTask
2024-12-09 03:27:38,LEDBrightnessTask
2024-12-09 03:27:38,Received arcValue: 50
2024-12-09 03:27:38,Received valueButton7: 0
2024-12-09 03:27:38,Received valueButton8: 0
2024-12-09 03:27:38,LEDBrightnessTask
2024-12-09 03:27:38,LEDBrightnessTask
2024-12-09 03:27:38,LEDBrightnessTask
2024-12-09 03:27:39,LEDBrightnessTask
2024-12-09 03:27:39,LEDBrightnessTask
2024-12-09 03:27:39,Mq2Task
2024-12-09 03:27:39,LEDBrightnessTask
2024-12-09 03:27:39,MQ-2 Gas Concentration: 11.99 PPM
2024-12-09 03:27:39,Received arcValue: 50
2024-12-09 03:27:39,Received valueButton7: 0
2024-12-09 03:27:39,Received valueButton8: 0
2024-12-09 03:27:39,deserializeJson() failed: InvalidInput
2024-12-09 03:27:39,LEDBrightnessTask
2024-12-09 03:27:39,LEDBrightnessTask
2024-12-09 03:27:39,LEDBrightnessTask
2024-12-09 03:27:39,Received arcValue: 50
2024-12-09 03:27:39,Received valueButton7: 0
2024-12-09 03:27:39,Received valueButton8: 0
2024-12-09 03:27:39,deserializeJson() failed: InvalidInput
2024-12-09 03:27:39,deserializeJson() failed: InvalidInput
2024-12-09 03:27:39,LEDBrightnessTask
2024-12-09 03:27:39,OLEDDisplayTask
2024-12-09 03:27:39,LEDBrightnessTask
2024-12-09 03:27:39,ReadDHT11Task
2024-12-09 03:27:39,LEDBrightnessTask
2024-12-09 03:27:39,LEDBrightnessTask
2024-12-09 03:27:40,LEDBrightnessTask
2024-12-09 03:27:40,UDPListenerSendTask
2024-12-09 03:27:40,LEDBrightnessTask
2024-12-09 03:27:40,Received arcValue: 50
2024-12-09 03:27:40,Received valueButton7: 0
2024-12-09 03:27:40,Received valueButton8: 0
2024-12-09 03:27:40,deserializeJson() failed: InvalidInput
2024-12-09 03:27:40,deserializeJson() failed: InvalidInput
2024-12-09 03:27:40,LEDBrightnessTask
2024-12-09 03:27:40,LEDBrightnessTask
2024-12-09 03:27:40,Temperature: 35 °C	Humidity: 49 %
2024-12-09 03:27:40,LEDBrightnessTask
2024-12-09 03:27:40,LEDBrightnessTask
2024-12-09 03:27:40,LEDBrightnessTask
2024-12-09 03:27:40,LEDBrightnessTask
2024-12-09 03:27:40,Received arcValue: 50
2024-12-09 03:27:40,Received valueButton7: 0
2024-12-09 03:27:40,Received valueButton8: 0
2024-12-09 03:27:40,OLEDDisplayTask
2024-12-09 03:27:40,LEDBrightnessTask
2024-12-09 03:27:40,LEDBrightnessTask
2024-12-09 03:27:41,LEDBrightnessTask
2024-12-09 03:27:41,Received arcValue: 50
2024-12-09 03:27:41,Received valueButton7: 0
2024-12-09 03:27:41,Received valueButton8: 0
2024-12-09 03:27:41,deserializeJson() failed: InvalidInput
2024-12-09 03:27:41,deserializeJson() failed: InvalidInput
2024-12-09 03:27:41,LEDBrightnessTask
2024-12-09 03:27:41,LEDBrightnessTask
2024-12-09 03:27:41,Mq2Task
2024-12-09 03:27:41,MQ-2 Gas Concentration: 9.95 PPM
2024-12-09 03:27:41,LEDBrightnessTask
2024-12-09 03:27:41,LEDBrightnessTask
2024-12-09 03:27:41,LEDBrightnessTask
2024-12-09 03:27:41,ets Jun  8 2016 00:22:57
2024-12-09 03:27:41,"rst:0x1 (POWERON_RESET),boot:0x13 (SPI_FAST_FLASH_BOOT)"
2024-12-09 03:27:41,"configsip: 0, SPIWP:0xee"
2024-12-09 03:27:41,"clk_drv:0x00,q_drv:0x00,d_drv:0x00,cs0_drv:0x00,hd_drv:0x00,wp_drv:0x00"
2024-12-09 03:27:41,"mode:DIO, clock div:1"
2024-12-09 03:27:41,"load:0x3fff0030,len:1344"
2024-12-09 03:27:41,"load:0x40078000,len:13964"
2024-12-09 03:27:41,"load:0x40080400,len:3600"
2024-12-09 03:27:41,entry 0x400805f0
2024-12-09 03:27:42,Setup OLED
2024-12-09 03:27:44,Connecting to WiFi...
2024-12-09 03:27:44,Connected to WiFi
2024-12-09 03:27:45,OLEDDisplayTask
2024-12-09 03:27:45,ReadDHT11Task
2024-12-09 03:27:45,UDP Listening on IP: 192.168.137LEDBrightnessTask.99
2024-12-09 03:27:45,UDPListenerSendTask
2024-12-09 03:27:45,semaphoreButtonTask
2024-12-09 03:27:45,Calibrating please wait...LEDBrightnessTask
2024-12-09 03:27:45,OLEDDisplayTask
2024-12-09 03:27:45,..LEDBrightnessTask
2024-12-09 03:27:45,.OLEDDisplayTask
2024-12-09 03:27:45,..LEDBrightnessTask
2024-12-09 03:27:45,.OLEDDisplayTask
2024-12-09 03:27:45,.LEDBrightnessTask
2024-12-09 03:27:45,.  done!.
2024-12-09 03:27:45,Mq2Task
2024-12-09 03:27:45,Received arcValue: 50
2024-12-09 03:27:45,Received valueButton7: 0
2024-12-09 03:27:45,Received valueButton8: 0
2024-12-09 03:27:45,deserializeJson() failed: InvalidInput
2024-12-09 03:27:45,MQ-2 Gas Concentration: 7.40 PPM
2024-12-09 03:27:45,OLEDDisplayTask
2024-12-09 03:27:45,LEDBrightnessTask
2024-12-09 03:27:45,Temperature: 35 °C	Humidity: 48 %
2024-12-09 03:27:45,OLEDDisplayTask
2024-12-09 03:27:45,LEDBrightnessTask
2024-12-09 03:27:45,OLEDDisplayTask
2024-12-09 03:27:45,LEDBrightnessTask
2024-12-09 03:27:46,OLEDDisplayTask
2024-12-09 03:27:46,LEDBrightnessTask
2024-12-09 03:27:46,LEDBrightnessTask
2024-12-09 03:27:46,OLEDDisplayTask
2024-12-09 03:27:46,LEDBrightnessTask
2024-12-09 03:27:46,OLEDDisplayTask
2024-12-09 03:27:46,Received arcValue: 50
2024-12-09 03:27:46,Received valueButton7: 0
2024-12-09 03:27:46,Received valueButton8: 0
2024-12-09 03:27:46,deserializeJson() failed: InvalidInput
2024-12-09 03:27:46,deserializeJson() failed: InvalidInput
2024-12-09 03:27:46,LEDBrightnessTask
2024-12-09 03:27:46,OLEDDisplayTask
2024-12-09 03:27:46,LEDBrightnessTask
2024-12-09 03:27:46,OLEDDisplayTask
2024-12-09 03:27:46,LEDBrightnessTask
2024-12-09 03:27:46,Received arcValue: 50
2024-12-09 03:27:46,Received valueButton7: 0
2024-12-09 03:27:46,Received valueButton8: 0
2024-12-09 03:27:46,OLEDDisplayTask
2024-12-09 03:27:46,LEDBrightnessTask
2024-12-09 03:27:46,OLEDDisplayTask
2024-12-09 03:27:46,LEDBrightnessTask
2024-12-09 03:27:46,OLEDDisplayTask
2024-12-09 03:27:46,LEDBrightnessTask
2024-12-09 03:27:46,OLEDDisplayTask
2024-12-09 03:27:47,LEDBrightnessTask
2024-12-09 03:27:47,OLEDDisplayTask
2024-12-09 03:27:47,LEDBrightnessTask
2024-12-09 03:27:47,OLEDDisplayTask
2024-12-09 03:27:47,LEDBrightnessTask
2024-12-09 03:27:47,Received arcValue: 50
2024-12-09 03:27:47,Received valueButton7: 0
2024-12-09 03:27:47,Received valueButton8: 0
2024-12-09 03:27:47,deserializeJson() failed: InvalidInput
2024-12-09 03:27:47,UDPListenerSendTask
2024-12-09 03:27:47,LEDBrightnessTask
2024-12-09 03:27:47,OLEDDisplayTask
2024-12-09 03:27:47,LEDBrightnessTask
2024-12-09 03:27:47,OLEDDisplayTask
2024-12-09 03:27:47,LEDBrightnessTask
2024-12-09 03:27:47,OLEDDisplayTask
2024-12-09 03:27:47,LEDBrightnessTask
2024-12-09 03:27:47,OLEDDisplayTask
2024-12-09 03:27:47,Mq2Task
2024-12-09 03:27:47,LEDBrightnessTask
2024-12-09 03:27:47,MQ-2 Gas Concentration: 11.63ReadDHT11Task
2024-12-09 03:27:47,PPM
2024-12-09 03:27:47,OLEDDisplayTask
2024-12-09 03:27:47,LEDBrightnessTask
2024-12-09 03:27:47,Received arcValue: 50
2024-12-09 03:27:47,Received valueButton7: 0
2024-12-09 03:27:47,Received valueButton8: 0
2024-12-09 03:27:47,deserializeJson() failed: InvalidInput
2024-12-09 03:27:47,deserializeJson() failed: InvalidInput
2024-12-09 03:27:47,OLEDDisplayTask
2024-12-09 03:27:47,LEDBrightnessTask
2024-12-09 03:27:48,LEDBrightnessTask
2024-12-09 03:27:48,OLEDDisplayTask
2024-12-09 03:27:48,LEDBrightnessTask
2024-12-09 03:27:48,Received arcValue: 50
2024-12-09 03:27:48,Received valueButton7: 0
2024-12-09 03:27:48,Received valueButton8: 0
2024-12-09 03:27:48,deserializeJson() failed: InvalidInput
2024-12-09 03:27:48,OLEDDisplayTask
2024-12-09 03:27:48,LEDBrightnessTask
2024-12-09 03:27:48,OLEDDisplayTask
2024-12-09 03:27:48,Temperature: 35 °C	Humidity: 48 %
2024-12-09 03:27:48,LEDBrightnessTask
2024-12-09 03:27:48,OLEDDisplayTask
2024-12-09 03:27:48,LEDBrightnessTask
2024-12-09 03:27:48,OLEDDisplayTask
2024-12-09 03:27:48,LEDBrightnessTask
2024-12-09 03:27:48,OLEDDisplayTask
2024-12-09 03:27:48,LEDBrightnessTask
2024-12-09 03:27:48,OLEDDisplayTask
2024-12-09 03:27:48,LEDBrightnessTask
2024-12-09 03:27:48,Received arcValue: 50
2024-12-09 03:27:48,Received valueButton7: 0
2024-12-09 03:27:48,Received valueButton8: 0
2024-12-09 03:27:48,deserializeJson() failed: InvalidInput
2024-12-09 03:27:48,LEDBrightnessTask
2024-12-09 03:27:48,OLEDDisplayTask
2024-12-09 03:27:48,LEDBrightnessTask
2024-12-09 03:27:48,OLEDDisplayTask
2024-12-09 03:27:49,LEDBrightnessTask
2024-12-09 03:27:49,OLEDDisplayTask
2024-12-09 03:27:49,Received arcValue: 50
2024-12-09 03:27:49,Received valueButton7: 0
2024-12-09 03:27:49,Received valueButton8: 0
2024-12-09 03:27:49,deserializeJson() failed: InvalidInput
2024-12-09 03:27:49,deserializeJson() failed: InvalidInput
2024-12-09 03:27:49,LEDBrightnessTask
2024-12-09 03:27:49,OLEDDisplayTask
2024-12-09 03:27:49,LEDBrightnessTask
2024-12-09 03:27:49,UDPListenerSendTask
2024-12-09 03:27:49,OLEDDisplayTask
2024-12-09 03:27:49,LEDBrightnessTask
2024-12-09 03:27:49,OLEDDisplayTask
2024-12-09 03:27:49,LEDBrightnessTask
2024-12-09 03:27:49,LEDBrightnessTask
2024-12-09 03:27:49,OLEDDisplayTask
2024-12-09 03:27:49,LEDBrightnessTask
2024-12-09 03:27:49,OLEDDisplayTask
2024-12-09 03:27:49,Received arcValue: 50
2024-12-09 03:27:49,Received valueButton7: 0
2024-12-09 03:27:49,Received valueButton8: 0
2024-12-09 03:27:49,deserializeJson() failed: InvalidInput
2024-12-09 03:27:49,LEDBrightnessTask
2024-12-09 03:27:49,OLEDDisplayTask
2024-12-09 03:27:49,Mq2Task
2024-12-09 03:27:49,MQ-2 Gas Concentration: 10.23 PPM
2024-12-09 03:27:49,LEDBrightnessTask
2024-12-09 03:27:49,OLEDDisplayTask
2024-12-09 03:27:49,LEDBrightnessTask
2024-12-09 03:27:50,LEDBrightnessTask
2024-12-09 03:27:50,OLEDDisplayTask
2024-12-09 03:27:50,LEDBrightnessTask
2024-12-09 03:27:50,OLEDDisplayTask
2024-12-09 03:27:50,LEDBrightnessTask
2024-12-09 03:27:50,OLEDDisplayTask
2024-12-09 03:27:50,ReadDHT11Task
2024-12-09 03:27:50,deserializeJson() failed: InvalidInput
2024-12-09 03:27:50,LEDBrightnessTask
2024-12-09 03:27:50,OLEDDisplayTask
2024-12-09 03:27:50,LEDBrightnessTask
2024-12-09 03:27:50,OLEDDisplayTask
2024-12-09 03:27:50,LEDBrightnessTask
2024-12-09 03:27:50,OLEDDisplayTask
2024-12-09 03:27:50,Received arcValue: 50
2024-12-09 03:27:50,Received valueButton7: 0
2024-12-09 03:27:50,Received valueButton8: 0
2024-12-09 03:27:50,deserializeJson() failed: InvalidInput
2024-12-09 03:27:50,LEDBrightnessTask
2024-12-09 03:27:50,OLEDDisplayTask
2024-12-09 03:27:50,LEDBrightnessTask
2024-12-09 03:27:50,Temperature: 35 °C	Humidity: 48 %
2024-12-09 03:27:50,OLEDDisplayTask
2024-12-09 03:27:50,LEDBrightnessTask
2024-12-09 03:27:50,Button pressed 2 time(s) in 1 second
2024-12-09 03:27:50,semaphoreButtonTask
2024-12-09 03:27:50,LEDBrightnessTask
2024-12-09 03:27:50,OLEDDisplayTask
2024-12-09 03:27:51,LEDBrightnessTask
2024-12-09 03:27:51,OLEDDisplayTask
2024-12-09 03:27:51,LEDBrightnessTask
2024-12-09 03:27:51,OLEDDisplayTask
2024-12-09 03:27:51,Received arcValue: 50
2024-12-09 03:27:51,Received valueButton7: 0
2024-12-09 03:27:51,Received valueButton8: 0
2024-12-09 03:27:51,LEDBrightnessTask
2024-12-09 03:27:51,OLEDDisplayTask
2024-12-09 03:27:51,UDPListenerSendTask
2024-12-09 03:27:51,LEDBrightnessTask
2024-12-09 03:27:51,OLEDDisplayTask
2024-12-09 03:27:51,LEDBrightnessTask
2024-12-09 03:27:51,OLEDDisplayTask
2024-12-09 03:27:51,LEDBrightnessTask
2024-12-09 03:27:51,OLEDDisplayTask
2024-12-09 03:27:51,LEDBrightnessTask
2024-12-09 03:27:51,OLEDDisplayTask
2024-12-09 03:27:51,Mq2Task
2024-12-09 03:27:51,LEDBrightnessTask
2024-12-09 03:27:51,Received arcValue: 50
2024-12-09 03:27:51,Received valueButton7: 0
2024-12-09 03:27:51,Received valueButton8: 0
2024-12-09 03:27:51,deserializeJson() failed: InvalidInput
2024-12-09 03:27:51,deserializeJson() failed: InvalidInput
2024-12-09 03:27:51,OLEDDisplayTask
2024-12-09 03:27:51,MQ-2 Gas Concentration: 9.99 PPM
2024-12-09 03:27:51,LEDBrightnessTask
2024-12-09 03:27:51,OLEDDisplayTask
2024-12-09 03:27:52,LEDBrightnessTask
2024-12-09 03:27:52,OLEDDisplayTask
2024-12-09 03:27:52,Received arcValue: 50
2024-12-09 03:27:52,Received valueButton7: 0
2024-12-09 03:27:52,Received valueButton8: 0
2024-12-09 03:27:52,deserializeJson() failed: InvalidInput
2024-12-09 03:27:52,LEDBrightnessTask
2024-12-09 03:27:52,OLEDDisplayTask
2024-12-09 03:27:52,LEDBrightnessTask
2024-12-09 03:27:52,OLEDDisplayTask
2024-12-09 03:27:52,LEDBrightnessTask
2024-12-09 03:27:52,OLEDDisplayTask
2024-12-09 03:27:52,LEDBrightnessTask
2024-12-09 03:27:52,OLEDDisplayTask
2024-12-09 03:27:52,LEDBrightnessTask
2024-12-09 03:27:52,OLEDDisplayTask
2024-12-09 03:27:52,LEDBrightnessTask
2024-12-09 03:27:52,OLEDDisplayTask
2024-12-09 03:27:52,Received arcValue: 50
2024-12-09 03:27:52,Received valueButton7: 0
2024-12-09 03:27:52,Received valueButton8: 0
2024-12-09 03:27:52,LEDBrightnessTask
2024-12-09 03:27:52,deserializeJson() failed: InvalidInput
2024-12-09 03:27:52,ReadDHT11Task
2024-12-09 03:27:52,LEDBrightnessTask
2024-12-09 03:27:52,OLEDDisplayTask
2024-12-09 03:27:52,LEDBrightnessTask
2024-12-09 03:27:53,OLEDDisplayTask
2024-12-09 03:27:53,Button pressed 3 time(s) in 1 second
2024-12-09 03:27:53,semaphoreButtonTask
2024-12-09 03:27:53,LEDBrightnessTask
2024-12-09 03:27:53,OLEDDisplayTask
2024-12-09 03:27:53,LEDBrightnessTask
2024-12-09 03:27:53,OLEDDisplayTask
2024-12-09 03:27:53,LEDBrightnessTask
2024-12-09 03:27:53,UDPListenerSendTask
2024-12-09 03:27:53,deserializeJson() failed: InvalidInput
2024-12-09 03:27:53,OLEDDisplayTask
2024-12-09 03:27:53,Temperature: 35 °C	Humidity: 48 %
2024-12-09 03:27:53,Received arcValue: 50
2024-12-09 03:27:53,Received valueButton7: 0
2024-12-09 03:27:53,Received valueButton8: 0
2024-12-09 03:27:53,LEDBrightnessTask
2024-12-09 03:27:53,deserializeJson() failed: InvalidInput
2024-12-09 03:27:53,deserializeJson() failed: InvalidInput
2024-12-09 03:27:53,OLEDDisplayTask
2024-12-09 03:27:53,LEDBrightnessTask
2024-12-09 03:27:53,OLEDDisplayTask
2024-12-09 03:27:53,LEDBrightnessTask
2024-12-09 03:27:53,OLEDDisplayTask
2024-12-09 03:27:53,Received arcValue: 50
2024-12-09 03:27:53,Received valueButton7: 0
2024-12-09 03:27:53,Received valueButton8: 0
2024-12-09 03:27:53,LEDBrightnessTask
2024-12-09 03:27:53,OLEDDisplayTask
2024-12-09 03:27:53,LEDBrightnessTask
2024-12-09 03:27:53,Mq2Task
2024-12-09 03:27:53,OLEDDisplayTask
2024-12-09 03:27:53,MQ-2 Gas Concentration: 12.74 PPM
2024-12-09 03:27:53,LEDBrightnessTask
2024-12-09 03:27:54,OLEDDisplayTask
2024-12-09 03:27:54,LEDBrightnessTask
2024-12-09 03:27:54,OLEDDisplayTask
2024-12-09 03:27:54,LEDBrightnessTask
2024-12-09 03:27:54,OLEDDisplayTask
2024-12-09 03:27:54,LEDBrightnessTask
2024-12-09 03:27:54,Received arcValue: 50
2024-12-09 03:27:54,Received valueButton7: 0
2024-12-09 03:27:54,Received valueButton8: 0
2024-12-09 03:27:54,deserializeJson() failed: InvalidInput
2024-12-09 03:27:54,OLEDDisplayTask
2024-12-09 03:27:54,LEDBrightnessTask
2024-12-09 03:27:54,LEDBrightnessTask
2024-12-09 03:27:54,OLEDDisplayTask
2024-12-09 03:27:54,LEDBrightnessTask
2024-12-09 03:27:54,OLEDDisplayTask
2024-12-09 03:27:54,Received arcValue: 50
2024-12-09 03:27:54,Received valueButton7: 0
2024-12-09 03:27:54,Received valueButton8: 0
2024-12-09 03:27:54,deserializeJson() failed: InvalidInput
2024-12-09 03:27:54,deserializeJson() failed: InvalidInput
2024-12-09 03:27:54,LEDBrightnessTask
2024-12-09 03:27:54,OLEDDisplayTask
2024-12-09 03:27:54,LEDBrightnessTask
2024-12-09 03:27:54,OLEDDisplayTask
2024-12-09 03:27:54,LEDBrightnessTask
2024-12-09 03:27:54,OLEDDisplayTask
2024-12-09 03:27:54,LEDBrightnessTask
2024-12-09 03:27:55,OLEDDisplayTask
2024-12-09 03:27:55,LEDBrightnessTask
2024-12-09 03:27:55,OLEDDisplayTask
2024-12-09 03:27:55,LEDBrightnessTask
2024-12-09 03:27:55,Received arcValue: 50
2024-12-09 03:27:55,Received valueButton7: 0
2024-12-09 03:27:55,Received valueButton8: 0
2024-12-09 03:27:55,OLEDDisplayTask
2024-12-09 03:27:55,LEDBrightnessTask
2024-12-09 03:27:55,UDPListenerSendTask
2024-12-09 03:27:55,ReadDHT11Task
2024-12-09 03:27:55,OLEDDisplayTask
2024-12-09 03:27:55,LEDBrightnessTask
2024-12-09 03:27:55,OLEDDisplayTask
2024-12-09 03:27:55,LEDBrightnessTask
2024-12-09 03:27:55,LEDBrightnessTask
2024-12-09 03:27:55,OLEDDisplayTask
2024-12-09 03:27:55,LEDBrightnessTask
2024-12-09 03:27:55,OLEDDisplayTask
2024-12-09 03:27:55,LEDBrightnessTask
2024-12-09 03:27:55,OLEDDisplayTask
2024-12-09 03:27:55,deserializeJson() failed: InvalidInput
2024-12-09 03:27:55,deserializeJson() failed: InvalidInput
2024-12-09 03:27:55,Temperature: 35 °C	Humidity: 48 %
2024-12-09 03:27:55,LEDBrightnessTask
2024-12-09 03:27:55,Mq2Task
2024-12-09 03:27:55,OLEDDisplayTask
2024-12-09 03:27:55,MQ-2 Gas Concentration: 9.53 PPM
2024-12-09 03:27:56,LEDBrightnessTask
2024-12-09 03:27:56,OLEDDisplayTask
2024-12-09 03:27:56,LEDBrightnessTask
2024-12-09 03:27:56,Received arcValue: 50
2024-12-09 03:27:56,Received valueButton7: 0
2024-12-09 03:27:56,Received valueButton8: 0
2024-12-09 03:27:56,OLEDDisplayTask
2024-12-09 03:27:56,Button pressed 1 time(s) in 1 second
2024-12-09 03:27:56,semaphoreButtonTask
2024-12-09 03:27:56,LEDBrightnessTask
2024-12-09 03:27:56,OLEDDisplayTask
2024-12-09 03:27:56,LEDBrightnessTask
2024-12-09 03:27:56,LEDBrightnessTask
2024-12-09 03:27:56,deserializeJson() failed: InvalidInput
2024-12-09 03:27:56,LEDBrightnessTask
2024-12-09 03:27:56,OLEDDisplayTask
2024-12-09 03:27:56,LEDBrightnessTask
2024-12-09 03:27:56,LEDBrightnessTask
2024-12-09 03:27:56,OLEDDisplayTask
2024-12-09 03:27:56,Received arcValue: 50
2024-12-09 03:27:56,Received valueButton7: 0
2024-12-09 03:27:56,Received valueButton8: 0
2024-12-09 03:27:56,LEDBrightnessTask
2024-12-09 03:27:56,OLEDDisplayTask
2024-12-09 03:27:56,LEDBrightnessTask
2024-12-09 03:27:56,OLEDDisplayTask
2024-12-09 03:27:57,LEDBrightnessTask
2024-12-09 03:27:57,OLEDDisplayTask
2024-12-09 03:27:57,LEDBrightnessTask
2024-12-09 03:27:57,OLEDDisplayTask
2024-12-09 03:27:57,LEDBrightnessTask
2024-12-09 03:27:57,OLEDDisplayTask
2024-12-09 03:27:57,UDPListenerSendTask
2024-12-09 03:27:57,deserializeJson() failed: InvalidInput
2024-12-09 03:27:57,LEDBrightnessTask
2024-12-09 03:27:57,OLEDDisplayTask
2024-12-09 03:27:57,Received arcValue: 50
2024-12-09 03:27:57,Received valueButton7: 0
2024-12-09 03:27:57,Received valueButton8: 0
2024-12-09 03:27:57,deserializeJson() failed: InvalidInput
2024-12-09 03:27:57,deserializeJson() failed: InvalidInput
2024-12-09 03:27:57,LEDBrightnessTask
2024-12-09 03:27:57,OLEDDisplayTask
2024-12-09 03:27:57,LEDBrightnessTask
2024-12-09 03:27:57,OLEDDisplayTask
2024-12-09 03:27:57,LEDBrightnessTask
2024-12-09 03:27:57,Received arcValue: 50
2024-12-09 03:27:57,Received valueButton7: 0
2024-12-09 03:27:57,Received valueButton8: 0
2024-12-09 03:27:57,OLEDDisplayTask
2024-12-09 03:27:57,LEDBrightnessTask
2024-12-09 03:27:57,LEDBrightnessTask
2024-12-09 03:27:57,OLEDDisplayTask
2024-12-09 03:27:57,ReadDHT11Task
2024-12-09 03:27:57,LEDBrightnessTask
2024-12-09 03:27:57,OLEDDisplayTask
2024-12-09 03:27:57,Mq2Task
2024-12-09 03:27:58,MQ-2 Gas Concentration: 10.50 PPM
2024-12-09 03:27:58,LEDBrightnessTask
2024-12-09 03:27:58,OLEDDisplayTask
2024-12-09 03:27:58,LEDBrightnessTask
2024-12-09 03:27:58,OLEDDisplayTask
2024-12-09 03:27:58,LEDBrightnessTask
2024-12-09 03:27:58,OLEDDisplayTask
2024-12-09 03:27:58,Received arcValue: 50
2024-12-09 03:27:58,Received valueButton7: 0
2024-12-09 03:27:58,Received valueButton8: 0
2024-12-09 03:27:58,deserializeJson() failed: InvalidInput
2024-12-09 03:27:58,LEDBrightnessTask
2024-12-09 03:27:58,Temperature: 35 °C	Humidity: 47 %
2024-12-09 03:27:58,OLEDDisplayTask
2024-12-09 03:27:58,LEDBrightnessTask
2024-12-09 03:27:58,OLEDDisplayTask
2024-12-09 03:27:58,LEDBrightnessTask
2024-12-09 03:27:58,Received arcValue: 50
2024-12-09 03:27:58,Received valueButton7: 0
2024-12-09 03:27:58,Received valueButton8: 0
2024-12-09 03:27:58,deserializeJson() failed: InvalidInput
2024-12-09 03:27:58,OLEDDisplayTask
2024-12-09 03:27:58,deserializeJson() failed: InvalidInput
2024-12-09 03:27:58,LEDBrightnessTask
2024-12-09 03:27:58,OLEDDisplayTask
2024-12-09 03:27:58,LEDBrightnessTask
2024-12-09 03:27:58,OLEDDisplayTask
2024-12-09 03:27:58,LEDBrightnessTask
2024-12-09 03:27:58,LEDBrightnessTask
2024-12-09 03:27:58,OLEDDisplayTask
2024-12-09 03:27:59,LEDBrightnessTask
2024-12-09 03:27:59,OLEDDisplayTask
2024-12-09 03:27:59,LEDBrightnessTask
2024-12-09 03:27:59,OLEDDisplayTask
2024-12-09 03:27:59,Received arcValue: 50
2024-12-09 03:27:59,Received valueButton7: 0
2024-12-09 03:27:59,Received valueButton8: 0
2024-12-09 03:27:59,LEDBrightnessTask
2024-12-09 03:27:59,OLEDDisplayTask
2024-12-09 03:27:59,UDPListenerSendTask
2024-12-09 03:27:59,LEDBrightnessTask
2024-12-09 03:27:59,OLEDDisplayTask
2024-12-09 03:27:59,LEDBrightnessTask
2024-12-09 03:27:59,OLEDDisplayTask
2024-12-09 03:27:59,LEDBrightnessTask
2024-12-09 03:27:59,OLEDDisplayTask
2024-12-09 03:27:59,LEDBrightnessTask
2024-12-09 03:27:59,OLEDDisplayTask
2024-12-09 03:27:59,LEDBrightnessTask
2024-12-09 03:27:59,deserializeJson() failed: InvalidInput
2024-12-09 03:27:59,deserializeJson() failed: InvalidInput
2024-12-09 03:27:59,LEDBrightnessTask
2024-12-09 03:27:59,OLEDDisplayTask
2024-12-09 03:28:00,LEDBrightnessTask
2024-12-09 03:28:00,OLEDDisplayTask
2024-12-09 03:28:00,Mq2Task
2024-12-09 03:28:00,MQ-2 Gas Concentration: 10.13 PPM
2024-12-09 03:28:00,LEDBrightnessTask
2024-12-09 03:28:00,OLEDDisplayTask
2024-12-09 03:28:00,Received arcValue: 50
2024-12-09 03:28:00,Received valueButton7: 0
2024-12-09 03:28:00,Received valueButton8: 0
2024-12-09 03:28:00,deserializeJson() failed: InvalidInput
2024-12-09 03:28:00,LEDBrightnessTask
2024-12-09 03:28:00,OLEDDisplayTask
2024-12-09 03:28:00,LEDBrightnessTask
2024-12-09 03:28:00,OLEDDisplayTask
2024-12-09 03:28:00,ReadDHT11Task
2024-12-09 03:28:00,LEDBrightnessTask
2024-12-09 03:28:00,OLEDDisplayTask
2024-12-09 03:28:00,LEDBrightnessTask
2024-12-09 03:28:00,OLEDDisplayTask
2024-12-09 03:28:00,LEDBrightnessTask
2024-12-09 03:28:00,OLEDDisplayTask
2024-12-09 03:28:00,LEDBrightnessTask
2024-12-09 03:28:00,Received arcValue: 50
2024-12-09 03:28:00,Received valueButton7: 0
2024-12-09 03:28:00,Received valueButton8: 0
2024-12-09 03:28:00,OLEDDisplayTask
2024-12-09 03:28:00,LEDBrightnessTask
2024-12-09 03:28:00,Temperature: 35 °C	Humidity: 47 %
2024-12-09 03:28:00,LEDBrightnessTask
2024-12-09 03:28:00,OLEDDisplayTask
2024-12-09 03:28:01,LEDBrightnessTask
2024-12-09 03:28:01,OLEDDisplayTask
2024-12-09 03:28:01,LEDBrightnessTask
2024-12-09 03:28:01,OLEDDisplayTask
2024-12-09 03:28:01,LEDBrightnessTask
2024-12-09 03:28:01,OLEDDisplayTask
2024-12-09 03:28:01,UDPListenerSendTask
2024-12-09 03:28:01,LEDBrightnessTask
2024-12-09 03:28:01,deserializeJson() failed: InvalidInput
2024-12-09 03:28:01,Received arcValue: 50
2024-12-09 03:28:01,Received valueButton7: 0
2024-12-09 03:28:01,Received valueButton8: 0
2024-12-09 03:28:01,deserializeJson() failed: OLEDDisplayTask
2024-12-09 03:28:01,InvalidInput
2024-12-09 03:28:01,deserializeJson() failed: InvalidInput
2024-12-09 03:28:01,LEDBrightnessTask
2024-12-09 03:28:01,OLEDDisplayTask
2024-12-09 03:28:01,LEDBrightnessTask
2024-12-09 03:28:01,OLEDDisplayTask
2024-12-09 03:28:01,LEDBrightnessTask
2024-12-09 03:28:01,Received arcValue: 50
2024-12-09 03:28:01,Received valueButton7: 0
2024-12-09 03:28:01,Received valueButton8: 0
2024-12-09 03:28:01,LEDBrightnessTask
2024-12-09 03:28:01,OLEDDisplayTask
2024-12-09 03:28:01,LEDBrightnessTask
2024-12-09 03:28:01,OLEDDisplayTask
2024-12-09 03:28:01,LEDBrightnessTask
2024-12-09 03:28:01,OLEDDisplayTask
2024-12-09 03:28:02,LEDBrightnessTask
2024-12-09 03:28:02,OLEDDisplayTask
2024-12-09 03:28:02,Mq2Task
2024-12-09 03:28:02,MQ-2 Gas Concentration: 10.42 PPM
2024-12-09 03:28:02,LEDBrightnessTask
2024-12-09 03:28:02,OLEDDisplayTask
2024-12-09 03:28:02,LEDBrightnessTask
2024-12-09 03:28:02,Received arcValue: 50
2024-12-09 03:28:02,Received valueButton7: 0
2024-12-09 03:28:02,Received valueButton8: 0
2024-12-09 03:28:02,deserializeJson() failed: InvalidInput
2024-12-09 03:28:02,LEDBrightnessTask
2024-12-09 03:28:02,OLEDDisplayTask
2024-12-09 03:28:02,LEDBrightnessTask
2024-12-09 03:28:02,OLEDDisplayTask
2024-12-09 03:28:02,LEDBrightnessTask
2024-12-09 03:28:02,OLEDDisplayTask
2024-12-09 03:28:02,LEDBrightnessTask
2024-12-09 03:28:02,OLEDDisplayTask
2024-12-09 03:28:02,LEDBrightnessTask
2024-12-09 03:28:02,OLEDDisplayTask
2024-12-09 03:28:02,LEDBrightnessTask
2024-12-09 03:28:02,Received arcValue: 50
2024-12-09 03:28:02,Received valueButton7: 0
2024-12-09 03:28:02,Received valueButton8: 0
2024-12-09 03:28:02,deserializeJson() failed: InvalidInput
2024-12-09 03:28:02,ReadDHT11Task
2024-12-09 03:28:02,OLEDDisplayTask
2024-12-09 03:28:02,LEDBrightnessTask
2024-12-09 03:28:03,OLEDDisplayTask
2024-12-09 03:28:03,LEDBrightnessTask
2024-12-09 03:28:03,OLEDDisplayTask
2024-12-09 03:28:03,LEDBrightnessTask
2024-12-09 03:28:03,Received arcValue: 50
2024-12-09 03:28:03,Received valueButton7: 0
2024-12-09 03:28:03,Received valueButton8: 0
2024-12-09 03:28:03,deserializeJson() failed: InvalidInput
2024-12-09 03:28:03,OLEDDisplayTask
2024-12-09 03:28:03,LEDBrightnessTask
2024-12-09 03:28:03,UDPListenerSendTask
2024-12-09 03:28:03,LEDBrightnessTask
2024-12-09 03:28:03,OLEDDisplayTask
2024-12-09 03:28:03,Temperature: 36 °C	Humidity: 47 %
2024-12-09 03:28:03,LEDBrightnessTask
2024-12-09 03:28:03,OLEDDisplayTask
2024-12-09 03:28:03,LEDBrightnessTask
2024-12-09 03:28:03,OLEDDisplayTask
2024-12-09 03:28:03,LEDBrightnessTask
2024-12-09 03:28:03,OLEDDisplayTask
2024-12-09 03:28:03,LEDBrightnessTask
2024-12-09 03:28:03,OLEDDisplayTask
2024-12-09 03:28:03,Received arcValue: 50
2024-12-09 03:28:03,Received valueButton7: 0
2024-12-09 03:28:03,Received valueButton8: 0
2024-12-09 03:28:03,deserializeJson() failed: InvalidInput
2024-12-09 03:28:03,deserializeJson() failed: InvalidInput
2024-12-09 03:28:03,LEDBrightnessTask
2024-12-09 03:28:03,OLEDDisplayTask
2024-12-09 03:28:04,LEDBrightnessTask
2024-12-09 03:28:04,OLEDDisplayTask
2024-12-09 03:28:04,LEDBrightnessTask
2024-12-09 03:28:04,Mq2Task
2024-12-09 03:28:04,Received arcValue: 50
2024-12-09 03:28:04,Received valueButton7: 0
2024-12-09 03:28:04,Received valueButton8: 0
2024-12-09 03:28:04,deserializeJson() failed: InvalidInput
2024-12-09 03:28:04,deserializeJson() failed: InvalidInput
2024-12-09 03:28:04,OLEDDisplayTask
2024-12-09 03:28:04,MQ-2 Gas Concentration: 11.86 PPM
2024-12-09 03:28:04,LEDBrightnessTask
2024-12-09 03:28:04,OLEDDisplayTask
2024-12-09 03:28:04,LEDBrightnessTask
2024-12-09 03:28:04,OLEDDisplayTask
2024-12-09 03:28:04,LEDBrightnessTask
2024-12-09 03:28:04,LEDBrightnessTask
2024-12-09 03:28:04,OLEDDisplayTask
2024-12-09 03:28:04,LEDBrightnessTask
2024-12-09 03:28:04,OLEDDisplayTask
2024-12-09 03:28:04,LEDBrightnessTask
2024-12-09 03:28:04,OLEDDisplayTask
2024-12-09 03:28:04,OLEDDisplayTask
2024-12-09 03:28:04,LEDBrightnessTask
2024-12-09 03:28:05,LEDBrightnessTask
2024-12-09 03:28:05,OLEDDisplayTask
2024-12-09 03:28:05,LEDBrightnessTask
2024-12-09 03:28:05,OLEDDisplayTask
2024-12-09 03:28:05,LEDBrightnessTask
2024-12-09 03:28:05,OLEDDisplayTask
2024-12-09 03:28:05,UDPListenerSendTask
2024-12-09 03:28:05,LEDBrightnessTask
2024-12-09 03:28:05,deserializeJson() failed: InvalidInput
2024-12-09 03:28:05,OLEDDisplayTask
2024-12-09 03:28:05,LEDBrightnessTask
2024-12-09 03:28:05,ReadDHT11Task
2024-12-09 03:28:05,OLEDDisplayTask
2024-12-09 03:28:05,LEDBrightnessTask
2024-12-09 03:28:05,OLEDDisplayTask
2024-12-09 03:28:05,LEDBrightnessTask
2024-12-09 03:28:05,Received arcValue: 50
2024-12-09 03:28:05,Received valueButton7: 0
2024-12-09 03:28:05,Received valueButton8: 0
2024-12-09 03:28:05,OLEDDisplayTask
2024-12-09 03:28:05,LEDBrightnessTask
2024-12-09 03:28:05,LEDBrightnessTask
2024-12-09 03:28:05,OLEDDisplayTask
2024-12-09 03:28:05,LEDBrightnessTask
2024-12-09 03:28:05,OLEDDisplayTask
2024-12-09 03:28:05,Temperature: 36 °C	Humidity: 47 %
2024-12-09 03:28:06,LEDBrightnessTask
2024-12-09 03:28:06,OLEDDisplayTask
2024-12-09 03:28:06,LEDBrightnessTask
2024-12-09 03:28:06,Mq2Task
2024-12-09 03:28:06,OLEDDisplayTask
2024-12-09 03:28:06,MQ-2 Gas Concentration: 10.64 PPM
2024-12-09 03:28:06,LEDBrightnessTask
2024-12-09 03:28:06,Received arcValue: 50
2024-12-09 03:28:06,Received valueButton7: 0
2024-12-09 03:28:06,Received valueButton8: 0
2024-12-09 03:28:06,deserializeJson() failed: InvalidInput
2024-12-09 03:28:06,OLEDDisplayTask
2024-12-09 03:28:06,LEDBrightnessTask
2024-12-09 03:28:06,OLEDDisplayTask
2024-12-09 03:28:06,LEDBrightnessTask
2024-12-09 03:28:06,OLEDDisplayTask
2024-12-09 03:28:06,LEDBrightnessTask
2024-12-09 03:28:06,OLEDDisplayTask
2024-12-09 03:28:06,LEDBrightnessTask
2024-12-09 03:28:06,LEDBrightnessTask
2024-12-09 03:28:06,OLEDDisplayTask
2024-12-09 03:28:06,LEDBrightnessTask
2024-12-09 03:28:06,OLEDDisplayTask
2024-12-09 03:28:06,Received arcValue: 50
2024-12-09 03:28:06,Received valueButton7: 0
2024-12-09 03:28:06,Received valueButton8: 0
2024-12-09 03:28:06,deserializeJson() failed: InvalidInput
2024-12-09 03:28:06,LEDBrightnessTask
2024-12-09 03:28:06,OLEDDisplayTask
2024-12-09 03:28:07,LEDBrightnessTask
2024-12-09 03:28:07,OLEDDisplayTask
2024-12-09 03:28:07,LEDBrightnessTask
2024-12-09 03:28:07,OLEDDisplayTask
2024-12-09 03:28:07,Received arcValue: 50
2024-12-09 03:28:07,Received valueButton7: 0
2024-12-09 03:28:07,Received valueButton8: 0
2024-12-09 03:28:07,deserializeJson() failed: InvalidInput
2024-12-09 03:28:07,LEDBrightnessTask
2024-12-09 03:28:07,UDPListenerSendTask
2024-12-09 03:28:07,OLEDDisplayTask
2024-12-09 03:28:07,LEDBrightnessTask
2024-12-09 03:28:07,OLEDDisplayTask
2024-12-09 03:28:07,LEDBrightnessTask
2024-12-09 03:28:07,LEDBrightnessTask
2024-12-09 03:28:07,OLEDDisplayTask
2024-12-09 03:28:07,LEDBrightnessTask
2024-12-09 03:28:07,OLEDDisplayTask
2024-12-09 03:28:07,LEDBrightnessTask
2024-12-09 03:28:07,OLEDDisplayTask
2024-12-09 03:28:07,Received arcValue: 50
2024-12-09 03:28:07,Received valueButton7: 0
2024-12-09 03:28:07,Received valueButton8: 0
2024-12-09 03:28:07,deserializeJson() failed: InvalidInput
2024-12-09 03:28:07,deserializeJson() failed: InvalidInput
2024-12-09 03:28:07,LEDBrightnessTask
2024-12-09 03:28:07,OLEDDisplayTask
2024-12-09 03:28:07,LEDBrightnessTask
2024-12-09 03:28:07,ReadDHT11Task
2024-12-09 03:28:08,OLEDDisplayTask
2024-12-09 03:28:08,LEDBrightnessTask
2024-12-09 03:28:08,OLEDDisplayTask
2024-12-09 03:28:08,Received arcValue: 50
2024-12-09 03:28:08,Received valueButton7: 0
2024-12-09 03:28:08,Received valueButton8: 0
2024-12-09 03:28:08,deserializeJson() failed: InvalidInput
2024-12-09 03:28:08,LEDBrightnessTask
2024-12-09 03:28:08,deserializeJson() failed: InvalidInput
2024-12-09 03:28:08,Mq2Task
2024-12-09 03:28:08,OLEDDisplayTask
2024-12-09 03:28:08,LEDBrightnessTask
2024-12-09 03:28:08,MQ-2 Gas Concentration: 10.45 PPM
2024-12-09 03:28:08,OLEDDisplayTask
2024-12-09 03:28:08,LEDBrightnessTask
2024-12-09 03:28:08,LEDBrightnessTask
2024-12-09 03:28:08,OLEDDisplayTask
2024-12-09 03:28:08,Temperature: 36 °C	Humidity: 47 %
2024-12-09 03:28:08,LEDBrightnessTask
2024-12-09 03:28:08,OLEDDisplayTask
2024-12-09 03:28:08,LEDBrightnessTask
2024-12-09 03:28:08,OLEDDisplayTask
2024-12-09 03:28:08,Received arcValue: 50
2024-12-09 03:28:08,Received valueButton7: 0
2024-12-09 03:28:08,Received valueButton8: 0
2024-12-09 03:28:08,LEDBrightnessTask
2024-12-09 03:28:08,OLEDDisplayTask
2024-12-09 03:28:08,LEDBrightnessTask
2024-12-09 03:28:08,OLEDDisplayTask
2024-12-09 03:28:09,LEDBrightnessTask
2024-12-09 03:28:09,OLEDDisplayTask
2024-12-09 03:28:09,LEDBrightnessTask
2024-12-09 03:28:09,OLEDDisplayTask
2024-12-09 03:28:09,LEDBrightnessTask
2024-12-09 03:28:09,OLEDDisplayTask
2024-12-09 03:28:09,LEDBrightnessTask
2024-12-09 03:28:09,UDPListenerSendTask
2024-12-09 03:28:09,deserializeJson() failed: InvalidInput
2024-12-09 03:28:09,OLEDDisplayTask
2024-12-09 03:28:09,Received arcValue: 50
2024-12-09 03:28:09,Received valueButton7: 0
2024-12-09 03:28:09,Received valueButton8: 0
2024-12-09 03:28:09,LEDBrightnessTask
2024-12-09 03:28:09,OLEDDisplayTask
2024-12-09 03:28:09,LEDBrightnessTask
2024-12-09 03:28:09,OLEDDisplayTask
2024-12-09 03:28:09,LEDBrightnessTask
2024-12-09 03:28:09,Received arcValue: 50
2024-12-09 03:28:09,Received valueButton7: 0
2024-12-09 03:28:09,Received valueButton8: 0
2024-12-09 03:28:09,deserializeJson() failed: InvalidInput
2024-12-09 03:28:09,deserializeJson() failed: InvalidInput
2024-12-09 03:28:09,OLEDDisplayTask
2024-12-09 03:28:09,LEDBrightnessTask
2024-12-09 03:28:09,LEDBrightnessTask
2024-12-09 03:28:09,OLEDDisplayTask
2024-12-09 03:28:09,LEDBrightnessTask
2024-12-09 03:28:09,OLEDDisplayTask
2024-12-09 03:28:10,LEDBrightnessTask
2024-12-09 03:28:10,OLEDDisplayTask
2024-12-09 03:28:10,LEDBrightnessTask
2024-12-09 03:28:10,OLEDDisplayTask
2024-12-09 03:28:10,LEDBrightnessTask
2024-12-09 03:28:10,Mq2Task
2024-12-09 03:28:10,OLEDDisplayTask
2024-12-09 03:28:10,Received arcValue: 50
2024-12-09 03:28:10,Received valueButton7: 0
2024-12-09 03:28:10,Received valueButton8: 0
2024-12-09 03:28:10,MQ-2 Gas Concentration: 12.55 PPM
2024-12-09 03:28:10,LEDBrightnessTask
2024-12-09 03:28:10,OLEDDisplayTask
2024-12-09 03:28:10,LEDBrightnessTask
2024-12-09 03:28:10,ReadDHT11Task
2024-12-09 03:28:10,OLEDDisplayTask
2024-12-09 03:28:10,LEDBrightnessTask
2024-12-09 03:28:10,OLEDDisplayTask
2024-12-09 03:28:10,LEDBrightnessTask
2024-12-09 03:28:10,OLEDDisplayTask
2024-12-09 03:28:10,LEDBrightnessTask
2024-12-09 03:28:10,LEDBrightnessTask
2024-12-09 03:28:10,OLEDDisplayTask
2024-12-09 03:28:10,Received arcValue: 50
2024-12-09 03:28:10,Received valueButton7: 0
2024-12-09 03:28:10,Received valueButton8: 0
2024-12-09 03:28:10,deserializeJson() failed: InvalidInput
2024-12-09 03:28:10,LEDBrightnessTask
2024-12-09 03:28:10,OLEDDisplayTask
2024-12-09 03:28:11,Temperature: 36 °C	Humidity: 47 %
2024-12-09 03:28:11,LEDBrightnessTask
2024-12-09 03:28:11,OLEDDisplayTask
2024-12-09 03:28:11,LEDBrightnessTask
2024-12-09 03:28:11,OLEDDisplayTask
2024-12-09 03:28:11,deserializeJson() failed: InvalidInput
2024-12-09 03:28:11,LEDBrightnessTask
2024-12-09 03:28:11,OLEDDisplayTask
2024-12-09 03:28:11,UDPListenerSendTask
2024-12-09 03:28:11,LEDBrightnessTask
2024-12-09 03:28:11,LEDBrightnessTask
2024-12-09 03:28:11,OLEDDisplayTask
2024-12-09 03:28:11,LEDBrightnessTask
2024-12-09 03:28:11,OLEDDisplayTask
2024-12-09 03:28:11,LEDBrightnessTask
2024-12-09 03:28:11,OLEDDisplayTask
2024-12-09 03:28:11,LEDBrightnessTask
2024-12-09 03:28:11,OLEDDisplayTask
2024-12-09 03:28:11,Received arcValue: 50
2024-12-09 03:28:11,Received valueButton7: 0
2024-12-09 03:28:11,Received valueButton8: 0
2024-12-09 03:28:11,deserializeJson() failed: InvalidInput
2024-12-09 03:28:11,LEDBrightnessTask
2024-12-09 03:28:11,OLEDDisplayTask
2024-12-09 03:28:11,LEDBrightnessTask
2024-12-09 03:28:12,OLEDDisplayTask
2024-12-09 03:28:12,LEDBrightnessTask
2024-12-09 03:28:12,OLEDDisplayTask
2024-12-09 03:28:12,LEDBrightnessTask
2024-12-09 03:28:12,OLEDDisplayTask
2024-12-09 03:28:12,LEDBrightnessTask
2024-12-09 03:28:12,Mq2Task
2024-12-09 03:28:12,MQ-2 Gas Concentration: 9.45 PPM
2024-12-09 03:28:12,LEDBrightnessTask
2024-12-09 03:28:12,OLEDDisplayTask
2024-12-09 03:28:12,Received arcValue: 50
2024-12-09 03:28:12,Received valueButton7: 0
2024-12-09 03:28:12,Received valueButton8: 0
2024-12-09 03:28:12,deserializeJson() failed: InvalidInputLEDBrightnessTask
2024-12-09 03:28:12,OLEDDisplayTask
2024-12-09 03:28:12,LEDBrightnessTask
2024-12-09 03:28:12,OLEDDisplayTask
2024-12-09 03:28:12,LEDBrightnessTask
2024-12-09 03:28:12,OLEDDisplayTask
2024-12-09 03:28:12,Received arcValue: 50
2024-12-09 03:28:12,Received valueButton7: 0
2024-12-09 03:28:12,Received valueButton8: 0
2024-12-09 03:28:12,deserializeJson() failed: InvalidInput
2024-12-09 03:28:12,LEDBrightnessTask
2024-12-09 03:28:12,OLEDDisplayTask
2024-12-09 03:28:12,LEDBrightnessTask
2024-12-09 03:28:12,OLEDDisplayTask
2024-12-09 03:28:13,LEDBrightnessTask
2024-12-09 03:28:13,ReadDHT11Task
2024-12-09 03:28:13,OLEDDisplayTask
2024-12-09 03:28:13,LEDBrightnessTask
2024-12-09 03:28:13,OLEDDisplayTask
2024-12-09 03:28:13,LEDBrightnessTask
2024-12-09 03:28:13,OLEDDisplayTask
2024-12-09 03:28:13,LEDBrightnessTask
2024-12-09 03:28:13,UDPListenerSendTask
2024-12-09 03:28:13,deserializeJson() failed: InvalidInput
2024-12-09 03:28:13,Received arcValue: 50
2024-12-09 03:28:13,Received valueButton7: 0
2024-12-09 03:28:13,Received valueButton8: 0
2024-12-09 03:28:13,OLEDDisplayTask
2024-12-09 03:28:13,deserializeJson() failed: InvalidInput
2024-12-09 03:28:13,deserializeJson() failed: InvalidInput
2024-12-09 03:28:13,LEDBrightnessTask
2024-12-09 03:28:13,OLEDDisplayTask
2024-12-09 03:28:13,LEDBrightnessTask
2024-12-09 03:28:13,Temperature: 36 °C	Humidity: 46 %
2024-12-09 03:28:13,OLEDDisplayTask
2024-12-09 03:28:13,LEDBrightnessTask
2024-12-09 03:28:13,Received arcValue: 50
2024-12-09 03:28:13,Received valueButton7: 0
2024-12-09 03:28:13,Received valueButton8: 0
2024-12-09 03:28:13,deserializeJson() failed: InvalidInput
2024-12-09 03:28:13,OLEDDisplayTask
2024-12-09 03:28:13,LEDBrightnessTask
2024-12-09 03:28:13,LEDBrightnessTask
2024-12-09 03:28:13,OLEDDisplayTask
2024-12-09 03:28:13,LEDBrightnessTask
2024-12-09 03:28:13,OLEDDisplayTask
2024-12-09 03:28:14,LEDBrightnessTask
2024-12-09 03:28:14,OLEDDisplayTask
2024-12-09 03:28:14,LEDBrightnessTask
2024-12-09 03:28:14,OLEDDisplayTask
2024-12-09 03:28:14,LEDBrightnessTask
2024-12-09 03:28:14,OLEDDisplayTask
2024-12-09 03:28:14,Received arcValue: 50
2024-12-09 03:28:14,Received valueButton7: 0
2024-12-09 03:28:14,Received valueButton8: 0
2024-12-09 03:28:14,LEDBrightnessTask
2024-12-09 03:28:14,Mq2Task
2024-12-09 03:28:14,OLEDDisplayTask
2024-12-09 03:28:14,MQ-2 Gas Concentration: 10.42 PPM
2024-12-09 03:28:14,LEDBrightnessTask
2024-12-09 03:28:14,OLEDDisplayTask
2024-12-09 03:28:14,LEDBrightnessTask
2024-12-09 03:28:14,OLEDDisplayTask
2024-12-09 03:28:14,LEDBrightnessTask
2024-12-09 03:28:14,OLEDDisplayTask
2024-12-09 03:28:14,LEDBrightnessTask
2024-12-09 03:28:14,LEDBrightnessTask
2024-12-09 03:28:14,OLEDDisplayTask
2024-12-09 03:28:14,deserializeJson() failed: InvalidInput
2024-12-09 03:28:14,LEDBrightnessTask
2024-12-09 03:28:14,OLEDDisplayTask
2024-12-09 03:28:15,LEDBrightnessTask
2024-12-09 03:28:15,OLEDDisplayTask
2024-12-09 03:28:15,LEDBrightnessTask
2024-12-09 03:28:15,OLEDDisplayTask
2024-12-09 03:28:15,Received arcValue: 50
2024-12-09 03:28:15,Received valueButton7: 0
2024-12-09 03:28:15,Received valueButton8: 0
2024-12-09 03:28:15,LEDBrightnessTask
2024-12-09 03:28:15,OLEDDisplayTask
2024-12-09 03:28:15,UDPListenerSendTask
2024-12-09 03:28:15,LEDBrightnessTask
2024-12-09 03:28:15,OLEDDisplayTask
2024-12-09 03:28:15,LEDBrightnessTask
2024-12-09 03:28:15,OLEDDisplayTask
2024-12-09 03:28:15,ReadDHT11Task
2024-12-09 03:28:15,LEDBrightnessTask
2024-12-09 03:28:15,OLEDDisplayTask
2024-12-09 03:28:15,LEDBrightnessTask
2024-12-09 03:28:15,OLEDDisplayTask
2024-12-09 03:28:15,LEDBrightnessTask
2024-12-09 03:28:15,Received arcValue: 50
2024-12-09 03:28:15,Received valueButton7: 0
2024-12-09 03:28:15,Received valueButton8: 0
2024-12-09 03:28:15,deserializeJson() failed: InvalidInput
2024-12-09 03:28:15,deserializeJson() failed: InvalidInput
2024-12-09 03:28:15,OLEDDisplayTask
2024-12-09 03:28:15,LEDBrightnessTask
2024-12-09 03:28:15,LEDBrightnessTask
2024-12-09 03:28:15,OLEDDisplayTask
2024-12-09 03:28:16,Temperature: 36 °C	Humidity: 46 %
2024-12-09 03:28:16,LEDBrightnessTask
2024-12-09 03:28:16,OLEDDisplayTask
2024-12-09 03:28:16,LEDBrightnessTask
2024-12-09 03:28:16,OLEDDisplayTask
2024-12-09 03:28:16,LEDBrightnessTask
2024-12-09 03:28:16,OLEDDisplayTask
2024-12-09 03:28:16,LEDBrightnessTask
2024-12-09 03:28:16,Mq2Task
2024-12-09 03:28:16,OLEDDisplayTask
2024-12-09 03:28:16,MQ-2 Gas Concentration: 11.28 PPM
2024-12-09 03:28:16,Received arcValue: 50
2024-12-09 03:28:16,Received valueButton7: 0
2024-12-09 03:28:16,Received valueButton8: 0
2024-12-09 03:28:16,deserializeJson() failed: InvalidInput
2024-12-09 03:28:16,LEDBrightnessTask
2024-12-09 03:28:16,OLEDDisplayTask
2024-12-09 03:28:16,LEDBrightnessTask
2024-12-09 03:28:16,LEDBrightnessTask
2024-12-09 03:28:16,OLEDDisplayTask
2024-12-09 03:28:16,Received arcValue: 50
2024-12-09 03:28:16,Received valueButton7: 2
2024-12-09 03:28:16,Received valueButton8: 0
2024-12-09 03:28:16,deserializeJson() failed: InvalidInput
2024-12-09 03:28:16,LEDBrightnessTask
2024-12-09 03:28:16,OLEDDisplayTask
2024-12-09 03:28:16,LEDBrightnessTask
2024-12-09 03:28:16,OLEDDisplayTask
2024-12-09 03:28:16,LEDBrightnessTask
2024-12-09 03:28:17,LEDBrightnessTask
2024-12-09 03:28:17,OLEDDisplayTask
2024-12-09 03:28:17,LEDBrightnessTask
2024-12-09 03:28:17,OLEDDisplayTask
2024-12-09 03:28:17,LEDBrightnessTask
2024-12-09 03:28:17,OLEDDisplayTask
2024-12-09 03:28:17,UDPListenerSendTask
2024-12-09 03:28:17,deserializeJson() failed: InvalidInput
2024-12-09 03:28:17,Received arcValue: 50
2024-12-09 03:28:17,Received valueButton7: 2
2024-12-09 03:28:17,Received valueButton8: 0
2024-12-09 03:28:17,deserializeJson() failed: InvalidInput
2024-12-09 03:28:17,LEDBrightnessTask
2024-12-09 03:28:17,deserializeJson() failed: InvalidInput
2024-12-09 03:28:17,OLEDDisplayTask
2024-12-09 03:28:17,LEDBrightnessTask
2024-12-09 03:28:17,OLEDDisplayTask
2024-12-09 03:28:17,LEDBrightnessTask
2024-12-09 03:28:17,OLEDDisplayTask
2024-12-09 03:28:17,Received arcValue: 50
2024-12-09 03:28:17,Received valueButton7: 0
2024-12-09 03:28:17,Received valueButton8: 2
2024-12-09 03:28:17,deserializeJson() failed: InvalidInput
2024-12-09 03:28:17,LEDBrightnessTask
2024-12-09 03:28:17,OLEDDisplayTask
2024-12-09 03:28:17,LEDBrightnessTask
2024-12-09 03:28:17,OLEDDisplayTask
2024-12-09 03:28:17,LEDBrightnessTask
2024-12-09 03:28:18,OLEDDisplayTask
2024-12-09 03:28:18,LEDBrightnessTask
2024-12-09 03:28:18,ReadDHT11Task
2024-12-09 03:28:18,OLEDDisplayTask
2024-12-09 03:28:18,LEDBrightnessTask
2024-12-09 03:28:18,OLEDDisplayTask
2024-12-09 03:28:18,LEDBrightnessTask
2024-12-09 03:28:18,Received arcValue: 50
2024-12-09 03:28:18,Received valueButton7: 0
2024-12-09 03:28:18,Received valueButton8: 2
2024-12-09 03:28:18,OLEDDisplayTask
2024-12-09 03:28:18,LEDBrightnessTask
2024-12-09 03:28:18,Mq2Task
2024-12-09 03:28:18,LEDBrightnessTask
2024-12-09 03:28:18,OLEDDisplayTask
2024-12-09 03:28:18,MQ-2 Gas Concentration: 13.52 PPM
2024-12-09 03:28:18,LEDBrightnessTask
2024-12-09 03:28:18,OLEDDisplayTask
2024-12-09 03:28:18,Temperature: 36 °C	Humidity: 46 %
2024-12-09 03:28:18,LEDBrightnessTask
2024-12-09 03:28:18,OLEDDisplayTask
2024-12-09 03:28:18,LEDBrightnessTask
2024-12-09 03:28:18,OLEDDisplayTask
2024-12-09 03:28:18,LEDBrightnessTask
2024-12-09 03:28:18,Received arcValue: 50
2024-12-09 03:28:18,Received valueButton7: 0
2024-12-09 03:28:18,Received valueButton8: 0
2024-12-09 03:28:18,deserializeJson() failed: InvalidInput
2024-12-09 03:28:18,OLEDDisplayTask
2024-12-09 03:28:18,LEDBrightnessTask
2024-12-09 03:28:19,OLEDDisplayTask
2024-12-09 03:28:19,LEDBrightnessTask
2024-12-09 03:28:19,OLEDDisplayTask
2024-12-09 03:28:19,LEDBrightnessTask
2024-12-09 03:28:19,Received arcValue: 50
2024-12-09 03:28:19,Received valueButton7: 0
2024-12-09 03:28:19,Received valueButton8: 0
2024-12-09 03:28:19,deserializeJson() failed: InvalidInput
2024-12-09 03:28:19,deserializeJson() failed: InvalidInput
2024-12-09 03:28:19,OLEDDisplayTask
2024-12-09 03:28:19,LEDBrightnessTask
2024-12-09 03:28:19,UDPListenerSendTask
2024-12-09 03:28:19,LEDBrightnessTask
2024-12-09 03:28:19,OLEDDisplayTask
2024-12-09 03:28:19,LEDBrightnessTask
2024-12-09 03:28:19,OLEDDisplayTask
2024-12-09 03:28:19,LEDBrightnessTask
2024-12-09 03:28:19,OLEDDisplayTask
2024-12-09 03:28:19,LEDBrightnessTask
2024-12-09 03:28:19,OLEDDisplayTask
2024-12-09 03:28:19,LEDBrightnessTask
2024-12-09 03:28:19,OLEDDisplayTask
2024-12-09 03:28:19,Received arcValue: 50
2024-12-09 03:28:19,Received valueButton7: 0
2024-12-09 03:28:19,Received valueButton8: 0
2024-12-09 03:28:19,deserializeJson() failed: InvalidInput
2024-12-09 03:28:19,LEDBrightnessTask
2024-12-09 03:28:19,OLEDDisplayTask
2024-12-09 03:28:19,LEDBrightnessTask
2024-12-09 03:28:20,OLEDDisplayTask
2024-12-09 03:28:20,LEDBrightnessTask
2024-12-09 03:28:20,OLEDDisplayTask
2024-12-09 03:28:20,LEDBrightnessTask
2024-12-09 03:28:20,OLEDDisplayTask
2024-12-09 03:28:20,LEDBrightnessTask
2024-12-09 03:28:20,OLEDDisplayTask
2024-12-09 03:28:20,LEDBrightnessTask
2024-12-09 03:28:20,Received arcValue: 50
2024-12-09 03:28:20,Received valueButton7: 0
2024-12-09 03:28:20,Received valueButton8: 0
2024-12-09 03:28:20,deserializeJson() failed: InvalidInput
2024-12-09 03:28:20,LEDBrightnessTask
2024-12-09 03:28:20,OLEDDisplayTask
2024-12-09 03:28:20,Mq2Task
2024-12-09 03:28:20,LEDBrightnessTask
2024-12-09 03:28:20,ReadDHT11Task
2024-12-09 03:28:20,OLEDDisplayTask
2024-12-09 03:28:20,MQ-2 Gas Concentration: 10.64 PPM
2024-12-09 03:28:20,LEDBrightnessTask
2024-12-09 03:28:20,OLEDDisplayTask
2024-12-09 03:28:20,Received arcValue: 50
2024-12-09 03:28:20,Received valueButton7: 0
2024-12-09 03:28:20,Received valueButton8: 0
2024-12-09 03:28:20,deserializeJson() failed: InvalidInput
2024-12-09 03:28:20,LEDBrightnessTask
2024-12-09 03:28:20,OLEDDisplayTask
2024-12-09 03:28:20,LEDBrightnessTask
2024-12-09 03:28:20,LEDBrightnessTask
2024-12-09 03:28:21,OLEDDisplayTask
2024-12-09 03:28:21,LEDBrightnessTask
2024-12-09 03:28:21,Temperature: 36 °C	Humidity: 46 %
2024-12-09 03:28:21,OLEDDisplayTask
2024-12-09 03:28:21,LEDBrightnessTask
2024-12-09 03:28:21,OLEDDisplayTask
2024-12-09 03:28:21,LEDBrightnessTask
2024-12-09 03:28:21,OLEDDisplayTask
2024-12-09 03:28:21,UDPListenerSendTask
2024-12-09 03:28:21,Received arcValue: 50
2024-12-09 03:28:21,Received valueButton7: 0
2024-12-09 03:28:21,Received valueButton8: 0
2024-12-09 03:28:21,deserializeJson() failed: InvalidInput
2024-12-09 03:28:21,LEDBrightnessTask
2024-12-09 03:28:21,OLEDDisplayTask
2024-12-09 03:28:21,LEDBrightnessTask
2024-12-09 03:28:21,LEDBrightnessTask
2024-12-09 03:28:21,OLEDDisplayTask
2024-12-09 03:28:21,LEDBrightnessTask
2024-12-09 03:28:21,OLEDDisplayTask
2024-12-09 03:28:21,LEDBrightnessTask
2024-12-09 03:28:21,LEDBrightnessTask
2024-12-09 03:28:21,OLEDDisplayTask
2024-12-09 03:28:21,Received arcValue: 50
2024-12-09 03:28:21,Received valueButton7: 0
2024-12-09 03:28:21,Received valueButton8: 0
2024-12-09 03:28:21,deserializeJson() failed: InvalidInput
2024-12-09 03:28:21,deserializeJson() failed: InvalidInput
2024-12-09 03:28:22,deserializeJson() failed: InvalidInput
2024-12-09 03:28:22,LEDBrightnessTask
2024-12-09 03:28:22,OLEDDisplayTask
2024-12-09 03:28:22,LEDBrightnessTask
2024-12-09 03:28:22,OLEDDisplayTask
2024-12-09 03:28:22,LEDBrightnessTask
2024-12-09 03:28:22,OLEDDisplayTask
2024-12-09 03:28:22,Received arcValue: 50
2024-12-09 03:28:22,Received valueButton7: 0
2024-12-09 03:28:22,Received valueButton8: 0
2024-12-09 03:28:22,LEDBrightnessTask
2024-12-09 03:28:22,OLEDDisplayTask
2024-12-09 03:28:22,LEDBrightnessTask
2024-12-09 03:28:22,OLEDDisplayTask
2024-12-09 03:28:22,LEDBrightnessTask
2024-12-09 03:28:22,OLEDDisplayTask
2024-12-09 03:28:22,LEDBrightnessTask
2024-12-09 03:28:22,Mq2Task
2024-12-09 03:28:22,LEDBrightnessTask
2024-12-09 03:28:22,OLEDDisplayTask
2024-12-09 03:28:22,MQ-2 Gas Concentration: 12.31 PPM
2024-12-09 03:28:22,LEDBrightnessTask
2024-12-09 03:28:22,OLEDDisplayTask
2024-12-09 03:28:22,Received arcValue: 50
2024-12-09 03:28:22,Received valueButton7: 0
2024-12-09 03:28:22,Received valueButton8: 0
2024-12-09 03:28:22,deserializeJson() failed: InvalidInput
2024-12-09 03:28:22,LEDBrightnessTask
2024-12-09 03:28:22,OLEDDisplayTask
2024-12-09 03:28:23,LEDBrightnessTask
2024-12-09 03:28:23,OLEDDisplayTask
2024-12-09 03:28:23,ReadDHT11Task
2024-12-09 03:28:23,LEDBrightnessTask
2024-12-09 03:28:23,OLEDDisplayTask
2024-12-09 03:28:23,Received arcValue: 50
2024-12-09 03:28:23,Received valueButton7: 0
2024-12-09 03:28:23,Received valueButton8: 0
2024-12-09 03:28:23,deserializeJson() failed: InvalidInput
2024-12-09 03:28:23,LEDBrightnessTask
2024-12-09 03:28:23,deserializeJson() failed: InvalidInput
2024-12-09 03:28:23,OLEDDisplayTask
2024-12-09 03:28:23,LEDBrightnessTask
2024-12-09 03:28:23,UDPListenerSendTask
2024-12-09 03:28:23,LEDBrightnessTask
2024-12-09 03:28:23,OLEDDisplayTask
2024-12-09 03:28:23,LEDBrightnessTask
2024-12-09 03:28:23,OLEDDisplayTask
2024-12-09 03:28:23,LEDBrightnessTask
2024-12-09 03:28:23,Temperature: 36 °C	Humidity: 46 %
2024-12-09 03:28:23,OLEDDisplayTask
2024-12-09 03:28:23,LEDBrightnessTask
2024-12-09 03:28:23,OLEDDisplayTask
2024-12-09 03:28:23,Received arcValue: 42
2024-12-09 03:28:23,Received valueButton7: 0
2024-12-09 03:28:23,Received valueButton8: 0
2024-12-09 03:28:23,deserializeJson() failed: InvalidInput
2024-12-09 03:28:23,LEDBrightnessTask
2024-12-09 03:28:23,OLEDDisplayTask
2024-12-09 03:28:23,LEDBrightnessTask
2024-12-09 03:28:23,OLEDDisplayTask
2024-12-09 03:28:24,LEDBrightnessTask
2024-12-09 03:28:24,OLEDDisplayTask
2024-12-09 03:28:24,LEDBrightnessTask
2024-12-09 03:28:24,OLEDDisplayTask
2024-12-09 03:28:24,LEDBrightnessTask
2024-12-09 03:28:24,LEDBrightnessTask
2024-12-09 03:28:24,OLEDDisplayTask
2024-12-09 03:28:24,LEDBrightnessTask
2024-12-09 03:28:24,deserializeJson() failed: InvalidInput
2024-12-09 03:28:24,OLEDDisplayTask
2024-12-09 03:28:24,LEDBrightnessTask
2024-12-09 03:28:24,OLEDDisplayTask
2024-12-09 03:28:24,LEDBrightnessTask
2024-12-09 03:28:24,OLEDDisplayTask
2024-12-09 03:28:24,Mq2Task
2024-12-09 03:28:24,Received arcValue: 16
2024-12-09 03:28:24,Received valueButton7: 0
2024-12-09 03:28:24,Received valueButton8: 0
2024-12-09 03:28:24,LEDBrightnessTask
2024-12-09 03:28:24,MQ-2 Gas Concentration: 14.21 PPM
2024-12-09 03:28:24,OLEDDisplayTask
2024-12-09 03:28:24,LEDBrightnessTask
2024-12-09 03:28:24,OLEDDisplayTask
2024-12-09 03:28:24,LEDBrightnessTask
2024-12-09 03:28:25,OLEDDisplayTask
2024-12-09 03:28:25,LEDBrightnessTask
2024-12-09 03:28:25,OLEDDisplayTask
2024-12-09 03:28:25,LEDBrightnessTask
2024-12-09 03:28:25,OLEDDisplayTask
2024-12-09 03:28:25,LEDBrightnessTask
2024-12-09 03:28:25,OLEDDisplayTask
2024-12-09 03:28:25,Received arcValue: 16
2024-12-09 03:28:25,Received valueButton7: 0
2024-12-09 03:28:25,Received valueButton8: 0
2024-12-09 03:28:25,deserializeJson() failed: InvalidInput
2024-12-09 03:28:25,UDPListenerSendTask
2024-12-09 03:28:25,LEDBrightnessTask
2024-12-09 03:28:25,OLEDDisplayTask
2024-12-09 03:28:25,LEDBrightnessTask
2024-12-09 03:28:25,OLEDDisplayTask
2024-12-09 03:28:25,LEDBrightnessTask
2024-12-09 03:28:25,ReadDHT11Task
2024-12-09 03:28:25,OLEDDisplayTask
2024-12-09 03:28:25,LEDBrightnessTask
2024-12-09 03:28:25,LEDBrightnessTask
2024-12-09 03:28:25,OLEDDisplayTask
2024-12-09 03:28:25,LEDBrightnessTask
2024-12-09 03:28:25,OLEDDisplayTask
2024-12-09 03:28:25,Received arcValue: 16
2024-12-09 03:28:25,Received valueButton7: 0
2024-12-09 03:28:25,Received valueButton8: 0
2024-12-09 03:28:25,deserializeJson() failed: InvalidInput
2024-12-09 03:28:25,deserializeJson() failed: InvalidInput
2024-12-09 03:28:26,LEDBrightnessTask
2024-12-09 03:28:26,OLEDDisplayTask
2024-12-09 03:28:26,LEDBrightnessTask
2024-12-09 03:28:26,Temperature: 36 °C	Humidity: 45 %
2024-12-09 03:28:26,LEDBrightnessTask
2024-12-09 03:28:26,OLEDDisplayTask
2024-12-09 03:28:26,Received arcValue: 16
2024-12-09 03:28:26,Received valueButton7: 0
2024-12-09 03:28:26,Received valueButton8: 0
2024-12-09 03:28:26,deserializeJson() failed: InvalidInput
2024-12-09 03:28:26,LEDBrightnessTask
2024-12-09 03:28:26,OLEDDisplayTask
2024-12-09 03:28:26,LEDBrightnessTask
2024-12-09 03:28:26,OLEDDisplayTask
2024-12-09 03:28:26,LEDBrightnessTask
2024-12-09 03:28:26,OLEDDisplayTask
2024-12-09 03:28:26,LEDBrightnessTask
2024-12-09 03:28:26,OLEDDisplayTask
2024-12-09 03:28:26,Mq2Task
2024-12-09 03:28:26,LEDBrightnessTask
2024-12-09 03:28:26,OLEDDisplayTask
2024-12-09 03:28:26,MQ-2 Gas Concentration: 11.37 PPM
2024-12-09 03:28:26,LEDBrightnessTask
2024-12-09 03:28:26,Received arcValue: 31
2024-12-09 03:28:26,Received valueButton7: 0
2024-12-09 03:28:26,Received valueButton8: 0
2024-12-09 03:28:26,deserializeJson() failed: InvalidInput
2024-12-09 03:28:26,OLEDDisplayTask
2024-12-09 03:28:26,LEDBrightnessTask
2024-12-09 03:28:27,OLEDDisplayTask
2024-12-09 03:28:27,LEDBrightnessTask
2024-12-09 03:28:27,OLEDDisplayTask
2024-12-09 03:28:27,LEDBrightnessTask
2024-12-09 03:28:27,Received arcValue: 52
2024-12-09 03:28:27,Received valueButton7: 0
2024-12-09 03:28:27,Received valueButton8: 0
2024-12-09 03:28:27,deserializeJson() failed: InvalidInput
2024-12-09 03:28:27,deserializeJson() failed: InvalidInput
2024-12-09 03:28:27,OLEDDisplayTask
2024-12-09 03:28:27,LEDBrightnessTask
2024-12-09 03:28:27,OLEDDisplayTask
2024-12-09 03:28:27,UDPListenerSendTask
2024-12-09 03:28:27,LEDBrightnessTask
2024-12-09 03:28:27,OLEDDisplayTask
2024-12-09 03:28:27,LEDBrightnessTask
2024-12-09 03:28:27,OLEDDisplayTask
2024-12-09 03:28:27,LEDBrightnessTask
2024-12-09 03:28:27,OLEDDisplayTask
2024-12-09 03:28:27,LEDBrightnessTask
2024-12-09 03:28:27,LEDBrightnessTask
2024-12-09 03:28:27,OLEDDisplayTask
2024-12-09 03:28:27,Received arcValue: 90
2024-12-09 03:28:27,Received valueButton7: 0
2024-12-09 03:28:27,Received valueButton8: 0
2024-12-09 03:28:27,deserializeJson() failed: InvalidInput
2024-12-09 03:28:27,LEDBrightnessTask
2024-12-09 03:28:27,OLEDDisplayTask
2024-12-09 03:28:28,LEDBrightnessTask
2024-12-09 03:28:28,OLEDDisplayTask
2024-12-09 03:28:28,LEDBrightnessTask
2024-12-09 03:28:28,OLEDDisplayTask
2024-12-09 03:28:28,ReadDHT11Task
2024-12-09 03:28:28,LEDBrightnessTask
2024-12-09 03:28:28,OLEDDisplayTask
2024-12-09 03:28:28,LEDBrightnessTask
2024-12-09 03:28:28,OLEDDisplayTask
2024-12-09 03:28:28,deserializeJson() failed: InvalidInput
2024-12-09 03:28:28,LEDBrightnessTask
2024-12-09 03:28:28,OLEDDisplayTask
2024-12-09 03:28:28,LEDBrightnessTask
2024-12-09 03:28:28,OLEDDisplayTask
2024-12-09 03:28:28,LEDBrightnessTask
2024-12-09 03:28:28,Temperature: 36 °C	Humidity: 45 %
2024-12-09 03:28:28,OLEDDisplayTask
2024-12-09 03:28:28,Received arcValue: 90
2024-12-09 03:28:28,Received valueButton7: 0
2024-12-09 03:28:28,Received valueButton8: 0
2024-12-09 03:28:28,LEDBrightnessTask
2024-12-09 03:28:28,deserializeJson() failed: InvalidInput
2024-12-09 03:28:28,Mq2Task
2024-12-09 03:28:28,OLEDDisplayTask
2024-12-09 03:28:28,LEDBrightnessTask
2024-12-09 03:28:28,MQ-2 Gas Concentration: 10.86 PPM
2024-12-09 03:28:28,OLEDDisplayTask
2024-12-09 03:28:28,LEDBrightnessTask
2024-12-09 03:28:29,LEDBrightnessTask
2024-12-09 03:28:29,OLEDDisplayTask
2024-12-09 03:28:29,LEDBrightnessTask
2024-12-09 03:28:29,OLEDDisplayTask
2024-12-09 03:28:29,LEDBrightnessTask
2024-12-09 03:28:29,OLEDDisplayTask
2024-12-09 03:28:29,Received arcValue: 50
2024-12-09 03:28:29,Received valueButton7: 0
2024-12-09 03:28:29,Received valueButton8: 0
2024-12-09 03:28:29,UDPListenerSendTask
2024-12-09 03:28:29,LEDBrightnessTask
2024-12-09 03:28:29,OLEDDisplayTask
2024-12-09 03:28:29,LEDBrightnessTask
2024-12-09 03:28:29,OLEDDisplayTask
2024-12-09 03:28:29,LEDBrightnessTask
2024-12-09 03:28:29,OLEDDisplayTask
2024-12-09 03:28:29,LEDBrightnessTask
2024-12-09 03:28:29,OLEDDisplayTask
2024-12-09 03:28:29,LEDBrightnessTask
2024-12-09 03:28:29,OLEDDisplayTask
2024-12-09 03:28:29,LEDBrightnessTask
2024-12-09 03:28:29,Received arcValue: 1
2024-12-09 03:28:29,Received valueButton7: 0
2024-12-09 03:28:29,Received valueButton8: 0
2024-12-09 03:28:29,deserializeJson() failed: InvalidInput
2024-12-09 03:28:29,deserializeJson() failed: InvalidInput
2024-12-09 03:28:29,OLEDDisplayTask
2024-12-09 03:28:30,LEDBrightnessTask
2024-12-09 03:28:30,OLEDDisplayTask
2024-12-09 03:28:30,LEDBrightnessTask
2024-12-09 03:28:30,OLEDDisplayTask
2024-12-09 03:28:30,LEDBrightnessTask
2024-12-09 03:28:30,Received arcValue: 5
2024-12-09 03:28:30,Received valueButton7: 0
2024-12-09 03:28:30,Received valueButton8: 0
2024-12-09 03:28:30,deserializeJson() failed: InvalidInput
2024-12-09 03:28:30,OLEDDisplayTask
2024-12-09 03:28:30,LEDBrightnessTask
2024-12-09 03:28:30,OLEDDisplayTask
2024-12-09 03:28:30,LEDBrightnessTask
2024-12-09 03:28:30,OLEDDisplayTask
2024-12-09 03:28:30,LEDBrightnessTask
2024-12-09 03:28:30,LEDBrightnessTask
2024-12-09 03:28:30,OLEDDisplayTask
2024-12-09 03:28:30,ReadDHT11Task
2024-12-09 03:28:30,LEDBrightnessTask
2024-12-09 03:28:30,OLEDDisplayTask
2024-12-09 03:28:30,LEDBrightnessTask
2024-12-09 03:28:30,Mq2Task
2024-12-09 03:28:30,OLEDDisplayTask
2024-12-09 03:28:30,Received arcValue: 53
2024-12-09 03:28:30,Received valueButton7: 0
2024-12-09 03:28:30,Received valueButton8: 0
2024-12-09 03:28:30,deserializeJson() failed: InvalidInput
2024-12-09 03:28:30,MQ-2 Gas Concentration: 15.75 PPM
2024-12-09 03:28:30,LEDBrightnessTask
2024-12-09 03:28:30,OLEDDisplayTask
2024-12-09 03:28:31,LEDBrightnessTask
2024-12-09 03:28:31,OLEDDisplayTask
2024-12-09 03:28:31,LEDBrightnessTask
2024-12-09 03:28:31,Received arcValue: 47
2024-12-09 03:28:31,Received valueButton7: 0
2024-12-09 03:28:31,Received valueButton8: 0
2024-12-09 03:28:31,deserializeJson() failed: InvalidInput
2024-12-09 03:28:31,Temperature: 36 °C	Humidity: 45 %
2024-12-09 03:28:31,deserializeJson() failed: InvalidInput
2024-12-09 03:28:31,OLEDDisplayTask
2024-12-09 03:28:31,LEDBrightnessTask
2024-12-09 03:28:31,OLEDDisplayTask
2024-12-09 03:28:31,LEDBrightnessTask
2024-12-09 03:28:31,UDPListenerSendTask
2024-12-09 03:28:31,OLEDDisplayTask
2024-12-09 03:28:31,LEDBrightnessTask
2024-12-09 03:28:31,LEDBrightnessTask
2024-12-09 03:28:31,OLEDDisplayTask
2024-12-09 03:28:31,LEDBrightnessTask
2024-12-09 03:28:31,OLEDDisplayTask
2024-12-09 03:28:31,LEDBrightnessTask
2024-12-09 03:28:31,OLEDDisplayTask
2024-12-09 03:28:31,Received arcValue: 48
2024-12-09 03:28:31,Received valueButton7: 0
2024-12-09 03:28:31,Received valueButton8: 0
2024-12-09 03:28:31,deserializeJson() failed: InvalidInput
2024-12-09 03:28:31,LEDBrightnessTask
2024-12-09 03:28:31,OLEDDisplayTask
2024-12-09 03:28:31,LEDBrightnessTask
2024-12-09 03:28:32,LEDBrightnessTask
2024-12-09 03:28:32,OLEDDisplayTask
2024-12-09 03:28:32,LEDBrightnessTask
2024-12-09 03:28:32,OLEDDisplayTask
2024-12-09 03:28:32,LEDBrightnessTask
2024-12-09 03:28:32,OLEDDisplayTask
2024-12-09 03:28:32,LEDBrightnessTask
2024-12-09 03:28:32,OLEDDisplayTask
2024-12-09 03:28:32,Received arcValue: 48
2024-12-09 03:28:32,Received valueButton7: 0
2024-12-09 03:28:32,Received valueButton8: 0
2024-12-09 03:28:32,deserializeJson() failed: InvalidInput
2024-12-09 03:28:32,LEDBrightnessTask
2024-12-09 03:28:32,OLEDDisplayTask
2024-12-09 03:28:32,LEDBrightnessTask
2024-12-09 03:28:32,LEDBrightnessTask
2024-12-09 03:28:32,OLEDDisplayTask
2024-12-09 03:28:32,Received arcValue: 48
2024-12-09 03:28:32,Received valueButton7: 0
2024-12-09 03:28:32,Received valueButton8: 0
2024-12-09 03:28:32,deserializeJson() failed: InvalidInput
2024-12-09 03:28:32,deserializeJson() failed: InvalidInput
2024-12-09 03:28:32,LEDBrightnessTask
2024-12-09 03:28:32,OLEDDisplayTask
2024-12-09 03:28:32,LEDBrightnessTask
2024-12-09 03:28:32,OLEDDisplayTask
2024-12-09 03:28:32,Mq2Task
2024-12-09 03:28:32,MQ-2 Gas Concentration: 12.04 PPM
2024-12-09 03:28:32,LEDBrightnessTask
2024-12-09 03:28:33,OLEDDisplayTask
2024-12-09 03:28:33,LEDBrightnessTask
2024-12-09 03:28:33,OLEDDisplayTask
2024-12-09 03:28:33,LEDBrightnessTask
2024-12-09 03:28:33,ReadDHT11Task
2024-12-09 03:28:33,OLEDDisplayTask
2024-12-09 03:28:33,LEDBrightnessTask
2024-12-09 03:28:33,Received arcValue: 48
2024-12-09 03:28:33,Received valueButton7: 0
2024-12-09 03:28:33,Received valueButton8: 0
2024-12-09 03:28:33,OLEDDisplayTask
2024-12-09 03:28:33,UDPListenerSendTask
2024-12-09 03:28:33,LEDBrightnessTask
2024-12-09 03:28:33,OLEDDisplayTask
2024-12-09 03:28:33,LEDBrightnessTask
2024-12-09 03:28:33,OLEDDisplayTask
2024-12-09 03:28:33,LEDBrightnessTask
2024-12-09 03:28:33,OLEDDisplayTask
2024-12-09 03:28:33,LEDBrightnessTask
2024-12-09 03:28:33,Temperature: 36 °C	Humidity: 45 %
2024-12-09 03:28:33,OLEDDisplayTask
2024-12-09 03:28:33,LEDBrightnessTask
2024-12-09 03:28:33,OLEDDisplayTask
2024-12-09 03:28:33,LEDBrightnessTask
2024-12-09 03:28:33,Received arcValue: 48
2024-12-09 03:28:33,Received valueButton7: 0
2024-12-09 03:28:33,Received valueButton8: 0
2024-12-09 03:28:33,deserializeJson() failed: InvalidInput
2024-12-09 03:28:33,deserializeJson() failed: InvalidInput
2024-12-09 03:28:34,LEDBrightnessTask
2024-12-09 03:28:34,OLEDDisplayTask
2024-12-09 03:28:34,LEDBrightnessTask
2024-12-09 03:28:34,OLEDDisplayTask
2024-12-09 03:28:34,LEDBrightnessTask
2024-12-09 03:28:34,OLEDDisplayTask
2024-12-09 03:28:34,Received arcValue: 48
2024-12-09 03:28:34,Received valueButton7: 0
2024-12-09 03:28:34,Received valueButton8: 0
2024-12-09 03:28:34,deserializeJson() failed: InvalidInput
2024-12-09 03:28:34,deserializeJson() failed: InvalidInput
2024-12-09 03:28:34,LEDBrightnessTask
2024-12-09 03:28:34,OLEDDisplayTask
2024-12-09 03:28:34,LEDBrightnessTask
2024-12-09 03:28:34,LEDBrightnessTask
2024-12-09 03:28:34,OLEDDisplayTask
2024-12-09 03:28:34,LEDBrightnessTask
2024-12-09 03:28:34,OLEDDisplayTask
2024-12-09 03:28:34,LEDBrightnessTask
2024-12-09 03:28:34,OLEDDisplayTask
2024-12-09 03:28:34,LEDBrightnessTask
2024-12-09 03:28:34,OLEDDisplayTask
2024-12-09 03:28:34,Received arcValue: 48
2024-12-09 03:28:34,Received valueButton7: 0
2024-12-09 03:28:34,Received valueButton8: 0
2024-12-09 03:28:34,LEDBrightnessTask
2024-12-09 03:28:34,Mq2Task
2024-12-09 03:28:34,OLEDDisplayTask
2024-12-09 03:28:34,MQ-2 Gas Concentration: 10.75 PPM
2024-12-09 03:28:35,LEDBrightnessTask
2024-12-09 03:28:35,OLEDDisplayTask
2024-12-09 03:28:35,LEDBrightnessTask
2024-12-09 03:28:35,OLEDDisplayTask
2024-12-09 03:28:35,LEDBrightnessTask
2024-12-09 03:28:35,LEDBrightnessTask
2024-12-09 03:28:35,OLEDDisplayTask
2024-12-09 03:28:35,UDPListenerSendTask
2024-12-09 03:28:35,deserializeJson() failed: InvalidInput
2024-12-09 03:28:35,LEDBrightnessTask
2024-12-09 03:28:35,OLEDDisplayTask
2024-12-09 03:28:35,Received arcValue: 48
2024-12-09 03:28:35,Received valueButton7: 0
2024-12-09 03:28:35,Received valueButton8: 0
2024-12-09 03:28:35,deserializeJson() failed: InvalidInput
2024-12-09 03:28:35,LEDBrightnessTask
2024-12-09 03:28:35,OLEDDisplayTask
2024-12-09 03:28:35,deserializeJson() failed: InvalidInput
2024-12-09 03:28:35,LEDBrightnessTask
2024-12-09 03:28:35,OLEDDisplayTask
2024-12-09 03:28:35,LEDBrightnessTask
2024-12-09 03:28:35,ReadDHT11Task
2024-12-09 03:28:35,OLEDDisplayTask
2024-12-09 03:28:35,Received arcValue: 48
2024-12-09 03:28:35,Received valueButton7: 0
2024-12-09 03:28:35,Received valueButton8: 0
2024-12-09 03:28:35,LEDBrightnessTask
2024-12-09 03:28:35,OLEDDisplayTask
2024-12-09 03:28:35,LEDBrightnessTask
2024-12-09 03:28:35,OLEDDisplayTask
2024-12-09 03:28:36,LEDBrightnessTask
2024-12-09 03:28:36,OLEDDisplayTask
2024-12-09 03:28:36,LEDBrightnessTask
2024-12-09 03:28:36,deserializeJson() failed: InvalidInput
2024-12-09 03:28:36,OLEDDisplayTask
2024-12-09 03:28:36,Temperature: 36 °C	Humidity: 45 %
2024-12-09 03:28:36,Received arcValue: 48
2024-12-09 03:28:36,Received valueButton7: 0
2024-12-09 03:28:36,Received valueButton8: 0
2024-12-09 03:28:36,LEDBrightnessTask
2024-12-09 03:28:36,OLEDDisplayTask
2024-12-09 03:28:36,LEDBrightnessTask
2024-12-09 03:28:36,OLEDDisplayTask
2024-12-09 03:28:36,LEDBrightnessTask
2024-12-09 03:28:36,OLEDDisplayTask
2024-12-09 03:28:36,LEDBrightnessTask
2024-12-09 03:28:36,OLEDDisplayTask
2024-12-09 03:28:36,LEDBrightnessTask
2024-12-09 03:28:36,Received arcValue: 48
2024-12-09 03:28:36,Received valueButton7: 0
2024-12-09 03:28:36,Received valueButton8: 0
2024-12-09 03:28:36,deserializeJson() failed: InvalidInput
2024-12-09 03:28:36,deserializeJson() failed: InvalidInput
2024-12-09 03:28:36,OLEDDisplayTask
2024-12-09 03:28:36,LEDBrightnessTask
2024-12-09 03:28:36,OLEDDisplayTask
2024-12-09 03:28:36,LEDBrightnessTask
2024-12-09 03:28:36,Mq2Task
2024-12-09 03:28:37,LEDBrightnessTask
2024-12-09 03:28:37,OLEDDisplayTask
2024-12-09 03:28:37,MQ-2 Gas Concentration: 13.88 PPM
2024-12-09 03:28:37,LEDBrightnessTask
2024-12-09 03:28:37,OLEDDisplayTask
2024-12-09 03:28:37,LEDBrightnessTask
2024-12-09 03:28:37,OLEDDisplayTask
2024-12-09 03:28:37,LEDBrightnessTask
2024-12-09 03:28:37,Received arcValue: 48
2024-12-09 03:28:37,Received valueButton7: 0
2024-12-09 03:28:37,Received valueButton8: 0
2024-12-09 03:28:37,OLEDDisplayTask
2024-12-09 03:28:37,UDPListenerSendTask
2024-12-09 03:28:37,LEDBrightnessTask
2024-12-09 03:28:37,OLEDDisplayTask
2024-12-09 03:28:37,LEDBrightnessTask
2024-12-09 03:28:37,OLEDDisplayTask
2024-12-09 03:28:37,LEDBrightnessTask
2024-12-09 03:28:37,OLEDDisplayTask
2024-12-09 03:28:37,LEDBrightnessTask
2024-12-09 03:28:37,LEDBrightnessTask
2024-12-09 03:28:37,OLEDDisplayTask
2024-12-09 03:28:37,LEDBrightnessTask
2024-12-09 03:28:37,OLEDDisplayTask
2024-12-09 03:28:37,Received arcValue: 48
2024-12-09 03:28:37,Received valueButton7: 0
2024-12-09 03:28:37,Received valueButton8: 0
2024-12-09 03:28:37,deserializeJson() failed: InvalidInput
2024-12-09 03:28:37,deserializeJson() failed: InvalidInput
2024-12-09 03:28:38,LEDBrightnessTask
2024-12-09 03:28:38,OLEDDisplayTask
2024-12-09 03:28:38,LEDBrightnessTask
2024-12-09 03:28:38,OLEDDisplayTask
2024-12-09 03:28:38,LEDBrightnessTask
2024-12-09 03:28:38,ReadDHT11Task
2024-12-09 03:28:38,Received alertValue: 1
2024-12-09 03:28:38,Received arcValue: 48
2024-12-09 03:28:38,Received valueButton7: 0
2024-12-09 03:28:38,Received valueButton8: 0
2024-12-09 03:28:38,deserializeJson() failed: InvalidInput
2024-12-09 03:28:38,OLEDDisplayTask
2024-12-09 03:28:38,deserializeJson() failed: InvalidInput
2024-12-09 03:28:38,deserializeJson() failed: InvalidInput
2024-12-09 03:28:38,LEDBrightnessTask
2024-12-09 03:28:38,OLEDDisplayTask
2024-12-09 03:28:38,OLEDDisplayTask
2024-12-09 03:28:38,OLEDDisplayTask
2024-12-09 03:28:38,Temperature: 36 °C	Humidity: 45 %
2024-12-09 03:28:38,OLEDDisplayTask
2024-12-09 03:28:38,Received arcValue: 48
2024-12-09 03:28:38,Received valueButton7: 0
2024-12-09 03:28:38,Received valueButton8: 0
2024-12-09 03:28:39,OLEDDisplayTask
2024-12-09 03:28:39,Mq2Task
2024-12-09 03:28:39,MQ-2 Gas Concentration: 10.80 PPM
2024-12-09 03:28:39,OLEDDisplayTask
2024-12-09 03:28:39,OLEDDisplayTask
2024-12-09 03:28:39,OLEDDisplayTask
2024-12-09 03:28:39,UDPListenerSendTask
2024-12-09 03:28:39,deserializeJson() failed: InvalidInput
2024-12-09 03:28:39,Received arcValue: 48
2024-12-09 03:28:39,Received valueButton7: 0
2024-12-09 03:28:39,Received valueButton8: 0
2024-12-09 03:28:39,Received alertValue: 1
2024-12-09 03:28:39,deserializeJson() failed: InvalidInput
2024-12-09 03:28:39,deserializeJson() failed: InvalidInput
2024-12-09 03:28:39,LEDBrightnessTask
2024-12-09 03:28:39,deserializeJson() failed: InvalidInput
2024-12-09 03:28:39,OLEDDisplayTask
2024-12-09 03:28:39,OLEDDisplayTask
2024-12-09 03:28:39,OLEDDisplayTask
2024-12-09 03:28:39,Received arcValue: 48
2024-12-09 03:28:39,Received valueButton7: 0
2024-12-09 03:28:39,Received valueButton8: 0
2024-12-09 03:28:39,OLEDDisplayTask
2024-12-09 03:28:39,OLEDDisplayTask
2024-12-09 03:28:40,OLEDDisplayTask
2024-12-09 03:28:40,OLEDDisplayTask
2024-12-09 03:28:40,OLEDDisplayTask
2024-12-09 03:28:40,Received arcValue: 48
2024-12-09 03:28:40,Received valueButton7: 0
2024-12-09 03:28:40,Received valueButton8: 0
2024-12-09 03:28:40,deserializeJson() failed: InvalidInput
2024-12-09 03:28:40,OLEDDisplayTask
2024-12-09 03:28:40,LEDBrightnessTask
2024-12-09 03:28:40,OLEDDisplayTask
2024-12-09 03:28:40,OLEDDisplayTask
2024-12-09 03:28:40,Received alertValue: 1
2024-12-09 03:28:40,Received arcValue: 48
2024-12-09 03:28:40,Received valueButton7: 0
2024-12-09 03:28:40,Received valueButton8: 0
2024-12-09 03:28:40,deserializeJson() failed: InvalidInput
2024-12-09 03:28:40,deserializeJson() failed: InvalidInput
2024-12-09 03:28:40,deserializeJson() failed: InvalidInput
2024-12-09 03:28:40,OLEDDisplayTask
2024-12-09 03:28:40,ReadDHT11Task
2024-12-09 03:28:40,OLEDDisplayTask
2024-12-09 03:28:40,OLEDDisplayTask
2024-12-09 03:28:41,Mq2Task
2024-12-09 03:28:41,OLEDDisplayTask
2024-12-09 03:28:41,MQ-2 Gas Concentration: 10.58 PPM
2024-12-09 03:28:41,OLEDDisplayTask
2024-12-09 03:28:41,Temperature: 36 °C	Humidity: 45 %
2024-12-09 03:28:41,OLEDDisplayTask
2024-12-09 03:28:41,Received arcValue: 48
2024-12-09 03:28:41,Received valueButton7: 0
2024-12-09 03:28:41,Received valueButton8: 0
2024-12-09 03:28:41,UDPListenerSendTask
2024-12-09 03:28:41,OLEDDisplayTask
2024-12-09 03:28:41,LEDBrightnessTask
2024-12-09 03:28:41,OLEDDisplayTask
2024-12-09 03:28:41,OLEDDisplayTask
2024-12-09 03:28:41,OLEDDisplayTask
2024-12-09 03:28:41,Received arcValue: 48
2024-12-09 03:28:41,Received valueButton7: 0
2024-12-09 03:28:41,Received valueButton8: 0
2024-12-09 03:28:41,Received alertValue: 1
2024-12-09 03:28:41,deserializeJson() failed: InvalidInput
2024-12-09 03:28:41,OLEDDisplayTask
2024-12-09 03:28:42,OLEDDisplayTask
2024-12-09 03:28:42,OLEDDisplayTask
2024-12-09 03:28:42,Received arcValue: 48
2024-12-09 03:28:42,Received valueButton7: 0
2024-12-09 03:28:42,Received valueButton8: 0
2024-12-09 03:28:42,deserializeJson() failed: InvalidInput
2024-12-09 03:28:42,deserializeJson() failed: InvalidInput
2024-12-09 03:28:42,deserializeJson() failed: InvalidInput
2024-12-09 03:28:42,OLEDDisplayTask
2024-12-09 03:28:42,OLEDDisplayTask
2024-12-09 03:28:42,OLEDDisplayTask
2024-12-09 03:28:42,OLEDDisplayTask
2024-12-09 03:28:42,LEDBrightnessTask
2024-12-09 03:28:42,OLEDDisplayTask
2024-12-09 03:28:42,OLEDDisplayTask
2024-12-09 03:28:42,OLEDDisplayTask
2024-12-09 03:28:43,OLEDDisplayTask
2024-12-09 03:28:43,Mq2Task
2024-12-09 03:28:43,MQ-2 Gas Concentration: 13.27 PPM
2024-12-09 03:28:43,Received alertValue: 1
2024-12-09 03:28:43,OLEDDisplayTask
2024-12-09 03:28:43,ReadDHT11Task
2024-12-09 03:28:43,OLEDDisplayTask
2024-12-09 03:28:43,UDPListenerSendTask
2024-12-09 03:28:43,deserializeJson() failed: InvalidInput
2024-12-09 03:28:43,OLEDDisplayTask
2024-12-09 03:28:43,OLEDDisplayTask
2024-12-09 03:28:43,Received arcValue: 48
2024-12-09 03:28:43,Received valueButton7: 0
2024-12-09 03:28:43,Received valueButton8: 0
2024-12-09 03:28:43,deserializeJson() failed: InvalidInput
2024-12-09 03:28:43,Temperature: 36 °C	Humidity: 45 %
2024-12-09 03:28:43,LEDBrightnessTask
2024-12-09 03:28:43,OLEDDisplayTask
2024-12-09 03:28:44,OLEDDisplayTask
2024-12-09 03:28:44,OLEDDisplayTask
2024-12-09 03:28:44,OLEDDisplayTask
2024-12-09 03:28:44,Received arcValue: 48
2024-12-09 03:28:44,Received valueButton7: 0
2024-12-09 03:28:44,Received valueButton8: 0
2024-12-09 03:28:44,deserializeJson() failed: InvalidInput
2024-12-09 03:28:44,OLEDDisplayTask
2024-12-09 03:28:44,OLEDDisplayTask
2024-12-09 03:28:44,OLEDDisplayTask
2024-12-09 03:28:44,Received alertValue: 0
2024-12-09 03:28:44,deserializeJson() failed: InvalidInput
2024-12-09 03:28:44,deserializeJson() failed: InvalidInput
2024-12-09 03:28:44,OLEDDisplayTask
2024-12-09 03:28:44,Received arcValue: 48
2024-12-09 03:28:44,Received valueButton7: 0
2024-12-09 03:28:44,Received valueButton8: 0
2024-12-09 03:28:44,OLEDDisplayTask
2024-12-09 03:28:44,LEDBrightnessTask
2024-12-09 03:28:44,OLEDDisplayTask
2024-12-09 03:28:45,LEDBrightnessTask
2024-12-09 03:28:45,OLEDDisplayTask
2024-12-09 03:28:45,LEDBrightnessTask
2024-12-09 03:28:45,Mq2Task
2024-12-09 03:28:45,MQ-2 Gas Concentration: 11.45 PPM
2024-12-09 03:28:45,OLEDDisplayTask
2024-12-09 03:28:45,LEDBrightnessTask
2024-12-09 03:28:45,Received alertValue: 0
2024-12-09 03:28:45,Received arcValue: 48
2024-12-09 03:28:45,Received valueButton7: 0
2024-12-09 03:28:45,Received valueButton8: 0
2024-12-09 03:28:45,deserializeJson() failed: InvalidInput
2024-12-09 03:28:45,LEDBrightnessTask
2024-12-09 03:28:45,OLEDDisplayTask
2024-12-09 03:28:45,UDPListenerSendTask
2024-12-09 03:28:45,LEDBrightnessTask
2024-12-09 03:28:45,OLEDDisplayTask
2024-12-09 03:28:45,LEDBrightnessTask
2024-12-09 03:28:45,OLEDDisplayTask
2024-12-09 03:28:45,LEDBrightnessTask
2024-12-09 03:28:45,OLEDDisplayTask
2024-12-09 03:28:45,OLEDDisplayTask
2024-12-09 03:28:45,LEDBrightnessTask
2024-12-09 03:28:45,ReadDHT11Task
2024-12-09 03:28:45,LEDBrightnessTask
2024-12-09 03:28:45,OLEDDisplayTask
2024-12-09 03:28:45,Received alertValue: 0
2024-12-09 03:28:45,Received arcValue: 48
2024-12-09 03:28:45,Received valueButton7: 0
2024-12-09 03:28:45,Received valueButton8: 0
2024-12-09 03:28:45,deserializeJson() failed: InvalidInput
2024-12-09 03:28:45,deserializeJson() failed: InvalidInput
2024-12-09 03:28:45,LEDBrightnessTask
2024-12-09 03:28:46,OLEDDisplayTask
2024-12-09 03:28:46,LEDBrightnessTask
2024-12-09 03:28:46,OLEDDisplayTask
2024-12-09 03:28:46,LEDBrightnessTask
2024-12-09 03:28:46,OLEDDisplayTask
2024-12-09 03:28:46,Received alertValue: 0
2024-12-09 03:28:46,Received arcValue: 48
2024-12-09 03:28:46,Received valueButton7: 0
2024-12-09 03:28:46,Received valueButton8: 0
2024-12-09 03:28:46,deserializeJson() failed: InvalidInput
2024-12-09 03:28:46,deserializeJson() failed: InvalidInput
2024-12-09 03:28:46,deserializeJson() failed: InvalidInput
2024-12-09 03:28:46,deserializeJson() failed: InvalidInput
2024-12-09 03:28:46,LEDBrightnessTask
2024-12-09 03:28:46,Temperature: 36 °C	Humidity: 45 %
2024-12-09 03:28:46,OLEDDisplayTask
2024-12-09 03:28:46,LEDBrightnessTask
2024-12-09 03:28:46,LEDBrightnessTask
2024-12-09 03:28:46,OLEDDisplayTask
2024-12-09 03:28:46,LEDBrightnessTask
2024-12-09 03:28:46,OLEDDisplayTask
2024-12-09 03:28:46,LEDBrightnessTask
2024-12-09 03:28:46,OLEDDisplayTask
2024-12-09 03:28:46,LEDBrightnessTask
2024-12-09 03:28:46,OLEDDisplayTask
2024-12-09 03:28:46,Received alertValue: 0
2024-12-09 03:28:46,Received arcValue: 48
2024-12-09 03:28:46,Received valueButton7: 0
2024-12-09 03:28:46,Received valueButton8: 0
2024-12-09 03:28:46,LEDBrightnessTask
2024-12-09 03:28:46,OLEDDisplayTask
2024-12-09 03:28:47,LEDBrightnessTask
2024-12-09 03:28:47,OLEDDisplayTask
2024-12-09 03:28:47,LEDBrightnessTask
2024-12-09 03:28:47,OLEDDisplayTask
2024-12-09 03:28:47,LEDBrightnessTask
2024-12-09 03:28:47,Mq2Task
2024-12-09 03:28:47,MQ-2 Gas Concentration: 10.45 PPM
2024-12-09 03:28:47,OLEDDisplayTask
2024-12-09 03:28:47,LEDBrightnessTask
2024-12-09 03:28:47,UDPListenerSendTask
2024-12-09 03:28:47,deserializeJson() failed: InvalidInput
2024-12-09 03:28:47,deserializeJson() failed: InvalidInput
2024-12-09 03:28:47,LEDBrightnessTask
2024-12-09 03:28:47,OLEDDisplayTask
2024-12-09 03:28:47,Received alertValue: 0
2024-12-09 03:28:47,deserializeJson() failed: InvalidInput
2024-12-09 03:28:47,deserializeJson() failed: InvalidInput
2024-12-09 03:28:47,LEDBrightnessTask
2024-12-09 03:28:47,OLEDDisplayTask
2024-12-09 03:28:47,LEDBrightnessTask
2024-12-09 03:28:47,OLEDDisplayTask
2024-12-09 03:28:47,LEDBrightnessTask
2024-12-09 03:28:47,OLEDDisplayTask
2024-12-09 03:28:47,Received alertValue: 0
2024-12-09 03:28:47,Received arcValue: 48
2024-12-09 03:28:47,Received valueButton7: 0
2024-12-09 03:28:47,Received valueButton8: 0
2024-12-09 03:28:47,deserializeJson() failed: InvalidInput
2024-12-09 03:28:47,LEDBrightnessTask
2024-12-09 03:28:47,OLEDDisplayTask
2024-12-09 03:28:47,deserializeJson() failed: InvalidInput
2024-12-09 03:28:47,LEDBrightnessTask
2024-12-09 03:28:47,OLEDDisplayTask
2024-12-09 03:28:48,LEDBrightnessTask
2024-12-09 03:28:48,OLEDDisplayTask
2024-12-09 03:28:48,LEDBrightnessTask
2024-12-09 03:28:48,OLEDDisplayTask
2024-12-09 03:28:48,LEDBrightnessTask
2024-12-09 03:28:48,OLEDDisplayTask
2024-12-09 03:28:48,ReadDHT11Task
2024-12-09 03:28:48,LEDBrightnessTask
2024-12-09 03:28:48,Received alertValue: 0
2024-12-09 03:28:48,Received arcValue: 48
2024-12-09 03:28:48,Received valueButton7: 0
2024-12-09 03:28:48,Received valueButton8: 0
2024-12-09 03:28:48,OLEDDisplayTask
2024-12-09 03:28:48,LEDBrightnessTask
2024-12-09 03:28:48,LEDBrightnessTask
2024-12-09 03:28:48,OLEDDisplayTask
2024-12-09 03:28:48,LEDBrightnessTask
2024-12-09 03:28:48,OLEDDisplayTask
2024-12-09 03:28:48,Received alertValue: 0
2024-12-09 03:28:48,deserializeJson() failed: InvalidInput
2024-12-09 03:28:48,deserializeJson() failed: InvalidInput
2024-12-09 03:28:48,deserializeJson() failed: InvalidInput
2024-12-09 03:28:48,LEDBrightnessTask
2024-12-09 03:28:48,Received arcValue: 48
2024-12-09 03:28:48,Received valueButton7: 0
2024-12-09 03:28:48,Received valueButton8: 0
2024-12-09 03:28:48,OLEDDisplayTask
2024-12-09 03:28:48,LEDBrightnessTask
2024-12-09 03:28:48,Temperature: 36 °C	Humidity: 45 %
2024-12-09 03:28:48,OLEDDisplayTask
2024-12-09 03:28:48,LEDBrightnessTask
2024-12-09 03:28:49,OLEDDisplayTask
2024-12-09 03:28:49,LEDBrightnessTask
2024-12-09 03:28:49,OLEDDisplayTask
2024-12-09 03:28:49,LEDBrightnessTask
2024-12-09 03:28:49,OLEDDisplayTask
2024-12-09 03:28:49,LEDBrightnessTask
2024-12-09 03:28:49,Mq2Task
2024-12-09 03:28:49,Received alertValue: 0
2024-12-09 03:28:49,Received arcValue: 48
2024-12-09 03:28:49,Received valueButton7: 0
2024-12-09 03:28:49,Received valueButton8: 0
2024-12-09 03:28:49,deserializeJson() failed: InvalidInput
2024-12-09 03:28:49,MQ-2 Gas Concentration: 13.01 PPM
2024-12-09 03:28:49,OLEDDisplayTask
2024-12-09 03:28:49,LEDBrightnessTask
2024-12-09 03:28:49,UDPListenerSendTask
2024-12-09 03:28:49,LEDBrightnessTask
2024-12-09 03:28:49,OLEDDisplayTask
2024-12-09 03:28:49,LEDBrightnessTask
2024-12-09 03:28:49,OLEDDisplayTask
2024-12-09 03:28:49,LEDBrightnessTask
2024-12-09 03:28:49,OLEDDisplayTask
2024-12-09 03:28:49,LEDBrightnessTask
2024-12-09 03:28:49,OLEDDisplayTask
2024-12-09 03:28:49,LEDBrightnessTask
2024-12-09 03:28:49,OLEDDisplayTask
2024-12-09 03:28:49,Received alertValue: 0
2024-12-09 03:28:49,Received arcValue: 48
2024-12-09 03:28:49,Received valueButton7: 0
2024-12-09 03:28:49,Received valueButton8: 0
2024-12-09 03:28:49,deserializeJson() failed: InvalidInput
2024-12-09 03:28:49,deserializeJson() failed: InvalidInput
2024-12-09 03:28:49,deserializeJson() failed: InvalidInput
2024-12-09 03:28:49,LEDBrightnessTask
2024-12-09 03:28:50,OLEDDisplayTask
2024-12-09 03:28:50,LEDBrightnessTask
2024-12-09 03:28:50,LEDBrightnessTask
2024-12-09 03:28:50,OLEDDisplayTask
2024-12-09 03:28:50,Received arcValue: 48
2024-12-09 03:28:50,Received valueButton7: 0
2024-12-09 03:28:50,Received valueButton8: 0
2024-12-09 03:28:50,deserializeJson() failed: InvalidInput
2024-12-09 03:28:50,deserializeJson() failed: InvalidInput
2024-12-09 03:28:50,deserializeJson() failed: InvalidInput
2024-12-09 03:28:50,LEDBrightnessTask
2024-12-09 03:28:50,OLEDDisplayTask
2024-12-09 03:28:50,LEDBrightnessTask
2024-12-09 03:28:50,OLEDDisplayTask
2024-12-09 03:28:50,LEDBrightnessTask
2024-12-09 03:28:50,OLEDDisplayTask
2024-12-09 03:28:50,LEDBrightnessTask
2024-12-09 03:28:50,OLEDDisplayTask
2024-12-09 03:28:50,LEDBrightnessTask
2024-12-09 03:28:50,OLEDDisplayTask
2024-12-09 03:28:50,LEDBrightnessTask
2024-12-09 03:28:50,Received arcValue: 48
2024-12-09 03:28:50,Received valueButton7: 0
2024-12-09 03:28:50,Received valueButton8: 0
2024-12-09 03:28:50,ReadDHT11Task
2024-12-09 03:28:50,OLEDDisplayTask
2024-12-09 03:28:50,LEDBrightnessTask
2024-12-09 03:28:50,LEDBrightnessTask
2024-12-09 03:28:51,OLEDDisplayTask
2024-12-09 03:28:51,LEDBrightnessTask
2024-12-09 03:28:51,LEDBrightnessTask
2024-12-09 03:28:51,OLEDDisplayTask
2024-12-09 03:28:51,LEDBrightnessTask
2024-12-09 03:28:51,OLEDDisplayTask
2024-12-09 03:28:51,Mq2Task
2024-12-09 03:28:51,UDPListenerSendTask
2024-12-09 03:28:51,deserializeJson() failed: InvalidInput
2024-12-09 03:28:51,Temperature: 36 °C	Humidity: 45 %
2024-12-09 03:28:51,MQ-2 Gas Concentration: 8.71 PPM
2024-12-09 03:28:51,LEDBrightnessTask
2024-12-09 03:28:51,OLEDDisplayTask
2024-12-09 03:28:51,Received arcValue: 48
2024-12-09 03:28:51,Received valueButton7: 0
2024-12-09 03:28:51,Received valueButton8: 0
2024-12-09 03:28:51,deserializeJson() failed: InvalidInput
2024-12-09 03:28:51,LEDBrightnessTask
2024-12-09 03:28:51,deserializeJson() failed: InvalidInput
2024-12-09 03:28:51,OLEDDisplayTask
2024-12-09 03:28:51,LEDBrightnessTask
2024-12-09 03:28:51,OLEDDisplayTask
2024-12-09 03:28:51,LEDBrightnessTask
2024-12-09 03:28:51,Received arcValue: 48
2024-12-09 03:28:51,Received valueButton7: 0
2024-12-09 03:28:51,Received valueButton8: 0
2024-12-09 03:28:51,deserializeJson() failed: InvalidInput
2024-12-09 03:28:51,LEDBrightnessTask
2024-12-09 03:28:51,OLEDDisplayTask
2024-12-09 03:28:51,LEDBrightnessTask
2024-12-09 03:28:51,OLEDDisplayTask
2024-12-09 03:28:52,LEDBrightnessTask
2024-12-09 03:28:52,OLEDDisplayTask
2024-12-09 03:28:52,LEDBrightnessTask
2024-12-09 03:28:52,OLEDDisplayTask
2024-12-09 03:28:52,LEDBrightnessTask
2024-12-09 03:28:52,OLEDDisplayTask
2024-12-09 03:28:52,LEDBrightnessTask
2024-12-09 03:28:52,Received arcValue: 48
2024-12-09 03:28:52,Received valueButton7: 0
2024-12-09 03:28:52,Received valueButton8: 0
2024-12-09 03:28:52,OLEDDisplayTask
2024-12-09 03:28:52,LEDBrightnessTask
2024-12-09 03:28:52,LEDBrightnessTask
2024-12-09 03:28:52,OLEDDisplayTask
2024-12-09 03:28:52,LEDBrightnessTask
2024-12-09 03:28:52,OLEDDisplayTask
2024-12-09 03:28:52,LEDBrightnessTask
2024-12-09 03:28:52,OLEDDisplayTask
2024-12-09 03:28:52,LEDBrightnessTask
2024-12-09 03:28:52,OLEDDisplayTask
2024-12-09 03:28:52,LEDBrightnessTask
2024-12-09 03:28:52,Received arcValue: 48
2024-12-09 03:28:53,Received valueButton7: 0
2024-12-09 03:28:53,Received valueButton8: 0
2024-12-09 03:28:53,deserializeJson() failed: InvalidInput
2024-12-09 03:28:53,OLEDDisplayTask
2024-12-09 03:28:53,LEDBrightnessTask
2024-12-09 03:28:53,OLEDDisplayTask
2024-12-09 03:28:53,LEDBrightnessTask
2024-12-09 03:28:53,OLEDDisplayTask
2024-12-09 03:28:53,LEDBrightnessTask
2024-12-09 03:28:53,Received arcValue: 48
2024-12-09 03:28:53,Received valueButton7: 0
2024-12-09 03:28:53,Received valueButton8: 0
2024-12-09 03:28:53,deserializeJson() failed: InvalidInput
2024-12-09 03:28:53,LEDBrightnessTask
2024-12-09 03:28:53,OLEDDisplayTask
2024-12-09 03:28:53,UDPListenerSendTask
2024-12-09 03:28:53,ReadDHT11Task
2024-12-09 03:28:53,Mq2Task
2024-12-09 03:28:53,MQ-2 Gas Concentration: 11.95 PPM
2024-12-09 03:28:53,LEDBrightnessTask
2024-12-09 03:28:53,OLEDDisplayTask
2024-12-09 03:28:53,LEDBrightnessTask
2024-12-09 03:28:53,OLEDDisplayTask
2024-12-09 03:28:53,LEDBrightnessTask
2024-12-09 03:28:53,OLEDDisplayTask
2024-12-09 03:28:53,LEDBrightnessTask
2024-12-09 03:28:53,OLEDDisplayTask
2024-12-09 03:28:53,LEDBrightnessTask
2024-12-09 03:28:53,Temperature: 36 °C	Humidity: 45 %
2024-12-09 03:28:53,OLEDDisplayTask
2024-12-09 03:28:53,Received arcValue: 48
2024-12-09 03:28:53,Received valueButton7: 0
2024-12-09 03:28:53,Received valueButton8: 0
2024-12-09 03:28:53,deserializeJson() failed: InvalidInput
2024-12-09 03:28:53,LEDBrightnessTask
2024-12-09 03:28:54,OLEDDisplayTask
2024-12-09 03:28:54,LEDBrightnessTask
2024-12-09 03:28:54,OLEDDisplayTask
2024-12-09 03:28:54,LEDBrightnessTask
2024-12-09 03:28:54,LEDBrightnessTask
2024-12-09 03:28:54,OLEDDisplayTask
2024-12-09 03:28:54,LEDBrightnessTask
2024-12-09 03:28:54,OLEDDisplayTask
2024-12-09 03:28:54,LEDBrightnessTask
2024-12-09 03:28:54,OLEDDisplayTask
2024-12-09 03:28:54,Received arcValue: 48
2024-12-09 03:28:54,Received valueButton7: 0
2024-12-09 03:28:54,Received valueButton8: 0
2024-12-09 03:28:54,deserializeJson() failed: InvalidInput
2024-12-09 03:28:54,LEDBrightnessTask
2024-12-09 03:28:54,OLEDDisplayTask
2024-12-09 03:28:54,LEDBrightnessTask
2024-12-09 03:28:54,OLEDDisplayTask
2024-12-09 03:28:54,LEDBrightnessTask
2024-12-09 03:28:54,OLEDDisplayTask
2024-12-09 03:28:54,Received arcValue: 48
2024-12-09 03:28:54,Received valueButton7: 0
2024-12-09 03:28:54,Received valueButton8: 0
2024-12-09 03:28:54,deserializeJson() failed: InvalidInput
2024-12-09 03:28:54,LEDBrightnessTask
2024-12-09 03:28:54,OLEDDisplayTask
2024-12-09 03:28:54,LEDBrightnessTask
2024-12-09 03:28:55,LEDBrightnessTask
2024-12-09 03:28:55,OLEDDisplayTask
2024-12-09 03:28:55,LEDBrightnessTask
2024-12-09 03:28:55,OLEDDisplayTask
2024-12-09 03:28:55,LEDBrightnessTask
2024-12-09 03:28:55,OLEDDisplayTask
2024-12-09 03:28:55,UDPListenerSendTask
2024-12-09 03:28:55,deserializeJson() failed: InvalidInput
2024-12-09 03:28:55,LEDBrightnessTask
2024-12-09 03:28:55,OLEDDisplayTask
2024-12-09 03:28:55,Mq2Task
2024-12-09 03:28:55,Received arcValue: 48
2024-12-09 03:28:55,Received valueButton7: 0
2024-12-09 03:28:55,Received valueButton8: 0
2024-12-09 03:28:55,deserializeJson() failed: InvalidInput
2024-12-09 03:28:55,LEDBrightnessTask
2024-12-09 03:28:55,deserializeJson() failed: InvalidInput
2024-12-09 03:28:55,MQ-2 Gas Concentration: 10.18 PPM
2024-12-09 03:28:55,OLEDDisplayTask
2024-12-09 03:28:55,LEDBrightnessTask
2024-12-09 03:28:55,OLEDDisplayTask
2024-12-09 03:28:55,LEDBrightnessTask
2024-12-09 03:28:55,OLEDDisplayTask
2024-12-09 03:28:55,Received arcValue: 48
2024-12-09 03:28:55,Received valueButton7: 0
2024-12-09 03:28:55,Received valueButton8: 0
2024-12-09 03:28:55,deserializeJson() failed: InvalidInput
2024-12-09 03:28:55,LEDBrightnessTask
2024-12-09 03:28:55,OLEDDisplayTask
2024-12-09 03:28:55,ReadDHT11Task
2024-12-09 03:28:55,LEDBrightnessTask
2024-12-09 03:28:55,OLEDDisplayTask
2024-12-09 03:28:56,LEDBrightnessTask
2024-12-09 03:28:56,OLEDDisplayTask
2024-12-09 03:28:56,LEDBrightnessTask
2024-12-09 03:28:56,OLEDDisplayTask
2024-12-09 03:28:56,LEDBrightnessTask
2024-12-09 03:28:56,OLEDDisplayTask
2024-12-09 03:28:56,Received arcValue: 48
2024-12-09 03:28:56,Received valueButton7: 0
2024-12-09 03:28:56,Received valueButton8: 0
2024-12-09 03:28:56,LEDBrightnessTask
2024-12-09 03:28:56,Temperature: 36 °C	Humidity: 45 %
2024-12-09 03:28:56,OLEDDisplayTask
2024-12-09 03:28:56,LEDBrightnessTask
2024-12-09 03:28:56,LEDBrightnessTask
2024-12-09 03:28:56,deserializeJson() failed: InvalidInput
2024-12-09 03:28:56,LEDBrightnessTask
2024-12-09 03:28:56,Received arcValue: 48
2024-12-09 03:28:56,Received valueButton7: 0
2024-12-09 03:28:56,Received valueButton8: 0
2024-12-09 03:28:56,deserializeJson() failed: InvalidInput
2024-12-09 03:28:56,OLEDDisplayTask
2024-12-09 03:28:56,LEDBrightnessTask
2024-12-09 03:28:56,LEDBrightnessTask
2024-12-09 03:28:56,OLEDDisplayTask
2024-12-09 03:28:57,LEDBrightnessTask
2024-12-09 03:28:57,OLEDDisplayTask
2024-12-09 03:28:57,LEDBrightnessTask
2024-12-09 03:28:57,OLEDDisplayTask
2024-12-09 03:28:57,LEDBrightnessTask
2024-12-09 03:28:57,OLEDDisplayTask
2024-12-09 03:28:57,Received arcValue: 48
2024-12-09 03:28:57,Received valueButton7: 0
2024-12-09 03:28:57,Received valueButton8: 0
2024-12-09 03:28:57,deserializeJson() failed: InvalidInput
2024-12-09 03:28:57,LEDBrightnessTask
2024-12-09 03:28:57,UDPListenerSendTask
2024-12-09 03:28:57,OLEDDisplayTask
2024-12-09 03:28:57,LEDBrightnessTask
2024-12-09 03:28:57,OLEDDisplayTask
2024-12-09 03:28:57,Mq2Task
2024-12-09 03:28:57,LEDBrightnessTask
2024-12-09 03:28:57,MQ-2 Gas Concentration: 11.22 PPM
2024-12-09 03:28:57,OLEDDisplayTask
2024-12-09 03:28:57,LEDBrightnessTask
2024-12-09 03:28:57,OLEDDisplayTask
2024-12-09 03:28:57,LEDBrightnessTask
2024-12-09 03:28:57,OLEDDisplayTask
2024-12-09 03:28:57,LEDBrightnessTask
2024-12-09 03:28:57,OLEDDisplayTask
2024-12-09 03:28:58,LEDBrightnessTask
2024-12-09 03:28:58,OLEDDisplayTask
2024-12-09 03:28:58,LEDBrightnessTask
2024-12-09 03:28:58,OLEDDisplayTask
2024-12-09 03:28:58,LEDBrightnessTask
2024-12-09 03:28:58,OLEDDisplayTask
2024-12-09 03:28:58,LEDBrightnessTask
2024-12-09 03:28:58,OLEDDisplayTask
2024-12-09 03:28:58,ReadDHT11Task
2024-12-09 03:28:58,LEDBrightnessTask
2024-12-09 03:28:58,OLEDDisplayTask
2024-12-09 03:28:58,LEDBrightnessTask
2024-12-09 03:28:58,OLEDDisplayTask
2024-12-09 03:28:58,LEDBrightnessTask
2024-12-09 03:28:58,OLEDDisplayTask
2024-12-09 03:28:58,LEDBrightnessTask
2024-12-09 03:28:58,OLEDDisplayTask
2024-12-09 03:28:58,LEDBrightnessTask
2024-12-09 03:28:58,Temperature: 36 °C	Humidity: 45 %
2024-12-09 03:28:58,OLEDDisplayTask
2024-12-09 03:28:59,LEDBrightnessTask
2024-12-09 03:28:59,OLEDDisplayTask
2024-12-09 03:28:59,LEDBrightnessTask
2024-12-09 03:28:59,OLEDDisplayTask
2024-12-09 03:28:59,LEDBrightnessTask
2024-12-09 03:28:59,OLEDDisplayTask
2024-12-09 03:28:59,LEDBrightnessTask
2024-12-09 03:28:59,UDPListenerSendTask
2024-12-09 03:28:59,OLEDDisplayTask
2024-12-09 03:28:59,LEDBrightnessTask
2024-12-09 03:28:59,LEDBrightnessTask
2024-12-09 03:28:59,OLEDDisplayTask
2024-12-09 03:28:59,Mq2Task
2024-12-09 03:28:59,MQ-2 Gas Concentration: 10.34 PPM
2024-12-09 03:28:59,LEDBrightnessTask
2024-12-09 03:28:59,OLEDDisplayTask
2024-12-09 03:28:59,LEDBrightnessTask
2024-12-09 03:28:59,OLEDDisplayTask
2024-12-09 03:28:59,LEDBrightnessTask
2024-12-09 03:28:59,OLEDDisplayTask
2024-12-09 03:28:59,LEDBrightnessTask
2024-12-09 03:28:59,OLEDDisplayTask
2024-12-09 03:29:00,LEDBrightnessTask
2024-12-09 03:29:00,OLEDDisplayTask
2024-12-09 03:29:00,LEDBrightnessTask
2024-12-09 03:29:00,OLEDDisplayTask
2024-12-09 03:29:00,LEDBrightnessTask
2024-12-09 03:29:00,OLEDDisplayTask
2024-12-09 03:29:00,LEDBrightnessTask
2024-12-09 03:29:00,OLEDDisplayTask
2024-12-09 03:29:00,LEDBrightnessTask
2024-12-09 03:29:00,OLEDDisplayTask
2024-12-09 03:29:00,LEDBrightnessTask
2024-12-09 03:29:00,OLEDDisplayTask
2024-12-09 03:29:00,LEDBrightnessTask
2024-12-09 03:29:00,OLEDDisplayTask
2024-12-09 03:29:00,LEDBrightnessTask
2024-12-09 03:29:00,OLEDDisplayTask
2024-12-09 03:29:00,LEDBrightnessTask
2024-12-09 03:29:00,ReadDHT11Task
2024-12-09 03:29:01,OLEDDisplayTask
2024-12-09 03:29:01,LEDBrightnessTask
2024-12-09 03:29:01,LEDBrightnessTask
2024-12-09 03:29:01,OLEDDisplayTask
2024-12-09 03:29:01,LEDBrightnessTask
2024-12-09 03:29:01,OLEDDisplayTask
2024-12-09 03:29:01,LEDBrightnessTask
2024-12-09 03:29:01,OLEDDisplayTask
2024-12-09 03:29:01,UDPListenerSendTask
2024-12-09 03:29:01,LEDBrightnessTask
2024-12-09 03:29:01,Temperature: 36 °C	Humidity: 45 %
2024-12-09 03:29:01,OLEDDisplayTask
2024-12-09 03:29:01,LEDBrightnessTask
2024-12-09 03:29:01,Mq2Task
2024-12-09 03:29:01,OLEDDisplayTask
2024-12-09 03:29:01,MQ-2 Gas Concentration: 11.45 PPM
2024-12-09 03:29:01,LEDBrightnessTask
2024-12-09 03:29:01,OLEDDisplayTask
2024-12-09 03:29:01,LEDBrightnessTask
2024-12-09 03:29:01,OLEDDisplayTask
2024-12-09 03:29:01,LEDBrightnessTask
2024-12-09 03:29:01,Received arcValue: 50
2024-12-09 03:29:01,Received valueButton7: 0
2024-12-09 03:29:01,Received valueButton8: 0
2024-12-09 03:29:01,Received alertValue: 0
2024-12-09 03:29:01,LEDBrightnessTask
2024-12-09 03:29:01,OLEDDisplayTask
2024-12-09 03:29:02,LEDBrightnessTask
2024-12-09 03:29:02,OLEDDisplayTask
2024-12-09 03:29:02,LEDBrightnessTask
2024-12-09 03:29:02,OLEDDisplayTask
2024-12-09 03:29:02,LEDBrightnessTask
2024-12-09 03:29:02,OLEDDisplayTask
2024-12-09 03:29:02,LEDBrightnessTask
2024-12-09 03:29:02,OLEDDisplayTask
2024-12-09 03:29:02,LEDBrightnessTask
2024-12-09 03:29:02,OLEDDisplayTask
2024-12-09 03:29:02,Received arcValue: 50
2024-12-09 03:29:02,Received valueButton7: 0
2024-12-09 03:29:02,Received valueButton8: 0
2024-12-09 03:29:02,Received alertValue: 0
2024-12-09 03:29:02,LEDBrightnessTask
2024-12-09 03:29:02,OLEDDisplayTask
2024-12-09 03:29:02,LEDBrightnessTask
2024-12-09 03:29:02,OLEDDisplayTask
2024-12-09 03:29:02,LEDBrightnessTask
2024-12-09 03:29:02,Received arcValue: 50
2024-12-09 03:29:02,Received valueButton7: 0
2024-12-09 03:29:02,Received valueButton8: 0
2024-12-09 03:29:02,Received alertValue: 0
2024-12-09 03:29:02,OLEDDisplayTask
2024-12-09 03:29:02,LEDBrightnessTask
2024-12-09 03:29:02,LEDBrightnessTask
2024-12-09 03:29:02,OLEDDisplayTask
2024-12-09 03:29:03,LEDBrightnessTask
2024-12-09 03:29:03,OLEDDisplayTask
2024-12-09 03:29:03,LEDBrightnessTask
2024-12-09 03:29:03,OLEDDisplayTask
2024-12-09 03:29:03,LEDBrightnessTask
2024-12-09 03:29:03,OLEDDisplayTask
2024-12-09 03:29:03,UDPListenerSendTask
2024-12-09 03:29:03,LEDBrightnessTask
2024-12-09 03:29:03,Received arcValue: 50
2024-12-09 03:29:03,Received valueButton7: 0
2024-12-09 03:29:03,Received valueButton8: 0
2024-12-09 03:29:03,OLEDDisplayTask
2024-12-09 03:29:03,ReadDHT11Task
2024-12-09 03:29:03,LEDBrightnessTask
2024-12-09 03:29:03,OLEDDisplayTask
2024-12-09 03:29:03,LEDBrightnessTask
2024-12-09 03:29:03,Mq2Task
2024-12-09 03:29:03,MQ-2 Gas Concentration: 10.21 PPM
2024-12-09 03:29:03,OLEDDisplayTask
2024-12-09 03:29:03,LEDBrightnessTask
2024-12-09 03:29:03,OLEDDisplayTask
2024-12-09 03:29:03,LEDBrightnessTask
2024-12-09 03:29:03,LEDBrightnessTask
2024-12-09 03:29:03,OLEDDisplayTask
2024-12-09 03:29:03,Temperature: 36 °C	Humidity: 45 %
2024-12-09 03:29:03,LEDBrightnessTask
2024-12-09 03:29:04,OLEDDisplayTask
2024-12-09 03:29:04,LEDBrightnessTask
2024-12-09 03:29:04,OLEDDisplayTask
2024-12-09 03:29:04,LEDBrightnessTask
2024-12-09 03:29:04,OLEDDisplayTask
2024-12-09 03:29:04,LEDBrightnessTask
2024-12-09 03:29:04,OLEDDisplayTask
2024-12-09 03:29:04,Received arcValue: 50
2024-12-09 03:29:04,Received valueButton7: 0
2024-12-09 03:29:04,Received valueButton8: 0
2024-12-09 03:29:04,Received alertValue: 0
2024-12-09 03:29:04,LEDBrightnessTask
2024-12-09 03:29:04,OLEDDisplayTask
2024-12-09 03:29:04,LEDBrightnessTask
2024-12-09 03:29:04,OLEDDisplayTask
2024-12-09 03:29:04,LEDBrightnessTask
2024-12-09 03:29:04,OLEDDisplayTask
2024-12-09 03:29:04,LEDBrightnessTask
2024-12-09 03:29:04,LEDBrightnessTask
2024-12-09 03:29:04,OLEDDisplayTask
2024-12-09 03:29:04,LEDBrightnessTask
2024-12-09 03:29:04,OLEDDisplayTask
2024-12-09 03:29:04,Received arcValue: 50
2024-12-09 03:29:04,Received valueButton7: 0
2024-12-09 03:29:04,Received valueButton8: 0
2024-12-09 03:29:04,Received alertValue: 0
2024-12-09 03:29:05,LEDBrightnessTask
2024-12-09 03:29:05,OLEDDisplayTask
2024-12-09 03:29:05,LEDBrightnessTask
2024-12-09 03:29:05,OLEDDisplayTask
2024-12-09 03:29:05,LEDBrightnessTask
2024-12-09 03:29:05,OLEDDisplayTask
2024-12-09 03:29:05,LEDBrightnessTask
2024-12-09 03:29:05,UDPListenerSendTask
2024-12-09 03:29:05,OLEDDisplayTask
2024-12-09 03:29:05,LEDBrightnessTask
2024-12-09 03:29:05,OLEDDisplayTask
2024-12-09 03:29:05,LEDBrightnessTask
2024-12-09 03:29:05,Received arcValue: 50
2024-12-09 03:29:05,Received valueButton7: 0
2024-12-09 03:29:05,Received valueButton8: 0
2024-12-09 03:29:05,Received alertValue: 0
2024-12-09 03:29:05,LEDBrightnessTask
2024-12-09 03:29:05,OLEDDisplayTask
2024-12-09 03:29:05,Mq2Task
2024-12-09 03:29:05,MQ-2 Gas Concentration: 10.83 PPM
2024-12-09 03:29:05,LEDBrightnessTask
2024-12-09 03:29:05,OLEDDisplayTask
2024-12-09 03:29:05,LEDBrightnessTask
2024-12-09 03:29:05,OLEDDisplayTask
2024-12-09 03:29:05,Received arcValue: 50
2024-12-09 03:29:05,Received valueButton7: 0
2024-12-09 03:29:05,Received valueButton8: 0
2024-12-09 03:29:05,Received alertValue: 0
2024-12-09 03:29:05,LEDBrightnessTask
2024-12-09 03:29:05,ReadDHT11Task
2024-12-09 03:29:05,OLEDDisplayTask
2024-12-09 03:29:06,LEDBrightnessTask
2024-12-09 03:29:06,OLEDDisplayTask
2024-12-09 03:29:06,LEDBrightnessTask
2024-12-09 03:29:06,OLEDDisplayTask
2024-12-09 03:29:06,LEDBrightnessTask
2024-12-09 03:29:06,OLEDDisplayTask
2024-12-09 03:29:06,LEDBrightnessTask
2024-12-09 03:29:06,OLEDDisplayTask
2024-12-09 03:29:06,LEDBrightnessTask
2024-12-09 03:29:06,Temperature: 36 °C	Humidity: 45 %
2024-12-09 03:29:06,Received arcValue: 50
2024-12-09 03:29:06,Received valueButton7: 0
2024-12-09 03:29:06,Received valueButton8: 0
2024-12-09 03:29:06,Received alertValue: 0
2024-12-09 03:29:06,LEDBrightnessTask
2024-12-09 03:29:06,OLEDDisplayTask
2024-12-09 03:29:06,LEDBrightnessTask
2024-12-09 03:29:06,OLEDDisplayTask
2024-12-09 03:29:06,LEDBrightnessTask
2024-12-09 03:29:06,OLEDDisplayTask
2024-12-09 03:29:06,LEDBrightnessTask
2024-12-09 03:29:06,OLEDDisplayTask
2024-12-09 03:29:06,LEDBrightnessTask
2024-12-09 03:29:07,OLEDDisplayTask
2024-12-09 03:29:07,LEDBrightnessTask
2024-12-09 03:29:07,OLEDDisplayTask
2024-12-09 03:29:07,LEDBrightnessTask
2024-12-09 03:29:07,OLEDDisplayTask
2024-12-09 03:29:07,LEDBrightnessTask
2024-12-09 03:29:07,OLEDDisplayTask
2024-12-09 03:29:07,LEDBrightnessTask
2024-12-09 03:29:07,UDPListenerSendTask
2024-12-09 03:29:07,OLEDDisplayTask
2024-12-09 03:29:07,LEDBrightnessTask
2024-12-09 03:29:07,LEDBrightnessTask
2024-12-09 03:29:07,OLEDDisplayTask
2024-12-09 03:29:07,LEDBrightnessTask
2024-12-09 03:29:07,OLEDDisplayTask
2024-12-09 03:29:07,Mq2Task
2024-12-09 03:29:07,MQ-2 Gas Concentration: 11.31 PPM
2024-12-09 03:29:07,LEDBrightnessTask
2024-12-09 03:29:07,OLEDDisplayTask
2024-12-09 03:29:07,LEDBrightnessTask
2024-12-09 03:29:07,OLEDDisplayTask
2024-12-09 03:29:07,LEDBrightnessTask
2024-12-09 03:29:08,OLEDDisplayTask
2024-12-09 03:29:08,LEDBrightnessTask
2024-12-09 03:29:08,OLEDDisplayTask
2024-12-09 03:29:08,LEDBrightnessTask
2024-12-09 03:29:08,OLEDDisplayTask
2024-12-09 03:29:08,LEDBrightnessTask
2024-12-09 03:29:08,OLEDDisplayTask
2024-12-09 03:29:08,LEDBrightnessTask
2024-12-09 03:29:08,LEDBrightnessTask
2024-12-09 03:29:08,OLEDDisplayTask
2024-12-09 03:29:08,ReadDHT11Task
2024-12-09 03:29:08,LEDBrightnessTask
2024-12-09 03:29:08,OLEDDisplayTask
2024-12-09 03:29:08,LEDBrightnessTask
2024-12-09 03:29:08,OLEDDisplayTask
2024-12-09 03:29:08,LEDBrightnessTask
2024-12-09 03:29:08,OLEDDisplayTask
2024-12-09 03:29:08,LEDBrightnessTask
2024-12-09 03:29:08,OLEDDisplayTask
2024-12-09 03:29:09,LEDBrightnessTask
2024-12-09 03:29:09,Temperature: 37 °C	Humidity: 44 %
2024-12-09 03:29:09,OLEDDisplayTask
2024-12-09 03:29:09,LEDBrightnessTask
2024-12-09 03:29:09,OLEDDisplayTask
2024-12-09 03:29:09,LEDBrightnessTask
2024-12-09 03:29:09,OLEDDisplayTask
2024-12-09 03:29:09,LEDBrightnessTask
2024-12-09 03:29:09,UDPListenerSendTask
2024-12-09 03:29:09,OLEDDisplayTask
2024-12-09 03:29:09,LEDBrightnessTask
2024-12-09 03:29:09,OLEDDisplayTask
2024-12-09 03:29:09,LEDBrightnessTask
2024-12-09 03:29:09,LEDBrightnessTask
2024-12-09 03:29:09,OLEDDisplayTask
2024-12-09 03:29:09,LEDBrightnessTask
2024-12-09 03:29:09,OLEDDisplayTask
2024-12-09 03:29:09,Mq2Task
2024-12-09 03:29:09,MQ-2 Gas Concentration: 12.64 PPM
2024-12-09 03:29:09,LEDBrightnessTask
2024-12-09 03:29:09,OLEDDisplayTask
2024-12-09 03:29:09,LEDBrightnessTask
2024-12-09 03:29:09,OLEDDisplayTask
2024-12-09 03:29:10,LEDBrightnessTask
2024-12-09 03:29:10,OLEDDisplayTask
2024-12-09 03:29:10,LEDBrightnessTask
2024-12-09 03:29:10,OLEDDisplayTask
2024-12-09 03:29:10,LEDBrightnessTask
2024-12-09 03:29:10,OLEDDisplayTask
2024-12-09 03:29:10,LEDBrightnessTask
2024-12-09 03:29:10,LEDBrightnessTask
2024-12-09 03:29:10,OLEDDisplayTask
2024-12-09 03:29:10,LEDBrightnessTask
2024-12-09 03:29:10,OLEDDisplayTask
2024-12-09 03:29:10,LEDBrightnessTask
2024-12-09 03:29:10,OLEDDisplayTask
2024-12-09 03:29:10,LEDBrightnessTask
2024-12-09 03:29:10,OLEDDisplayTask
2024-12-09 03:29:10,LEDBrightnessTask
2024-12-09 03:29:10,OLEDDisplayTask
2024-12-09 03:29:10,LEDBrightnessTask
2024-12-09 03:29:10,OLEDDisplayTask
2024-12-09 03:29:11,LEDBrightnessTask
2024-12-09 03:29:11,ReadDHT11Task
2024-12-09 03:29:11,OLEDDisplayTask
2024-12-09 03:29:11,LEDBrightnessTask
2024-12-09 03:29:11,OLEDDisplayTask
2024-12-09 03:29:11,LEDBrightnessTask
2024-12-09 03:29:11,OLEDDisplayTask
2024-12-09 03:29:11,LEDBrightnessTask
2024-12-09 03:29:11,UDPListenerSendTask
2024-12-09 03:29:11,LEDBrightnessTask
2024-12-09 03:29:11,OLEDDisplayTask
2024-12-09 03:29:11,Received arcValue: 50
2024-12-09 03:29:11,Received valueButton7: 0
2024-12-09 03:29:11,Received valueButton8: 0
2024-12-09 03:29:11,Received alertValue: 0
2024-12-09 03:29:11,LEDBrightnessTask
2024-12-09 03:29:11,OLEDDisplayTask
2024-12-09 03:29:11,Temperature: 37 °C	Humidity: 44 %
2024-12-09 03:29:11,LEDBrightnessTask
2024-12-09 03:29:11,OLEDDisplayTask
2024-12-09 03:29:11,LEDBrightnessTask
2024-12-09 03:29:11,Received arcValue: 50
2024-12-09 03:29:11,Received valueButton7: 0
2024-12-09 03:29:11,Received valueButton8: 0
2024-12-09 03:29:11,Received alertValue: 0
2024-12-09 03:29:11,deserializeJson() failed: InvalidInput
2024-12-09 03:29:11,deserializeJson() failed: InvalidInput
2024-12-09 03:29:11,deserializeJson() failed: InvalidInput
2024-12-09 03:29:11,OLEDDisplayTask
2024-12-09 03:29:11,Mq2Task
2024-12-09 03:29:11,LEDBrightnessTask
2024-12-09 03:29:11,MQ-2 Gas Concentration: 11.77 PPM
2024-12-09 03:29:11,OLEDDisplayTask
2024-12-09 03:29:11,LEDBrightnessTask
2024-12-09 03:29:11,OLEDDisplayTask
2024-12-09 03:29:12,LEDBrightnessTask
2024-12-09 03:29:12,OLEDDisplayTask
2024-12-09 03:29:12,LEDBrightnessTask
2024-12-09 03:29:12,OLEDDisplayTask
2024-12-09 03:29:12,LEDBrightnessTask
2024-12-09 03:29:12,LEDBrightnessTask
2024-12-09 03:29:12,OLEDDisplayTask
2024-12-09 03:29:12,Received arcValue: 50
2024-12-09 03:29:12,Received valueButton7: 0
2024-12-09 03:29:12,Received valueButton8: 0
2024-12-09 03:29:12,Received alertValue: 0
2024-12-09 03:29:12,deserializeJson() failed: InvalidInput
2024-12-09 03:29:12,deserializeJson() failed: InvalidInput
2024-12-09 03:29:12,LEDBrightnessTask
2024-12-09 03:29:12,OLEDDisplayTask
2024-12-09 03:29:12,LEDBrightnessTask
2024-12-09 03:29:12,OLEDDisplayTask
2024-12-09 03:29:12,LEDBrightnessTask
2024-12-09 03:29:12,Received arcValue: 50
2024-12-09 03:29:12,Received valueButton7: 0
2024-12-09 03:29:12,Received valueButton8: 0
2024-12-09 03:29:12,Received alertValue: 0
2024-12-09 03:29:12,deserializeJson() failed: InvalidInput
2024-12-09 03:29:12,deserializeJson() failed: InvalidInput
2024-12-09 03:29:12,OLEDDisplayTask
2024-12-09 03:29:12,deserializeJson() failed: InvalidInput
2024-12-09 03:29:12,deserializeJson() failed: InvalidInput
2024-12-09 03:29:12,LEDBrightnessTask
2024-12-09 03:29:12,OLEDDisplayTask
2024-12-09 03:29:12,LEDBrightnessTask
2024-12-09 03:29:12,OLEDDisplayTask
2024-12-09 03:29:12,LEDBrightnessTask
2024-12-09 03:29:13,OLEDDisplayTask
2024-12-09 03:29:13,LEDBrightnessTask
2024-12-09 03:29:13,LEDBrightnessTask
2024-12-09 03:29:13,OLEDDisplayTask
2024-12-09 03:29:13,LEDBrightnessTask
2024-12-09 03:29:13,OLEDDisplayTask
2024-12-09 03:29:13,Received arcValue: 50
2024-12-09 03:29:13,Received valueButton7: 0
2024-12-09 03:29:13,Received valueButton8: 0
2024-12-09 03:29:13,Received alertValue: 0
2024-12-09 03:29:13,LEDBrightnessTask
2024-12-09 03:29:13,OLEDDisplayTask
2024-12-09 03:29:13,UDPListenerSendTask
2024-12-09 03:29:13,LEDBrightnessTask
2024-12-09 03:29:13,OLEDDisplayTask
2024-12-09 03:29:13,LEDBrightnessTask
2024-12-09 03:29:13,ReadDHT11Task
2024-12-09 03:29:13,OLEDDisplayTask
2024-12-09 03:29:13,LEDBrightnessTask
2024-12-09 03:29:13,OLEDDisplayTask
2024-12-09 03:29:13,LEDBrightnessTask
2024-12-09 03:29:13,OLEDDisplayTask
2024-12-09 03:29:13,Mq2Task
2024-12-09 03:29:13,LEDBrightnessTask
2024-12-09 03:29:13,MQ-2 Gas Concentration: Received alertValue: 110
2024-12-09 03:29:13,.06 PPM
2024-12-09 03:29:13,deserializeJson() failed: InvalidInput
2024-12-09 03:29:13,deserializeJson() failed: InvalidInput
2024-12-09 03:29:13,deserializeJson() failed: InvalidInput
2024-12-09 03:29:13,OLEDDisplayTask
2024-12-09 03:29:13,LEDBrightnessTask
2024-12-09 03:29:14,LEDBrightnessTask
2024-12-09 03:29:14,OLEDDisplayTask
2024-12-09 03:29:14,Temperature: 37 °C	Humidity: 44 %
2024-12-09 03:29:14,LEDBrightnessTask
2024-12-09 03:29:14,OLEDDisplayTask
2024-12-09 03:29:14,Received arcValue: 50
2024-12-09 03:29:14,Received valueButton7: 0
2024-12-09 03:29:14,Received valueButton8: 0
2024-12-09 03:29:14,deserializeJson() failed: InvalidInput
2024-12-09 03:29:14,deserializeJson() failed: InvalidInput
2024-12-09 03:29:14,LEDBrightnessTask
2024-12-09 03:29:14,OLEDDisplayTask
2024-12-09 03:29:14,LEDBrightnessTask
2024-12-09 03:29:14,LEDBrightnessTask
2024-12-09 03:29:14,OLEDDisplayTask
2024-12-09 03:29:14,LEDBrightnessTask
2024-12-09 03:29:14,OLEDDisplayTask
2024-12-09 03:29:14,LEDBrightnessTask
2024-12-09 03:29:14,OLEDDisplayTask
2024-12-09 03:29:14,LEDBrightnessTask
2024-12-09 03:29:14,OLEDDisplayTask
2024-12-09 03:29:14,Received arcValue: 50
2024-12-09 03:29:14,Received valueButton7: 0
2024-12-09 03:29:14,Received valueButton8: 0
2024-12-09 03:29:14,LEDBrightnessTask
2024-12-09 03:29:14,OLEDDisplayTask
2024-12-09 03:29:14,LEDBrightnessTask
2024-12-09 03:29:15,OLEDDisplayTask
2024-12-09 03:29:15,LEDBrightnessTask
2024-12-09 03:29:15,OLEDDisplayTask
2024-12-09 03:29:15,LEDBrightnessTask
2024-12-09 03:29:15,LEDBrightnessTask
2024-12-09 03:29:15,OLEDDisplayTask
2024-12-09 03:29:15,LEDBrightnessTask
2024-12-09 03:29:15,OLEDDisplayTask
2024-12-09 03:29:15,UDPListenerSendTask
2024-12-09 03:29:15,deserializeJson() failed: InvalidInput
2024-12-09 03:29:15,Received arcValue: 50
2024-12-09 03:29:15,Received valueButton7: 0
2024-12-09 03:29:15,Received valueButton8: 0
2024-12-09 03:29:15,LEDBrightnessTask
2024-12-09 03:29:15,Received alertValue: 0
2024-12-09 03:29:15,deserializeJson() failed: InvalidInput
2024-12-09 03:29:15,deserializeJson() failed: InvalidInput
2024-12-09 03:29:15,OLEDDisplayTask
2024-12-09 03:29:15,deserializeJson() failed: InvalidInput
2024-12-09 03:29:15,LEDBrightnessTask
2024-12-09 03:29:15,OLEDDisplayTask
2024-12-09 03:29:15,LEDBrightnessTask
2024-12-09 03:29:15,Received arcValue: 50
2024-12-09 03:29:15,Received valueButton7: 0
2024-12-09 03:29:15,Received valueButton8: 0
2024-12-09 03:29:15,Received alertValue: 0
2024-12-09 03:29:15,LEDBrightnessTask
2024-12-09 03:29:15,OLEDDisplayTask
2024-12-09 03:29:15,LEDBrightnessTask
2024-12-09 03:29:15,OLEDDisplayTask
2024-12-09 03:29:15,Mq2Task
2024-12-09 03:29:15,MQ-2 Gas Concentration: 15.75 PPM
2024-12-09 03:29:15,LEDBrightnessTask
2024-12-09 03:29:15,OLEDDisplayTask
2024-12-09 03:29:16,ReadDHT11Task
2024-12-09 03:29:16,LEDBrightnessTask
2024-12-09 03:29:16,OLEDDisplayTask
2024-12-09 03:29:16,LEDBrightnessTask
2024-12-09 03:29:16,OLEDDisplayTask
2024-12-09 03:29:16,LEDBrightnessTask
2024-12-09 03:29:16,OLEDDisplayTask
2024-12-09 03:29:16,Received arcValue: 50
2024-12-09 03:29:16,Received valueButton7: 0
2024-12-09 03:29:16,Received valueButton8: 0
2024-12-09 03:29:16,Received alertValue: 0
2024-12-09 03:29:16,deserializeJson() failed: InvalidInput
2024-12-09 03:29:16,deserializeJson() failed: InvalidInput
2024-12-09 03:29:16,LEDBrightnessTask
2024-12-09 03:29:16,OLEDDisplayTask
2024-12-09 03:29:16,LEDBrightnessTask
2024-12-09 03:29:16,Temperature: 37 °C	Humidity: 44 %
2024-12-09 03:29:16,LEDBrightnessTask
2024-12-09 03:29:16,OLEDDisplayTask
2024-12-09 03:29:16,Received arcValue: 50
2024-12-09 03:29:16,Received valueButton7: 0
2024-12-09 03:29:16,Received valueButton8: 0
2024-12-09 03:29:16,deserializeJson() failed: InvalidInput
2024-12-09 03:29:16,deserializeJson() failed: InvalidInput
2024-12-09 03:29:16,deserializeJson() failed: InvalidInput
2024-12-09 03:29:16,LEDBrightnessTask
2024-12-09 03:29:16,OLEDDisplayTask
2024-12-09 03:29:16,LEDBrightnessTask
2024-12-09 03:29:16,OLEDDisplayTask
2024-12-09 03:29:16,LEDBrightnessTask
2024-12-09 03:29:16,OLEDDisplayTask
2024-12-09 03:29:17,LEDBrightnessTask
2024-12-09 03:29:17,OLEDDisplayTask
2024-12-09 03:29:17,LEDBrightnessTask
2024-12-09 03:29:17,OLEDDisplayTask
2024-12-09 03:29:17,LEDBrightnessTask
2024-12-09 03:29:17,Received arcValue: 50
2024-12-09 03:29:17,Received valueButton7: 0
2024-12-09 03:29:17,Received valueButton8: 0
2024-12-09 03:29:17,OLEDDisplayTask
2024-12-09 03:29:17,LEDBrightnessTask
2024-12-09 03:29:17,UDPListenerSendTask
2024-12-09 03:29:17,OLEDDisplayTask
2024-12-09 03:29:17,LEDBrightnessTask
2024-12-09 03:29:17,LEDBrightnessTask
2024-12-09 03:29:17,OLEDDisplayTask
2024-12-09 03:29:17,LEDBrightnessTask
2024-12-09 03:29:17,OLEDDisplayTask
2024-12-09 03:29:17,LEDBrightnessTask
2024-12-09 03:29:17,OLEDDisplayTask
2024-12-09 03:29:17,LEDBrightnessTask
2024-12-09 03:29:17,Received arcValue: 50
2024-12-09 03:29:17,Received valueButton7: 0
2024-12-09 03:29:17,Received valueButton8: 0
2024-12-09 03:29:17,deserializeJson() failed: InvalidInput
2024-12-09 03:29:17,deserializeJson() failed: InvalidInput
2024-12-09 03:29:17,OLEDDisplayTask
2024-12-09 03:29:17,LEDBrightnessTask
2024-12-09 03:29:17,Mq2Task
2024-12-09 03:29:18,OLEDDisplayTask
2024-12-09 03:29:18,MQ-2 Gas Concentration: 10.15 PPM
2024-12-09 03:29:18,LEDBrightnessTask
2024-12-09 03:29:18,OLEDDisplayTask
2024-12-09 03:29:18,LEDBrightnessTask
2024-12-09 03:29:18,Received arcValue: 50
2024-12-09 03:29:18,Received valueButton7: 0
2024-12-09 03:29:18,Received valueButton8: 0
2024-12-09 03:29:18,deserializeJson() failed: InvalidInput
2024-12-09 03:29:18,deserializeJson() failed: InvalidInput
2024-12-09 03:29:18,OLEDDisplayTask
2024-12-09 03:29:18,LEDBrightnessTask
2024-12-09 03:29:18,LEDBrightnessTask
2024-12-09 03:29:18,OLEDDisplayTask
2024-12-09 03:29:18,LEDBrightnessTask
2024-12-09 03:29:18,OLEDDisplayTask
2024-12-09 03:29:18,LEDBrightnessTask
2024-12-09 03:29:18,OLEDDisplayTask
2024-12-09 03:29:18,ReadDHT11Task
2024-12-09 03:29:18,LEDBrightnessTask
2024-12-09 03:29:18,OLEDDisplayTask
2024-12-09 03:29:18,LEDBrightnessTask
2024-12-09 03:29:18,OLEDDisplayTask
2024-12-09 03:29:18,LEDBrightnessTask
2024-12-09 03:29:18,OLEDDisplayTask
2024-12-09 03:29:18,LEDBrightnessTask
2024-12-09 03:29:19,OLEDDisplayTask
2024-12-09 03:29:19,LEDBrightnessTask
2024-12-09 03:29:19,Temperature: 37 °C	Humidity: 44 %
2024-12-09 03:29:19,OLEDDisplayTask
2024-12-09 03:29:19,LEDBrightnessTask
2024-12-09 03:29:19,LEDBrightnessTask
2024-12-09 03:29:19,OLEDDisplayTask
2024-12-09 03:29:19,LEDBrightnessTask
2024-12-09 03:29:19,OLEDDisplayTask
2024-12-09 03:29:19,UDPListenerSendTask
2024-12-09 03:29:19,Received arcValue: 50
2024-12-09 03:29:19,Received valueButton7: 0
2024-12-09 03:29:19,Received valueButton8: 0
2024-12-09 03:29:19,deserializeJson() failed: InvalidInput
2024-12-09 03:29:19,deserializeJson() failed: InvalidInput
2024-12-09 03:29:19,LEDBrightnessTask
2024-12-09 03:29:19,OLEDDisplayTask
2024-12-09 03:29:19,LEDBrightnessTask
2024-12-09 03:29:19,OLEDDisplayTask
2024-12-09 03:29:19,LEDBrightnessTask
2024-12-09 03:29:19,OLEDDisplayTask
2024-12-09 03:29:19,Received arcValue: 50
2024-12-09 03:29:19,Received valueButton7: 0
2024-12-09 03:29:19,Received valueButton8: 0
2024-12-09 03:29:19,LEDBrightnessTask
2024-12-09 03:29:19,OLEDDisplayTask
2024-12-09 03:29:19,LEDBrightnessTask
2024-12-09 03:29:19,OLEDDisplayTask
2024-12-09 03:29:20,LEDBrightnessTask
2024-12-09 03:29:20,Mq2Task
2024-12-09 03:29:20,MQ-2 Gas Concentration: 10.OLEDDisplayTask
2024-12-09 03:29:20,42 PPM
2024-12-09 03:29:20,LEDBrightnessTask
2024-12-09 03:29:20,OLEDDisplayTask
2024-12-09 03:29:20,LEDBrightnessTask
2024-12-09 03:29:20,OLEDDisplayTask
2024-12-09 03:29:20,LEDBrightnessTask
2024-12-09 03:29:20,deserializeJson() failed: InvalidInput
2024-12-09 03:29:20,OLEDDisplayTask
2024-12-09 03:29:20,LEDBrightnessTask
2024-12-09 03:29:20,LEDBrightnessTask
2024-12-09 03:29:20,OLEDDisplayTask
2024-12-09 03:29:20,LEDBrightnessTask
2024-12-09 03:29:20,OLEDDisplayTask
2024-12-09 03:29:20,LEDBrightnessTask
2024-12-09 03:29:20,OLEDDisplayTask
2024-12-09 03:29:20,LEDBrightnessTask
2024-12-09 03:29:20,OLEDDisplayTask
2024-12-09 03:29:20,LEDBrightnessTask
2024-12-09 03:29:20,OLEDDisplayTask
2024-12-09 03:29:21,LEDBrightnessTask
2024-12-09 03:29:21,OLEDDisplayTask
2024-12-09 03:29:21,LEDBrightnessTask
2024-12-09 03:29:21,ReadDHT11Task
2024-12-09 03:29:21,OLEDDisplayTask
2024-12-09 03:29:21,LEDBrightnessTask
2024-12-09 03:29:21,OLEDDisplayTask
2024-12-09 03:29:21,LEDBrightnessTask
2024-12-09 03:29:21,UDPListenerSendTask
2024-12-09 03:29:21,LEDBrightnessTask
2024-12-09 03:29:21,OLEDDisplayTask
2024-12-09 03:29:21,LEDBrightnessTask
2024-12-09 03:29:21,OLEDDisplayTask
2024-12-09 03:29:21,LEDBrightnessTask
2024-12-09 03:29:21,Temperature: 37 °C	Humidity: 44 %
2024-12-09 03:29:21,OLEDDisplayTask
2024-12-09 03:29:21,LEDBrightnessTask
2024-12-09 03:29:21,OLEDDisplayTask
2024-12-09 03:29:21,LEDBrightnessTask
2024-12-09 03:29:21,OLEDDisplayTask
2024-12-09 03:29:21,LEDBrightnessTask
2024-12-09 03:29:22,OLEDDisplayTask
2024-12-09 03:29:22,LEDBrightnessTask
2024-12-09 03:29:22,Mq2Task
2024-12-09 03:29:22,MQ-2 Gas Concentration: 11.08 PPM
2024-12-09 03:29:22,LEDBrightnessTask
2024-12-09 03:29:22,OLEDDisplayTask
2024-12-09 03:29:22,LEDBrightnessTask
2024-12-09 03:29:22,OLEDDisplayTask
2024-12-09 03:29:22,LEDBrightnessTask
2024-12-09 03:29:22,OLEDDisplayTask
2024-12-09 03:29:22,LEDBrightnessTask
2024-12-09 03:29:22,OLEDDisplayTask
2024-12-09 03:29:22,LEDBrightnessTask
2024-12-09 03:29:22,OLEDDisplayTask
2024-12-09 03:29:22,LEDBrightnessTask
2024-12-09 03:29:22,OLEDDisplayTask
2024-12-09 03:29:22,LEDBrightnessTask
2024-12-09 03:29:22,OLEDDisplayTask
2024-12-09 03:29:22,LEDBrightnessTask
2024-12-09 03:29:22,OLEDDisplayTask
2024-12-09 03:29:23,LEDBrightnessTask
2024-12-09 03:29:23,OLEDDisplayTask
2024-12-09 03:29:23,LEDBrightnessTask
2024-12-09 03:29:23,OLEDDisplayTask
2024-12-09 03:29:23,LEDBrightnessTask
2024-12-09 03:29:23,OLEDDisplayTask
2024-12-09 03:29:23,LEDBrightnessTask
2024-12-09 03:29:23,UDPListenerSendTask
2024-12-09 03:29:23,OLEDDisplayTask
2024-12-09 03:29:23,LEDBrightnessTask
2024-12-09 03:29:23,OLEDDisplayTask
2024-12-09 03:29:23,LEDBrightnessTask
2024-12-09 03:29:23,LEDBrightnessTask
2024-12-09 03:29:23,ReadDHT11Task
2024-12-09 03:29:23,OLEDDisplayTask
2024-12-09 03:29:23,LEDBrightnessTask
2024-12-09 03:29:23,OLEDDisplayTask
2024-12-09 03:29:23,LEDBrightnessTask
2024-12-09 03:29:23,OLEDDisplayTask
2024-12-09 03:29:23,LEDBrightnessTask
2024-12-09 03:29:24,OLEDDisplayTask
2024-12-09 03:29:24,LEDBrightnessTask
2024-12-09 03:29:24,Mq2Task
2024-12-09 03:29:24,OLEDDisplayTask
2024-12-09 03:29:24,MQ-2 Gas Concentration: 11.11 PPM
2024-12-09 03:29:24,LEDBrightnessTask
2024-12-09 03:29:24,Temperature: 37 °C	Humidity: 44 %
2024-12-09 03:29:24,OLEDDisplayTask
2024-12-09 03:29:24,LEDBrightnessTask
2024-12-09 03:29:24,LEDBrightnessTask
2024-12-09 03:29:24,OLEDDisplayTask
2024-12-09 03:29:24,LEDBrightnessTask
2024-12-09 03:29:24,OLEDDisplayTask
2024-12-09 03:29:24,LEDBrightnessTask
2024-12-09 03:29:24,OLEDDisplayTask
2024-12-09 03:29:24,LEDBrightnessTask
2024-12-09 03:29:24,OLEDDisplayTask
2024-12-09 03:29:24,LEDBrightnessTask
2024-12-09 03:29:24,LEDBrightnessTask
2024-12-09 03:29:24,OLEDDisplayTask
2024-12-09 03:29:24,Received arcValue: 50
2024-12-09 03:29:24,Received valueButton7: 0
2024-12-09 03:29:24,Received valueButton8: 0
2024-12-09 03:29:25,Received alertValue: 0
2024-12-09 03:29:25,LEDBrightnessTask
2024-12-09 03:29:25,OLEDDisplayTask
2024-12-09 03:29:25,LEDBrightnessTask
2024-12-09 03:29:25,OLEDDisplayTask
2024-12-09 03:29:25,LEDBrightnessTask
2024-12-09 03:29:25,OLEDDisplayTask
2024-12-09 03:29:25,Received arcValue: 50
2024-12-09 03:29:25,Received valueButton7: 0
2024-12-09 03:29:25,Received valueButton8: 0
2024-12-09 03:29:25,Received alertValue: 0
2024-12-09 03:29:25,LEDBrightnessTask
2024-12-09 03:29:25,OLEDDisplayTask
2024-12-09 03:29:25,UDPListenerSendTask
2024-12-09 03:29:25,LEDBrightnessTask
2024-12-09 03:29:25,OLEDDisplayTask
2024-12-09 03:29:25,LEDBrightnessTask
2024-12-09 03:29:25,OLEDDisplayTask
2024-12-09 03:29:25,LEDBrightnessTask
2024-12-09 03:29:25,OLEDDisplayTask
2024-12-09 03:29:25,LEDBrightnessTask
2024-12-09 03:29:25,OLEDDisplayTask
2024-12-09 03:29:25,LEDBrightnessTask
2024-12-09 03:29:25,Received arcValue: 50
2024-12-09 03:29:25,Received valueButton7: 0
2024-12-09 03:29:25,Received valueButton8: 0
2024-12-09 03:29:25,Received alertValue: 0
2024-12-09 03:29:25,deserializeJson() failed: InvalidInput
2024-12-09 03:29:25,deserializeJson() failed: InvalidInput
2024-12-09 03:29:25,deserializeJson() failed: InvalidInput
2024-12-09 03:29:25,deserializeJson() failed: InvalidInput
2024-12-09 03:29:25,deserializeJson() failed: InvalidInput
2024-12-09 03:29:25,OLEDDisplayTask
2024-12-09 03:29:25,LEDBrightnessTask
2024-12-09 03:29:26,LEDBrightnessTask
2024-12-09 03:29:26,OLEDDisplayTask
2024-12-09 03:29:26,Mq2Task
2024-12-09 03:29:26,LEDBrightnessTask
2024-12-09 03:29:26,ReadDHT11Task
2024-12-09 03:29:26,OLEDDisplayTask
2024-12-09 03:29:26,MQ-2 Gas Concentration: 10.83 PPM
2024-12-09 03:29:26,Received arcValue: 50
2024-12-09 03:29:26,Received valueButton7: 0
2024-12-09 03:29:26,Received valueButton8: 0
2024-12-09 03:29:26,Received alertValue: 0
2024-12-09 03:29:26,deserializeJson() failed: InvalidInput
2024-12-09 03:29:26,deserializeJson() failed: InvalidInput
2024-12-09 03:29:26,deserializeJson() failed: InvalidInput
2024-12-09 03:29:26,deserializeJson() failed: InvalidInput
2024-12-09 03:29:26,LEDBrightnessTask
2024-12-09 03:29:26,OLEDDisplayTask
2024-12-09 03:29:26,LEDBrightnessTask
2024-12-09 03:29:26,OLEDDisplayTask
2024-12-09 03:29:26,LEDBrightnessTask
2024-12-09 03:29:26,OLEDDisplayTask
2024-12-09 03:29:26,LEDBrightnessTask
2024-12-09 03:29:26,OLEDDisplayTask
2024-12-09 03:29:26,LEDBrightnessTask
2024-12-09 03:29:26,Temperature: 37 °C	Humidity: 44 %
2024-12-09 03:29:26,OLEDDisplayTask
2024-12-09 03:29:26,Received arcValue: LEDBrightnessTask
2024-12-09 03:29:26,50
2024-12-09 03:29:26,Received valueButton7: 0
2024-12-09 03:29:26,Received valueButton8: 0
2024-12-09 03:29:26,OLEDDisplayTask
2024-12-09 03:29:26,LEDBrightnessTask
2024-12-09 03:29:26,OLEDDisplayTask
2024-12-09 03:29:26,LEDBrightnessTask
2024-12-09 03:29:27,OLEDDisplayTask
2024-12-09 03:29:27,LEDBrightnessTask
2024-12-09 03:29:27,OLEDDisplayTask
2024-12-09 03:29:27,LEDBrightnessTask
2024-12-09 03:29:27,LEDBrightnessTask
2024-12-09 03:29:27,OLEDDisplayTask
2024-12-09 03:29:27,UDPListenerSendTask
2024-12-09 03:29:27,LEDBrightnessTask
2024-12-09 03:29:27,deserializeJson() failed: InvalidInput
2024-12-09 03:29:27,Received alertValue: 0
2024-12-09 03:29:27,deserializeJson() failed: InvalidInput
2024-12-09 03:29:27,OLEDDisplayTask
2024-12-09 03:29:27,deserializeJson() failed: InvalidInput
2024-12-09 03:29:27,LEDBrightnessTask
2024-12-09 03:29:27,OLEDDisplayTask
2024-12-09 03:29:27,LEDBrightnessTask
2024-12-09 03:29:27,OLEDDisplayTask
2024-12-09 03:29:27,LEDBrightnessTask
2024-12-09 03:29:27,OLEDDisplayTask
2024-12-09 03:29:27,LEDBrightnessTask
2024-12-09 03:29:27,OLEDDisplayTask
2024-12-09 03:29:27,LEDBrightnessTask
2024-12-09 03:29:27,OLEDDisplayTask
2024-12-09 03:29:28,LEDBrightnessTask
2024-12-09 03:29:28,OLEDDisplayTask
2024-12-09 03:29:28,LEDBrightnessTask
2024-12-09 03:29:28,Mq2Task
2024-12-09 03:29:28,OLEDDisplayTask
2024-12-09 03:29:28,MQ-2 Gas Concentration: 9.27 PPM
2024-12-09 03:29:28,LEDBrightnessTask
2024-12-09 03:29:28,Received arcValue: 50
2024-12-09 03:29:28,Received valueButton7: 0
2024-12-09 03:29:28,Received valueButton8: 0
2024-12-09 03:29:28,Received alertValue: OLEDDisplayTask
2024-12-09 03:29:28,0
2024-12-09 03:29:28,LEDBrightnessTask
2024-12-09 03:29:28,OLEDDisplayTask
2024-12-09 03:29:28,LEDBrightnessTask
2024-12-09 03:29:28,OLEDDisplayTask
2024-12-09 03:29:28,LEDBrightnessTask
2024-12-09 03:29:28,OLEDDisplayTask
2024-12-09 03:29:28,ReadDHT11Task
2024-12-09 03:29:28,LEDBrightnessTask
2024-12-09 03:29:28,LEDBrightnessTask
2024-12-09 03:29:28,OLEDDisplayTask
2024-12-09 03:29:28,LEDBrightnessTask
2024-12-09 03:29:28,OLEDDisplayTask
2024-12-09 03:29:28,Received alertValue: 0
2024-12-09 03:29:28,Received arcValue: 50
2024-12-09 03:29:28,Received valueButton7: 0
2024-12-09 03:29:28,Received valueButton8: 0
2024-12-09 03:29:28,LEDBrightnessTask
2024-12-09 03:29:29,deserializeJson() failed: InvalidInput
2024-12-09 03:29:29,OLEDDisplayTask
2024-12-09 03:29:29,deserializeJson() failed: InvalidInput
2024-12-09 03:29:29,LEDBrightnessTask
2024-12-09 03:29:29,OLEDDisplayTask
2024-12-09 03:29:29,LEDBrightnessTask
2024-12-09 03:29:29,Temperature: 37 °C	Humidity: 44 %
2024-12-09 03:29:29,Received alertValue: 0
2024-12-09 03:29:29,OLEDDisplayTask
2024-12-09 03:29:29,Received arcValue: 50
2024-12-09 03:29:29,Received valueButton7: 0
2024-12-09 03:29:29,Received valueButton8: 0
2024-12-09 03:29:29,deserializeJson() failed: InvalidInput
2024-12-09 03:29:29,deserializeJson() failed: InvalidInput
2024-12-09 03:29:29,deserializeJson() failed: InvalidInput
2024-12-09 03:29:29,deserializeJson() failed: InvalidInput
2024-12-09 03:29:29,LEDBrightnessTask
2024-12-09 03:29:29,OLEDDisplayTask
2024-12-09 03:29:29,LEDBrightnessTask
2024-12-09 03:29:29,UDPListenerSendTask
2024-12-09 03:29:29,LEDBrightnessTask
2024-12-09 03:29:29,OLEDDisplayTask
2024-12-09 03:29:29,LEDBrightnessTask
2024-12-09 03:29:29,OLEDDisplayTask
2024-12-09 03:29:29,LEDBrightnessTask
2024-12-09 03:29:29,OLEDDisplayTask
2024-12-09 03:29:29,LEDBrightnessTask
2024-12-09 03:29:29,OLEDDisplayTask
2024-12-09 03:29:29,Received alertValue: 0
2024-12-09 03:29:29,Received arcValue: 50
2024-12-09 03:29:29,Received valueButton7: 0
2024-12-09 03:29:29,Received valueButton8: 0
2024-12-09 03:29:29,deserializeJson() failed: InvalidInput
2024-12-09 03:29:29,LEDBrightnessTask
2024-12-09 03:29:29,OLEDDisplayTask
2024-12-09 03:29:30,LEDBrightnessTask
2024-12-09 03:29:30,OLEDDisplayTask
2024-12-09 03:29:30,LEDBrightnessTask
2024-12-09 03:29:30,OLEDDisplayTask
2024-12-09 03:29:30,LEDBrightnessTask
2024-12-09 03:29:30,Mq2Task
2024-12-09 03:29:30,MQ-2 Gas Concentration: 9.76 PPM
2024-12-09 03:29:30,OLEDDisplayTask
2024-12-09 03:29:30,LEDBrightnessTask
2024-12-09 03:29:30,LEDBrightnessTask
2024-12-09 03:29:30,OLEDDisplayTask
2024-12-09 03:29:30,Received arcValue: 50
2024-12-09 03:29:30,Received valueButton7: 0
2024-12-09 03:29:30,Received valueButton8: 0
2024-12-09 03:29:30,deserializeJson() failed: InvalidInput
2024-12-09 03:29:30,deserializeJson() failed: InvalidInput
2024-12-09 03:29:30,LEDBrightnessTask
2024-12-09 03:29:30,OLEDDisplayTask
2024-12-09 03:29:30,LEDBrightnessTask
2024-12-09 03:29:30,OLEDDisplayTask
2024-12-09 03:29:30,LEDBrightnessTask
2024-12-09 03:29:30,OLEDDisplayTask
2024-12-09 03:29:30,Received arcValue: 50
2024-12-09 03:29:30,Received valueButton7: 0
2024-12-09 03:29:30,Received valueButton8: 0
2024-12-09 03:29:30,deserializeJson() failed: InvalidInput
2024-12-09 03:29:30,LEDBrightnessTask
2024-12-09 03:29:30,OLEDDisplayTask
2024-12-09 03:29:30,LEDBrightnessTask
2024-12-09 03:29:31,LEDBrightnessTask
2024-12-09 03:29:31,OLEDDisplayTask
2024-12-09 03:29:31,LEDBrightnessTask
2024-12-09 03:29:31,OLEDDisplayTaskReadDHT11Task
2024-12-09 03:29:31,LEDBrightnessTask
2024-12-09 03:29:31,OLEDDisplayTask
2024-12-09 03:29:31,LEDBrightnessTask
2024-12-09 03:29:31,UDPListenerSendTask
2024-12-09 03:29:31,Received arcValue: 50
2024-12-09 03:29:31,Received valueButton7: 0
2024-12-09 03:29:31,Received valueButton8: 0
2024-12-09 03:29:31,deserializeJson() failed: InvalidInput
2024-12-09 03:29:31,OLEDDisplayTask
2024-12-09 03:29:31,LEDBrightnessTask
2024-12-09 03:29:31,LEDBrightnessTask
2024-12-09 03:29:31,OLEDDisplayTask
2024-12-09 03:29:31,LEDBrightnessTask
2024-12-09 03:29:31,OLEDDisplayTask
2024-12-09 03:29:31,deserializeJson() failed: InvalidInput
2024-12-09 03:29:31,deserializeJson() failed: InvalidInput
2024-12-09 03:29:31,Temperature: 37 °C	Humidity: 44 %
2024-12-09 03:29:31,LEDBrightnessTask
2024-12-09 03:29:31,OLEDDisplayTask
2024-12-09 03:29:31,LEDBrightnessTask
2024-12-09 03:29:31,OLEDDisplayTask
2024-12-09 03:29:31,LEDBrightnessTask
2024-12-09 03:29:31,OLEDDisplayTask
2024-12-09 03:29:32,LEDBrightnessTask
2024-12-09 03:29:32,OLEDDisplayTask
2024-12-09 03:29:32,LEDBrightnessTask
2024-12-09 03:29:32,OLEDDisplayTask
2024-12-09 03:29:32,LEDBrightnessTask
2024-12-09 03:29:32,Mq2Task
2024-12-09 03:29:32,Received arcValue: 50
2024-12-09 03:29:32,Received valueButton7: 0
2024-12-09 03:29:32,Received valueButton8: 0
2024-12-09 03:29:32,MQ-2 Gas Concentration: 10.23 PPM
2024-12-09 03:29:32,OLEDDisplayTask
2024-12-09 03:29:32,LEDBrightnessTask
2024-12-09 03:29:32,OLEDDisplayTask
2024-12-09 03:29:32,LEDBrightnessTask
2024-12-09 03:29:32,LEDBrightnessTask
2024-12-09 03:29:32,OLEDDisplayTask
2024-12-09 03:29:32,LEDBrightnessTask
2024-12-09 03:29:32,OLEDDisplayTask
2024-12-09 03:29:32,LEDBrightnessTask
2024-12-09 03:29:32,OLEDDisplayTask
2024-12-09 03:29:32,LEDBrightnessTask
2024-12-09 03:29:32,OLEDDisplayTask
2024-12-09 03:29:32,deserializeJson() failed: InvalidInput
2024-12-09 03:29:32,LEDBrightnessTask
2024-12-09 03:29:33,OLEDDisplayTask
2024-12-09 03:29:33,LEDBrightnessTask
2024-12-09 03:29:33,OLEDDisplayTask
2024-12-09 03:29:33,LEDBrightnessTask
2024-12-09 03:29:33,OLEDDisplayTask
2024-12-09 03:29:33,Received arcValue: 50
2024-12-09 03:29:33,Received valueButton7: 0
2024-12-09 03:29:33,Received valueButton8: 0
2024-12-09 03:29:33,LEDBrightnessTask
2024-12-09 03:29:33,OLEDDisplayTask
2024-12-09 03:29:33,LEDBrightnessTask
2024-12-09 03:29:33,UDPListenerSendTask
2024-12-09 03:29:33,OLEDDisplayTaskLEDBrightnessTask
2024-12-09 03:29:33,LEDBrightnessTask
2024-12-09 03:29:33,OLEDDisplayTask
2024-12-09 03:29:33,LEDBrightnessTask
2024-12-09 03:29:33,OLEDDisplayTask
2024-12-09 03:29:33,ReadDHT11Task
2024-12-09 03:29:33,LEDBrightnessTask
2024-12-09 03:29:33,OLEDDisplayTask
2024-12-09 03:29:33,Received arcValue: 50
2024-12-09 03:29:33,Received valueButton7: 0
2024-12-09 03:29:33,Received valueButton8: 0
2024-12-09 03:29:33,deserializeJson() failed: InvalidInput
2024-12-09 03:29:33,deserializeJson() failed: InvalidInput
2024-12-09 03:29:33,LEDBrightnessTask
2024-12-09 03:29:33,OLEDDisplayTask
2024-12-09 03:29:33,LEDBrightnessTask
2024-12-09 03:29:34,OLEDDisplayTask
2024-12-09 03:29:34,LEDBrightnessTask
2024-12-09 03:29:34,OLEDDisplayTask
2024-12-09 03:29:34,LEDBrightnessTask
2024-12-09 03:29:34,Temperature: 37 °C	Humidity: 44 %
2024-12-09 03:29:34,OLEDDisplayTask
2024-12-09 03:29:34,LEDBrightnessTask
2024-12-09 03:29:34,Mq2Task
2024-12-09 03:29:34,MQ-2 Gas Concentration: 11.74 PPM
2024-12-09 03:29:34,OLEDDisplayTask
2024-12-09 03:29:34,LEDBrightnessTask
2024-12-09 03:29:34,Received arcValue: 50
2024-12-09 03:29:34,Received valueButton7: 0
2024-12-09 03:29:34,Received valueButton8: 0
2024-12-09 03:29:34,deserializeJson() failed: InvalidInput
2024-12-09 03:29:34,LEDBrightnessTask
2024-12-09 03:29:34,OLEDDisplayTask
2024-12-09 03:29:34,LEDBrightnessTask
2024-12-09 03:29:34,OLEDDisplayTask
2024-12-09 03:29:34,LEDBrightnessTask
2024-12-09 03:29:34,OLEDDisplayTask
2024-12-09 03:29:34,Received arcValue: 50
2024-12-09 03:29:34,Received valueButton7: 0
2024-12-09 03:29:34,Received valueButton8: 0
2024-12-09 03:29:34,deserializeJson() failed: InvalidInput
2024-12-09 03:29:34,LEDBrightnessTask
2024-12-09 03:29:34,OLEDDisplayTask
2024-12-09 03:29:34,LEDBrightnessTask
2024-12-09 03:29:34,OLEDDisplayTask
2024-12-09 03:29:35,LEDBrightnessTask
2024-12-09 03:29:35,OLEDDisplayTask
2024-12-09 03:29:35,LEDBrightnessTask
2024-12-09 03:29:35,OLEDDisplayTask
2024-12-09 03:29:35,LEDBrightnessTask
2024-12-09 03:29:35,OLEDDisplayTask
2024-12-09 03:29:35,LEDBrightnessTask
2024-12-09 03:29:35,Received arcValue: 50
2024-12-09 03:29:35,Received valueButton7: 0UDPListenerSendTask
2024-12-09 03:29:35,Received valueButton8: 0
2024-12-09 03:29:35,deserializeJson() failed: InvalidInput
2024-12-09 03:29:35,OLEDDisplayTask
2024-12-09 03:29:35,LEDBrightnessTask
2024-12-09 03:29:35,OLEDDisplayTask
2024-12-09 03:29:35,LEDBrightnessTask
2024-12-09 03:29:35,OLEDDisplayTask
2024-12-09 03:29:35,LEDBrightnessTask
2024-12-09 03:29:35,Received arcValue: 50
2024-12-09 03:29:35,Received valueButton7: 0
2024-12-09 03:29:35,Received valueButton8: 0
2024-12-09 03:29:35,deserializeJson() failed: InvalidInput
2024-12-09 03:29:35,deserializeJson() failed: InvalidInput
2024-12-09 03:29:35,deserializeJson() failed: InvalidInput
2024-12-09 03:29:35,OLEDDisplayTask
2024-12-09 03:29:35,LEDBrightnessTask
2024-12-09 03:29:35,LEDBrightnessTask
2024-12-09 03:29:35,OLEDDisplayTask
2024-12-09 03:29:35,LEDBrightnessTask
2024-12-09 03:29:35,OLEDDisplayTask
2024-12-09 03:29:36,LEDBrightnessTask
2024-12-09 03:29:36,OLEDDisplayTask
2024-12-09 03:29:36,LEDBrightnessTask
2024-12-09 03:29:36,OLEDDisplayTask
2024-12-09 03:29:36,ReadDHT11Task
2024-12-09 03:29:36,LEDBrightnessTask
2024-12-09 03:29:36,OLEDDisplayTask
2024-12-09 03:29:36,Received arcValue: 50
2024-12-09 03:29:36,Received valueButton7: 0
2024-12-09 03:29:36,Received valueButton8: 0
2024-12-09 03:29:36,LEDBrightnessTask
2024-12-09 03:29:36,Mq2Task
2024-12-09 03:29:36,MQ-2 Gas Concentration: 6.87 PPM
2024-12-09 03:29:36,OLEDDisplayTask
2024-12-09 03:29:36,LEDBrightnessTask
2024-12-09 03:29:36,OLEDDisplayTask
2024-12-09 03:29:36,LEDBrightnessTask
2024-12-09 03:29:36,OLEDDisplayTask
2024-12-09 03:29:36,LEDBrightnessTask
2024-12-09 03:29:36,LEDBrightnessTask
2024-12-09 03:29:36,Temperature: 37 °C	Humidity: 44 %
2024-12-09 03:29:36,OLEDDisplayTask
2024-12-09 03:29:36,LEDBrightnessTask
2024-12-09 03:29:36,OLEDDisplayTask
2024-12-09 03:29:36,Received arcValue: 50
2024-12-09 03:29:36,Received valueButton7: 0
2024-12-09 03:29:36,Received valueButton8: 0
2024-12-09 03:29:36,deserializeJson() failed: InvalidInput
2024-12-09 03:29:36,LEDBrightnessTask
2024-12-09 03:29:36,OLEDDisplayTask
2024-12-09 03:29:37,LEDBrightnessTask
2024-12-09 03:29:37,OLEDDisplayTask
2024-12-09 03:29:37,LEDBrightnessTask
2024-12-09 03:29:37,OLEDDisplayTask
2024-12-09 03:29:37,Received arcValue: 50
2024-12-09 03:29:37,Received valueButton7: 0
2024-12-09 03:29:37,Received valueButton8: 0
2024-12-09 03:29:37,deserializeJson() failed: InvalidInput
2024-12-09 03:29:37,deserializeJson() failed: InvalidInput
2024-12-09 03:29:37,LEDBrightnessTask
2024-12-09 03:29:37,OLEDDisplayTask
2024-12-09 03:29:37,LEDBrightnessTask
2024-12-09 03:29:37,UDPListenerSendTask
2024-12-09 03:29:37,OLEDDisplayTask
2024-12-09 03:29:37,LEDBrightnessTask
2024-12-09 03:29:37,LEDBrightnessTask
2024-12-09 03:29:37,OLEDDisplayTask
2024-12-09 03:29:37,LEDBrightnessTask
2024-12-09 03:29:37,OLEDDisplayTask
2024-12-09 03:29:37,LEDBrightnessTask
2024-12-09 03:29:37,OLEDDisplayTask
2024-12-09 03:29:37,Received arcValue: 50
2024-12-09 03:29:37,Received valueButton7: 0
2024-12-09 03:29:37,Received valueButton8: 0
2024-12-09 03:29:37,deserializeJson() failed: InvalidInput
2024-12-09 03:29:37,LEDBrightnessTask
2024-12-09 03:29:37,OLEDDisplayTask
2024-12-09 03:29:37,LEDBrightnessTask
2024-12-09 03:29:38,OLEDDisplayTask
2024-12-09 03:29:38,LEDBrightnessTask
2024-12-09 03:29:38,OLEDDisplayTask
2024-12-09 03:29:38,LEDBrightnessTask
2024-12-09 03:29:38,OLEDDisplayTask
2024-12-09 03:29:38,LEDBrightnessTask
2024-12-09 03:29:38,OLEDDisplayTask
2024-12-09 03:29:38,LEDBrightnessTask
2024-12-09 03:29:38,Mq2Task
2024-12-09 03:29:38,Received arcValue: 50
2024-12-09 03:29:38,Received valueButton7: 0
2024-12-09 03:29:38,Received valueButton8: 0
2024-12-09 03:29:38,MQ-2 Gas Concentration: 10.deserializeJson() failed: InvalidInput
2024-12-09 03:29:38,10 PPM
2024-12-09 03:29:38,LEDBrightnessTask
2024-12-09 03:29:38,OLEDDisplayTask
2024-12-09 03:29:38,LEDBrightnessTask
2024-12-09 03:29:38,OLEDDisplayTask
2024-12-09 03:29:38,LEDBrightnessTask
2024-12-09 03:29:38,OLEDDisplayTask
2024-12-09 03:29:38,ReadDHT11Task
2024-12-09 03:29:38,Received arcValue: 50
2024-12-09 03:29:38,Received valueButton7: 0
2024-12-09 03:29:38,Received valueButton8: 0
2024-12-09 03:29:38,deserializeJson() failed: InvalidInput
2024-12-09 03:29:38,LEDBrightnessTask
2024-12-09 03:29:38,OLEDDisplayTask
2024-12-09 03:29:38,LEDBrightnessTask
2024-12-09 03:29:38,OLEDDisplayTask
2024-12-09 03:29:39,LEDBrightnessTask
2024-12-09 03:29:39,OLEDDisplayTask
2024-12-09 03:29:39,LEDBrightnessTask
2024-12-09 03:29:39,OLEDDisplayTask
2024-12-09 03:29:39,LEDBrightnessTask
2024-12-09 03:29:39,OLEDDisplayTask
2024-12-09 03:29:39,Temperature: 37 °C	Humidity: 44 %
2024-12-09 03:29:39,LEDBrightnessTask
2024-12-09 03:29:39,Received arcValue: 50
2024-12-09 03:29:39,Received valueButton7: 0
2024-12-09 03:29:39,Received valueButton8: 0
2024-12-09 03:29:39,deserializeJson() failed: InvalidInput
2024-12-09 03:29:39,OLEDDisplayTask
2024-12-09 03:29:39,UDPListenerSendTask
2024-12-09 03:29:39,LEDBrightnessTask
2024-12-09 03:29:39,OLEDDisplayTask
2024-12-09 03:29:39,LEDBrightnessTask
2024-12-09 03:29:39,OLEDDisplayTask
2024-12-09 03:29:39,LEDBrightnessTask
2024-12-09 03:29:39,OLEDDisplayTask
2024-12-09 03:29:39,LEDBrightnessTask
2024-12-09 03:29:39,OLEDDisplayTask
2024-12-09 03:29:39,LEDBrightnessTask
2024-12-09 03:29:39,LEDBrightnessTask
2024-12-09 03:29:39,OLEDDisplayTask
2024-12-09 03:29:40,Received arcValue: 50
2024-12-09 03:29:40,Received valueButton7: 0
2024-12-09 03:29:40,Received valueButton8: 0
2024-12-09 03:29:40,deserializeJson() failed: InvalidInput
2024-12-09 03:29:40,deserializeJson() failed: InvalidInput
2024-12-09 03:29:40,LEDBrightnessTask
2024-12-09 03:29:40,OLEDDisplayTask
2024-12-09 03:29:40,LEDBrightnessTask
2024-12-09 03:29:40,OLEDDisplayTask
2024-12-09 03:29:40,LEDBrightnessTask
2024-12-09 03:29:40,OLEDDisplayTask
2024-12-09 03:29:40,Received arcValue: 50
2024-12-09 03:29:40,Received valueButton7: 0
2024-12-09 03:29:40,Received valueButton8: 0
2024-12-09 03:29:40,deserializeJson() failed: InvalidInput
2024-12-09 03:29:40,LEDBrightnessTask
2024-12-09 03:29:40,OLEDDisplayTask
2024-12-09 03:29:40,LEDBrightnessTask
2024-12-09 03:29:40,Mq2Task
2024-12-09 03:29:40,MQ-2 Gas Concentration: 10.37 PPM
2024-12-09 03:29:40,LEDBrightnessTask
2024-12-09 03:29:40,OLEDDisplayTask
2024-12-09 03:29:40,LEDBrightnessTask
2024-12-09 03:29:40,OLEDDisplayTask
2024-12-09 03:29:40,LEDBrightnessTask
2024-12-09 03:29:40,OLEDDisplayTask
2024-12-09 03:29:40,LEDBrightnessTask
2024-12-09 03:29:40,OLEDDisplayTask
2024-12-09 03:29:40,Received arcValue: 50
2024-12-09 03:29:40,Received valueButton7: 0
2024-12-09 03:29:40,Received valueButton8: 0
2024-12-09 03:29:40,deserializeJson() failed: InvalidInput
2024-12-09 03:29:40,LEDBrightnessTask
2024-12-09 03:29:41,OLEDDisplayTask
2024-12-09 03:29:41,LEDBrightnessTask
2024-12-09 03:29:41,LEDBrightnessTask
2024-12-09 03:29:41,OLEDDisplayTask
2024-12-09 03:29:41,Received arcValue: 50
2024-12-09 03:29:41,Received valueButton7: 0
2024-12-09 03:29:41,Received valueButton8: 0
2024-12-09 03:29:41,deserializeJson() failed: InvalidInput
2024-12-09 03:29:41,deserializeJson() failed: InvalidInput
2024-12-09 03:29:41,LEDBrightnessTask
2024-12-09 03:29:41,OLEDDisplayTask
2024-12-09 03:29:41,ReadDHT11Task
2024-12-09 03:29:41,LEDBrightnessTask
2024-12-09 03:29:41,OLEDDisplayTask
2024-12-09 03:29:41,UDPListenerSendTask
2024-12-09 03:29:41,LEDBrightnessTask
2024-12-09 03:29:41,OLEDDisplayTask
2024-12-09 03:29:41,LEDBrightnessTask
2024-12-09 03:29:41,OLEDDisplayTask
2024-12-09 03:29:41,LEDBrightnessTask
2024-12-09 03:29:41,OLEDDisplayTask
2024-12-09 03:29:41,Temperature: 37 °C	Humidity: 44 %
2024-12-09 03:29:41,LEDBrightnessTask
2024-12-09 03:29:41,OLEDDisplayTask
2024-12-09 03:29:41,Received arcValue: 50
2024-12-09 03:29:41,Received valueButton7: 0
2024-12-09 03:29:41,Received valueButton8: 0
2024-12-09 03:29:41,deserializeJson() failed: InvalidInput
2024-12-09 03:29:41,LEDBrightnessTask
2024-12-09 03:29:41,OLEDDisplayTask
2024-12-09 03:29:42,LEDBrightnessTask
2024-12-09 03:29:42,OLEDDisplayTask
2024-12-09 03:29:42,LEDBrightnessTask
2024-12-09 03:29:42,OLEDDisplayTask
2024-12-09 03:29:42,LEDBrightnessTask
2024-12-09 03:29:42,OLEDDisplayTask
2024-12-09 03:29:42,LEDBrightnessTask
2024-12-09 03:29:42,OLEDDisplayTask
2024-12-09 03:29:42,LEDBrightnessTask
2024-12-09 03:29:42,deserializeJson() failed: InvalidInput
2024-12-09 03:29:42,Mq2Task
2024-12-09 03:29:42,LEDBrightnessTask
2024-12-09 03:29:42,OLEDDisplayTask
2024-12-09 03:29:42,MQ-2 Gas Concentration: 12.64 PPM
2024-12-09 03:29:42,LEDBrightnessTask
2024-12-09 03:29:42,OLEDDisplayTask
2024-12-09 03:29:42,LEDBrightnessTask
2024-12-09 03:29:42,OLEDDisplayTask
2024-12-09 03:29:42,Received arcValue: 50
2024-12-09 03:29:42,Received valueButton7: 0
2024-12-09 03:29:42,Received valueButton8: 0
2024-12-09 03:29:42,LEDBrightnessTask
2024-12-09 03:29:42,OLEDDisplayTask
2024-12-09 03:29:42,LEDBrightnessTask
2024-12-09 03:29:42,OLEDDisplayTask
2024-12-09 03:29:43,LEDBrightnessTask
2024-12-09 03:29:43,OLEDDisplayTask
2024-12-09 03:29:43,LEDBrightnessTask
2024-12-09 03:29:43,deserializeJson() failed: InvalidInput
2024-12-09 03:29:43,OLEDDisplayTask
2024-12-09 03:29:43,LEDBrightnessTask
2024-12-09 03:29:43,OLEDDisplayTask
2024-12-09 03:29:43,LEDBrightnessTask
2024-12-09 03:29:43,Received arcValue: 50
2024-12-09 03:29:43,Received valueButton7: 0
2024-12-09 03:29:43,Received valueButton8: 0
2024-12-09 03:29:43,UDPListenerSendTask
2024-12-09 03:29:43,OLEDDisplayTask
2024-12-09 03:29:43,LEDBrightnessTask
2024-12-09 03:29:43,LEDBrightnessTask
2024-12-09 03:29:43,OLEDDisplayTask
2024-12-09 03:29:43,LEDBrightnessTask
2024-12-09 03:29:43,OLEDDisplayTask
2024-12-09 03:29:43,LEDBrightnessTask
2024-12-09 03:29:43,OLEDDisplayTaskReadDHT11Task
2024-12-09 03:29:43,LEDBrightnessTask
2024-12-09 03:29:43,OLEDDisplayTask
2024-12-09 03:29:43,LEDBrightnessTask
2024-12-09 03:29:43,Received arcValue: 50
2024-12-09 03:29:43,Received valueButton7: 0
2024-12-09 03:29:43,Received valueButton8: 0
2024-12-09 03:29:44,deserializeJson() failed: InvalidInput
2024-12-09 03:29:44,OLEDDisplayTask
2024-12-09 03:29:44,LEDBrightnessTask
2024-12-09 03:29:44,OLEDDisplayTask
2024-12-09 03:29:44,LEDBrightnessTask
2024-12-09 03:29:44,OLEDDisplayTask
2024-12-09 03:29:44,LEDBrightnessTask
2024-12-09 03:29:44,Received arcValue: 50
2024-12-09 03:29:44,Received valueButton7: 0
2024-12-09 03:29:44,Received valueButton8: 0
2024-12-09 03:29:44,deserializeJson() failed: InvalidInput
2024-12-09 03:29:44,Temperature: 37 °C	Humidity: 44 %
2024-12-09 03:29:44,OLEDDisplayTask
2024-12-09 03:29:44,LEDBrightnessTask
2024-12-09 03:29:44,OLEDDisplayTask
2024-12-09 03:29:44,LEDBrightnessTask
2024-12-09 03:29:44,Mq2Task
2024-12-09 03:29:44,MQ-2 Gas Concentration: 12.98 PPM
2024-12-09 03:29:44,LEDBrightnessTask
2024-12-09 03:29:44,OLEDDisplayTask
2024-12-09 03:29:44,LEDBrightnessTask
2024-12-09 03:29:44,OLEDDisplayTask
2024-12-09 03:29:44,LEDBrightnessTask
2024-12-09 03:29:44,OLEDDisplayTask
2024-12-09 03:29:44,LEDBrightnessTask
2024-12-09 03:29:44,Received arcValue: 50
2024-12-09 03:29:44,Received valueButton7: 0
2024-12-09 03:29:44,Received valueButton8: 0
2024-12-09 03:29:44,deserializeJson() failed: InvalidInput
2024-12-09 03:29:44,OLEDDisplayTask
2024-12-09 03:29:45,LEDBrightnessTask
2024-12-09 03:29:45,OLEDDisplayTask
2024-12-09 03:29:45,LEDBrightnessTask
2024-12-09 03:29:45,OLEDDisplayTask
2024-12-09 03:29:45,LEDBrightnessTask
2024-12-09 03:29:45,Received arcValue: 50
2024-12-09 03:29:45,Received valueButton7: 2
2024-12-09 03:29:45,Received valueButton8: 0
2024-12-09 03:29:45,deserializeJson() failed: InvalidInput
2024-12-09 03:29:45,deserializeJson() failed: InvalidInput
2024-12-09 03:29:45,OLEDDisplayTask
2024-12-09 03:29:45,LEDBrightnessTask
2024-12-09 03:29:45,OLEDDisplayTask
2024-12-09 03:29:45,UDPListenerSendTask
2024-12-09 03:29:45,LEDBrightnessTask
2024-12-09 03:29:45,LEDBrightnessTask
2024-12-09 03:29:45,OLEDDisplayTask
2024-12-09 03:29:45,LEDBrightnessTask
2024-12-09 03:29:45,OLEDDisplayTask
2024-12-09 03:29:45,LEDBrightnessTask
2024-12-09 03:29:45,OLEDDisplayTask
2024-12-09 03:29:45,LEDBrightnessTask
2024-12-09 03:29:45,Received arcValue: 50
2024-12-09 03:29:45,Received valueButton7: 0
2024-12-09 03:29:45,Received valueButton8: 34
2024-12-09 03:29:45,deserializeJson() failed: InvalidInput
2024-12-09 03:29:45,OLEDDisplayTask
2024-12-09 03:29:45,LEDBrightnessTask
2024-12-09 03:29:45,OLEDDisplayTask
2024-12-09 03:29:46,LEDBrightnessTask
2024-12-09 03:29:46,OLEDDisplayTask
2024-12-09 03:29:46,LEDBrightnessTask
2024-12-09 03:29:46,OLEDDisplayTask
2024-12-09 03:29:46,LEDBrightnessTask
2024-12-09 03:29:46,OLEDDisplayTask
2024-12-09 03:29:46,ReadDHT11Task
2024-12-09 03:29:46,LEDBrightnessTask
2024-12-09 03:29:46,OLEDDisplayTask
2024-12-09 03:29:46,Received arcValue: 50
2024-12-09 03:29:46,Received valueButton7: 0
2024-12-09 03:29:46,Received valueButton8: 2
2024-12-09 03:29:46,deserializeJson() failed: InvalidInput
2024-12-09 03:29:46,LEDBrightnessTask
2024-12-09 03:29:46,OLEDDisplayTask
2024-12-09 03:29:46,Mq2Task
2024-12-09 03:29:46,LEDBrightnessTask
2024-12-09 03:29:46,MQ-2 Gas Concentration: 10.07 PPM
2024-12-09 03:29:46,OLEDDisplayTask
2024-12-09 03:29:46,LEDBrightnessTask
2024-12-09 03:29:46,OLEDDisplayTask
2024-12-09 03:29:46,Received arcValue: 50
2024-12-09 03:29:46,Received valueButton7: 0
2024-12-09 03:29:46,Received valueButton8: 2
2024-12-09 03:29:46,deserializeJson() failed: InvalidInput
2024-12-09 03:29:46,deserializeJson() failed: InvalidInput
2024-12-09 03:29:46,LEDBrightnessTask
2024-12-09 03:29:46,Temperature: 37 °C	Humidity: 44 %
2024-12-09 03:29:46,OLEDDisplayTask
2024-12-09 03:29:46,LEDBrightnessTask
2024-12-09 03:29:47,LEDBrightnessTask
2024-12-09 03:29:47,OLEDDisplayTask
2024-12-09 03:29:47,LEDBrightnessTask
2024-12-09 03:29:47,OLEDDisplayTask
2024-12-09 03:29:47,LEDBrightnessTask
2024-12-09 03:29:47,OLEDDisplayTask
2024-12-09 03:29:47,LEDBrightnessTask
2024-12-09 03:29:47,OLEDDisplayTask
2024-12-09 03:29:47,Received arcValue: 50
2024-12-09 03:29:47,Received valueButton7: 0
2024-12-09 03:29:47,Received valueButton8: 0
2024-12-09 03:29:47,UDPListenerSendTask
2024-12-09 03:29:47,LEDBrightnessTask
2024-12-09 03:29:47,OLEDDisplayTask
2024-12-09 03:29:47,LEDBrightnessTask
2024-12-09 03:29:47,OLEDDisplayTask
2024-12-09 03:29:47,LEDBrightnessTask
2024-12-09 03:29:47,OLEDDisplayTask
2024-12-09 03:29:47,LEDBrightnessTask
2024-12-09 03:29:47,OLEDDisplayTask
2024-12-09 03:29:47,LEDBrightnessTask
2024-12-09 03:29:47,OLEDDisplayTask
2024-12-09 03:29:47,LEDBrightnessTask
2024-12-09 03:29:47,Received arcValue: 50
2024-12-09 03:29:47,Received valueButton7: 0
2024-12-09 03:29:47,Received valueButton8: 0
2024-12-09 03:29:47,deserializeJson() failed: InvalidInput
2024-12-09 03:29:47,deserializeJson() failed: InvalidInput
2024-12-09 03:29:48,OLEDDisplayTask
2024-12-09 03:29:48,LEDBrightnessTask
2024-12-09 03:29:48,OLEDDisplayTask
2024-12-09 03:29:48,LEDBrightnessTask
2024-12-09 03:29:48,LEDBrightnessTask
2024-12-09 03:29:48,OLEDDisplayTask
2024-12-09 03:29:48,Received arcValue: 50
2024-12-09 03:29:48,Received valueButton7: 0
2024-12-09 03:29:48,Received valueButton8: 0
2024-12-09 03:29:48,deserializeJson() failed: InvalidInput
2024-12-09 03:29:48,LEDBrightnessTask
2024-12-09 03:29:48,OLEDDisplayTask
2024-12-09 03:29:48,LEDBrightnessTask
2024-12-09 03:29:48,OLEDDisplayTask
2024-12-09 03:29:48,LEDBrightnessTask
2024-12-09 03:29:48,OLEDDisplayTask
2024-12-09 03:29:48,Mq2Task
2024-12-09 03:29:48,LEDBrightnessTask
2024-12-09 03:29:48,MQ-2 Gas Concentration: 12.83 PPM
2024-12-09 03:29:48,OLEDDisplayTask
2024-12-09 03:29:48,LEDBrightnessTask
2024-12-09 03:29:48,OLEDDisplayTask
2024-12-09 03:29:48,LEDBrightnessTask
2024-12-09 03:29:48,ReadDHT11Task
2024-12-09 03:29:48,Received arcValue: 50
2024-12-09 03:29:48,Received valueButton7: 0
2024-12-09 03:29:48,Received valueButton8: 0
2024-12-09 03:29:48,deserializeJson() failed: InvalidInput
2024-12-09 03:29:48,OLEDDisplayTask
2024-12-09 03:29:48,LEDBrightnessTask
2024-12-09 03:29:49,OLEDDisplayTask
2024-12-09 03:29:49,LEDBrightnessTask
2024-12-09 03:29:49,LEDBrightnessTask
2024-12-09 03:29:49,OLEDDisplayTask
2024-12-09 03:29:49,LEDBrightnessTask
2024-12-09 03:29:49,OLEDDisplayTask
2024-12-09 03:29:49,LEDBrightnessTask
2024-12-09 03:29:49,Temperature: 37 °C	Humidity: 44 %
2024-12-09 03:29:49,OLEDDisplayTask
2024-12-09 03:29:49,UDPListenerSendTask
2024-12-09 03:29:49,deserializeJson() failed: InvalidInput
2024-12-09 03:29:49,LEDBrightnessTask
2024-12-09 03:29:49,OLEDDisplayTask
2024-12-09 03:29:49,Received arcValue: 50
2024-12-09 03:29:49,Received valueButton7: 0
2024-12-09 03:29:49,Received valueButton8: 0
2024-12-09 03:29:49,LEDBrightnessTask
2024-12-09 03:29:49,OLEDDisplayTask
2024-12-09 03:29:49,LEDBrightnessTask
2024-12-09 03:29:49,OLEDDisplayTask
2024-12-09 03:29:49,LEDBrightnessTask
2024-12-09 03:29:49,Received arcValue: 50
2024-12-09 03:29:49,Received valueButton7: 0
2024-12-09 03:29:49,Received valueButton8: 0
2024-12-09 03:29:49,deserializeJson() failed: InvalidInput
2024-12-09 03:29:49,OLEDDisplayTask
2024-12-09 03:29:49,LEDBrightnessTask
2024-12-09 03:29:49,OLEDDisplayTask
2024-12-09 03:29:49,LEDBrightnessTask
2024-12-09 03:29:50,OLEDDisplayTask
2024-12-09 03:29:50,LEDBrightnessTask
2024-12-09 03:29:50,OLEDDisplayTask
2024-12-09 03:29:50,LEDBrightnessTask
2024-12-09 03:29:50,LEDBrightnessTask
2024-12-09 03:29:50,OLEDDisplayTask
2024-12-09 03:29:50,LEDBrightnessTask
2024-12-09 03:29:50,OLEDDisplayTask
2024-12-09 03:29:50,Received arcValue: 50
2024-12-09 03:29:50,Received valueButton7: 0
2024-12-09 03:29:50,Received valueButton8: 0
2024-12-09 03:29:50,deserializeJson() failed: InvalidInput
2024-12-09 03:29:50,LEDBrightnessTask
2024-12-09 03:29:50,OLEDDisplayTask
2024-12-09 03:29:50,LEDBrightnessTask
2024-12-09 03:29:50,Mq2Task
2024-12-09 03:29:50,LEDBrightnessTask
2024-12-09 03:29:50,OLEDDisplayTask
2024-12-09 03:29:50,MQ-2 Gas Concentration: 10.80 PPM
2024-12-09 03:29:50,Received arcValue: 50
2024-12-09 03:29:50,Received valueButton7: 0
2024-12-09 03:29:50,Received valueButton8: 0
2024-12-09 03:29:50,deserializeJson() failed: InvalidInput
2024-12-09 03:29:50,LEDBrightnessTask
2024-12-09 03:29:50,deserializeJson() failed: InvalidInput
2024-12-09 03:29:50,OLEDDisplayTask
2024-12-09 03:29:50,LEDBrightnessTask
2024-12-09 03:29:50,OLEDDisplayTask
2024-12-09 03:29:51,LEDBrightnessTask
2024-12-09 03:29:51,OLEDDisplayTask
2024-12-09 03:29:51,LEDBrightnessTask
2024-12-09 03:29:51,OLEDDisplayTask
2024-12-09 03:29:51,LEDBrightnessTask
2024-12-09 03:29:51,OLEDDisplayTask
2024-12-09 03:29:51,LEDBrightnessTask
2024-12-09 03:29:51,Received arcValue: 50
2024-12-09 03:29:51,Received valueButton7: 0
2024-12-09 03:29:51,Received valueButton8: 0
2024-12-09 03:29:51,OLEDDisplayTask
2024-12-09 03:29:51,ReadDHT11Task
2024-12-09 03:29:51,UDPListenerSendTask
2024-12-09 03:29:51,LEDBrightnessTask
2024-12-09 03:29:51,OLEDDisplayTask
2024-12-09 03:29:51,LEDBrightnessTask
2024-12-09 03:29:51,OLEDDisplayTask
2024-12-09 03:29:51,LEDBrightnessTask
2024-12-09 03:29:51,OLEDDisplayTask
2024-12-09 03:29:51,LEDBrightnessTask
2024-12-09 03:29:51,OLEDDisplayTask
2024-12-09 03:29:51,LEDBrightnessTask
2024-12-09 03:29:51,Temperature: 37 °C	Humidity: 44 %
2024-12-09 03:29:51,OLEDDisplayTask
2024-12-09 03:29:51,LEDBrightnessTask
2024-12-09 03:29:51,deserializeJson() failed: InvalidInput
2024-12-09 03:29:51,deserializeJson() failed: InvalidInput
2024-12-09 03:29:52,OLEDDisplayTask
2024-12-09 03:29:52,LEDBrightnessTask
2024-12-09 03:29:52,LEDBrightnessTask
2024-12-09 03:29:52,OLEDDisplayTask
2024-12-09 03:29:52,LEDBrightnessTask
2024-12-09 03:29:52,OLEDDisplayTask
2024-12-09 03:29:52,Received arcValue: 50
2024-12-09 03:29:52,Received valueButton7: 0
2024-12-09 03:29:52,Received valueButton8: 0
2024-12-09 03:29:52,LEDBrightnessTask
2024-12-09 03:29:52,OLEDDisplayTask
2024-12-09 03:29:52,LEDBrightnessTask
2024-12-09 03:29:52,OLEDDisplayTask
2024-12-09 03:29:52,LEDBrightnessTask
2024-12-09 03:29:52,OLEDDisplayTask
2024-12-09 03:29:52,LEDBrightnessTask
2024-12-09 03:29:52,Mq2Task
2024-12-09 03:29:52,OLEDDisplayTask
2024-12-09 03:29:52,MQ-2 Gas Concentration: LEDBrightnessTask
2024-12-09 03:29:52,9.65 PPM
2024-12-09 03:29:52,OLEDDisplayTask
2024-12-09 03:29:52,LEDBrightnessTask
2024-12-09 03:29:52,Received arcValue: 50
2024-12-09 03:29:52,Received valueButton7: 0
2024-12-09 03:29:52,Received valueButton8: 0
2024-12-09 03:29:52,deserializeJson() failed: InvalidInput
2024-12-09 03:29:52,LEDBrightnessTask
2024-12-09 03:29:52,OLEDDisplayTask
2024-12-09 03:29:53,LEDBrightnessTask
2024-12-09 03:29:53,OLEDDisplayTask
2024-12-09 03:29:53,LEDBrightnessTask
2024-12-09 03:29:53,OLEDDisplayTask
2024-12-09 03:29:53,LEDBrightnessTask
2024-12-09 03:29:53,OLEDDisplayTask
2024-12-09 03:29:53,LEDBrightnessTask
2024-12-09 03:29:53,UDPListenerSendTask
2024-12-09 03:29:53,deserializeJson() failed: InvalidInput
2024-12-09 03:29:53,OLEDDisplayTask
2024-12-09 03:29:53,LEDBrightnessTask
2024-12-09 03:29:53,Received arcValue: 50
2024-12-09 03:29:53,Received valueButton7: 0
2024-12-09 03:29:53,Received valueButton8: 0
2024-12-09 03:29:53,deserializeJson() failed: InvalidInput
2024-12-09 03:29:53,OLEDDisplayTask
2024-12-09 03:29:53,deserializeJson() failed: InvalidInput
2024-12-09 03:29:53,LEDBrightnessTask
2024-12-09 03:29:53,OLEDDisplayTask
2024-12-09 03:29:53,LEDBrightnessTask
2024-12-09 03:29:53,LEDBrightnessTask
2024-12-09 03:29:53,OLEDDisplayTask
2024-12-09 03:29:53,Received arcValue: 50
2024-12-09 03:29:53,Received valueButton7: 0
2024-12-09 03:29:53,Received valueButton8: 0
2024-12-09 03:29:53,LEDBrightnessTask
2024-12-09 03:29:53,OLEDDisplayTask
2024-12-09 03:29:53,ReadDHT11Task
2024-12-09 03:29:53,LEDBrightnessTask
2024-12-09 03:29:53,OLEDDisplayTask
2024-12-09 03:29:54,LEDBrightnessTask
2024-12-09 03:29:54,OLEDDisplayTask
2024-12-09 03:29:54,LEDBrightnessTask
2024-12-09 03:29:54,OLEDDisplayTask
2024-12-09 03:29:54,LEDBrightnessTask
2024-12-09 03:29:54,OLEDDisplayTask
2024-12-09 03:29:54,LEDBrightnessTask
2024-12-09 03:29:54,Temperature: 37 °C	Humidity: 44 %
2024-12-09 03:29:54,Received arcValue: 50
2024-12-09 03:29:54,Received valueButton7: 0
2024-12-09 03:29:54,Received valueButton8: 0
2024-12-09 03:29:54,OLEDDisplayTask
2024-12-09 03:29:54,deserializeJson() failed: InvalidInput
2024-12-09 03:29:54,LEDBrightnessTask
2024-12-09 03:29:54,OLEDDisplayTask
2024-12-09 03:29:54,LEDBrightnessTask
2024-12-09 03:29:54,OLEDDisplayTask
2024-12-09 03:29:54,LEDBrightnessTask
2024-12-09 03:29:54,Received arcValue: 50
2024-12-09 03:29:54,Received valueButton7: 0
2024-12-09 03:29:54,Received valueButton8: 0
2024-12-09 03:29:54,deserializeJson() failed: InvalidInput
2024-12-09 03:29:54,Mq2Task
2024-12-09 03:29:54,OLEDDisplayTask
2024-12-09 03:29:54,MQ-2 Gas Concentration: 10.94 PPM
2024-12-09 03:29:54,LEDBrightnessTask
2024-12-09 03:29:54,deserializeJson() failed: InvalidInput
2024-12-09 03:29:54,OLEDDisplayTask
2024-12-09 03:29:54,LEDBrightnessTask
2024-12-09 03:29:55,LEDBrightnessTask
2024-12-09 03:29:55,OLEDDisplayTask
2024-12-09 03:29:55,LEDBrightnessTask
2024-12-09 03:29:55,OLEDDisplayTask
2024-12-09 03:29:55,LEDBrightnessTask
2024-12-09 03:29:55,OLEDDisplayTask
2024-12-09 03:29:55,LEDBrightnessTask
2024-12-09 03:29:55,OLEDDisplayTask
2024-12-09 03:29:55,Received arcValue: 50
2024-12-09 03:29:55,Received valueButton7: 0
2024-12-09 03:29:55,Received valueButton8: 0
2024-12-09 03:29:55,LEDBrightnessTask
2024-12-09 03:29:55,UDPListenerSendTask
2024-12-09 03:29:55,OLEDDisplayTask
2024-12-09 03:29:55,LEDBrightnessTask
2024-12-09 03:29:55,OLEDDisplayTask
2024-12-09 03:29:55,LEDBrightnessTask
2024-12-09 03:29:55,OLEDDisplayTask
2024-12-09 03:29:55,LEDBrightnessTask
2024-12-09 03:29:55,OLEDDisplayTask
2024-12-09 03:29:55,LEDBrightnessTask
2024-12-09 03:29:55,LEDBrightnessTask
2024-12-09 03:29:55,OLEDDisplayTask
2024-12-09 03:29:55,deserializeJson() failed: InvalidInput
2024-12-09 03:29:56,LEDBrightnessTask
2024-12-09 03:29:56,OLEDDisplayTask
2024-12-09 03:29:56,LEDBrightnessTask
2024-12-09 03:29:56,OLEDDisplayTask
2024-12-09 03:29:56,LEDBrightnessTask
2024-12-09 03:29:56,OLEDDisplayTask
2024-12-09 03:29:56,Received arcValue: 50
2024-12-09 03:29:56,Received valueButton7: 0
2024-12-09 03:29:56,Received valueButton8: 0
2024-12-09 03:29:56,deserializeJson() failed: InvalidInput
2024-12-09 03:29:56,LEDBrightnessTask
2024-12-09 03:29:56,OLEDDisplayTask
2024-12-09 03:29:56,LEDBrightnessTask
2024-12-09 03:29:56,ReadDHT11Task
2024-12-09 03:29:56,OLEDDisplayTask
2024-12-09 03:29:56,LEDBrightnessTask
2024-12-09 03:29:56,LEDBrightnessTask
2024-12-09 03:29:56,LEDBrightnessTask
2024-12-09 03:29:56,Mq2Task
2024-12-09 03:29:56,LEDBrightnessTask
2024-12-09 03:29:56,MQ-2 Gas Concentration: 9.76 PPM
2024-12-09 03:29:56,Received arcValue: 50
2024-12-09 03:29:56,Received valueButton7: 0
2024-12-09 03:29:56,Received valueButton8: 0
2024-12-09 03:29:56,LEDBrightnessTask
2024-12-09 03:29:56,Temperature: 37 °C	Humidity: 44 %
2024-12-09 03:29:57,LEDBrightnessTask
2024-12-09 03:29:57,OLEDDisplayTask
2024-12-09 03:29:57,LEDBrightnessTask
2024-12-09 03:29:57,OLEDDisplayTask
2024-12-09 03:29:57,LEDBrightnessTask
2024-12-09 03:29:57,OLEDDisplayTask
2024-12-09 03:29:57,LEDBrightnessTask
2024-12-09 03:29:57,OLEDDisplayTask
2024-12-09 03:29:57,UDPListenerSendTask
2024-12-09 03:29:57,deserializeJson() failed: InvalidInput
2024-12-09 03:29:57,LEDBrightnessTask
2024-12-09 03:29:57,OLEDDisplayTask
2024-12-09 03:29:57,LEDBrightnessTask
2024-12-09 03:29:57,OLEDDisplayTask
2024-12-09 03:29:57,LEDBrightnessTask
2024-12-09 03:29:57,OLEDDisplayTask
2024-12-09 03:29:57,LEDBrightnessTask
2024-12-09 03:29:57,OLEDDisplayTask
2024-12-09 03:29:57,Received arcValue: 50
2024-12-09 03:29:57,Received valueButton7: 0
2024-12-09 03:29:57,Received valueButton8: 0
2024-12-09 03:29:57,LEDBrightnessTask
2024-12-09 03:29:57,OLEDDisplayTask
2024-12-09 03:29:57,LEDBrightnessTask
2024-12-09 03:29:58,OLEDDisplayTask
2024-12-09 03:29:58,LEDBrightnessTask
2024-12-09 03:29:58,OLEDDisplayTask
2024-12-09 03:29:58,LEDBrightnessTask
2024-12-09 03:29:58,OLEDDisplayTask
2024-12-09 03:29:58,LEDBrightnessTask
2024-12-09 03:29:58,OLEDDisplayTask
2024-12-09 03:29:58,LEDBrightnessTask
2024-12-09 03:29:58,Received arcValue: 50
2024-12-09 03:29:58,Received valueButton7: 0
2024-12-09 03:29:58,Received valueButton8: 0
2024-12-09 03:29:58,deserializeJson() failed: InvalidInput
2024-12-09 03:29:58,LEDBrightnessTask
2024-12-09 03:29:58,OLEDDisplayTask
2024-12-09 03:29:58,LEDBrightnessTask
2024-12-09 03:29:58,OLEDDisplayTask
2024-12-09 03:29:58,LEDBrightnessTask
2024-12-09 03:29:58,OLEDDisplayTask
2024-12-09 03:29:58,LEDBrightnessTask
2024-12-09 03:29:58,OLEDDisplayTask
2024-12-09 03:29:58,Mq2Task
2024-12-09 03:29:58,LEDBrightnessTask
2024-12-09 03:29:58,MQ-2 Gas Concentration: 11.66 PPM
2024-12-09 03:29:58,OLEDDisplayTaskReadDHT11Task
2024-12-09 03:29:58,LEDBrightnessTask
2024-12-09 03:29:59,Received arcValue: 50
2024-12-09 03:29:59,Received valueButton7: 0
2024-12-09 03:29:59,Received valueButton8: 0
2024-12-09 03:29:59,deserializeJson() failed: InvalidInput
2024-12-09 03:29:59,OLEDDisplayTask
2024-12-09 03:29:59,LEDBrightnessTask
2024-12-09 03:29:59,OLEDDisplayTask
2024-12-09 03:29:59,LEDBrightnessTask
2024-12-09 03:29:59,LEDBrightnessTask
2024-12-09 03:29:59,OLEDDisplayTask
2024-12-09 03:29:59,Received arcValue: 50
2024-12-09 03:29:59,Received valueButton7: 0
2024-12-09 03:29:59,Received valueButton8: 0
2024-12-09 03:29:59,deserializeJson() failed: InvalidInput
2024-12-09 03:29:59,LEDBrightnessTask
2024-12-09 03:29:59,OLEDDisplayTask
2024-12-09 03:29:59,UDPListenerSendTask
2024-12-09 03:29:59,Temperature: 37 °C	Humidity: 44 %
2024-12-09 03:29:59,LEDBrightnessTask
2024-12-09 03:29:59,OLEDDisplayTask
2024-12-09 03:29:59,LEDBrightnessTask
2024-12-09 03:29:59,OLEDDisplayTask
2024-12-09 03:29:59,LEDBrightnessTask
2024-12-09 03:29:59,OLEDDisplayTask
2024-12-09 03:29:59,LEDBrightnessTask
2024-12-09 03:29:59,OLEDDisplayTask
2024-12-09 03:29:59,LEDBrightnessTask
2024-12-09 03:29:59,Received arcValue: 50
2024-12-09 03:29:59,Received valueButton7: 0
2024-12-09 03:29:59,Received valueButton8: 0
2024-12-09 03:29:59,deserializeJson() failed: InvalidInput
2024-12-09 03:29:59,OLEDDisplayTask
2024-12-09 03:29:59,LEDBrightnessTask
2024-12-09 03:30:00,LEDBrightnessTask
2024-12-09 03:30:00,OLEDDisplayTask
2024-12-09 03:30:00,LEDBrightnessTask
2024-12-09 03:30:00,OLEDDisplayTask
2024-12-09 03:30:00,Received arcValue: 50
2024-12-09 03:30:00,Received valueButton7: 0
2024-12-09 03:30:00,Received valueButton8: 0
2024-12-09 03:30:00,deserializeJson() failed: InvalidInput
2024-12-09 03:30:00,deserializeJson() failed: InvalidInput
2024-12-09 03:30:00,LEDBrightnessTask
2024-12-09 03:30:00,OLEDDisplayTask
2024-12-09 03:30:00,LEDBrightnessTask
2024-12-09 03:30:00,OLEDDisplayTask
2024-12-09 03:30:00,LEDBrightnessTask
2024-12-09 03:30:00,OLEDDisplayTask
2024-12-09 03:30:00,LEDBrightnessTask
2024-12-09 03:30:00,OLEDDisplayTask
2024-12-09 03:30:00,LEDBrightnessTask
2024-12-09 03:30:00,OLEDDisplayTask
2024-12-09 03:30:00,LEDBrightnessTask
2024-12-09 03:30:00,OLEDDisplayTask
2024-12-09 03:30:00,Received arcValue: Mq2Task
2024-12-09 03:30:00,50
2024-12-09 03:30:00,Received valueButton7: 0
2024-12-09 03:30:00,Received valueButton8: 0
2024-12-09 03:30:00,LEDBrightnessTask
2024-12-09 03:30:00,MQ-2 Gas Concentration: 10.21 PPM
2024-12-09 03:30:00,OLEDDisplayTask
2024-12-09 03:30:01,LEDBrightnessTask
2024-12-09 03:30:01,OLEDDisplayTask
2024-12-09 03:30:01,LEDBrightnessTask
2024-12-09 03:30:01,OLEDDisplayTask
2024-12-09 03:30:01,LEDBrightnessTask
2024-12-09 03:30:01,LEDBrightnessTask
2024-12-09 03:30:01,OLEDDisplayTask
2024-12-09 03:30:01,UDPListenerSendTask
2024-12-09 03:30:01,deserializeJson() failed: InvalidInput
2024-12-09 03:30:01,LEDBrightnessTask
2024-12-09 03:30:01,OLEDDisplayTask
2024-12-09 03:30:01,ReadDHT11Task
2024-12-09 03:30:01,Received arcValue: 50
2024-12-09 03:30:01,Received valueButton7: 0
2024-12-09 03:30:01,Received valueButton8: 0
2024-12-09 03:30:01,deserializeJson() failed: InvalidInput
2024-12-09 03:30:01,LEDBrightnessTask
2024-12-09 03:30:01,deserializeJson() failed: InvalidInput
2024-12-09 03:30:01,OLEDDisplayTask
2024-12-09 03:30:01,LEDBrightnessTask
2024-12-09 03:30:01,OLEDDisplayTask
2024-12-09 03:30:01,LEDBrightnessTask
2024-12-09 03:30:01,OLEDDisplayTask
2024-12-09 03:30:01,Received arcValue: 50
2024-12-09 03:30:01,Received valueButton7: 0
2024-12-09 03:30:01,Received valueButton8: 0
2024-12-09 03:30:01,LEDBrightnessTask
2024-12-09 03:30:01,Button pressed 1 time(s) in 1 second
2024-12-09 03:30:01,semaphoreButtonTask
2024-12-09 03:30:01,OLEDDisplayTask
2024-12-09 03:30:01,LEDBrightnessTask
2024-12-09 03:30:01,Temperature: 37 °C	Humidity: 44 %
2024-12-09 03:30:02,OLEDDisplayTask
2024-12-09 03:30:02,LEDBrightnessTask
2024-12-09 03:30:02,LEDBrightnessTask
2024-12-09 03:30:02,OLEDDisplayTask
2024-12-09 03:30:02,OLEDDisplayTask
2024-12-09 03:30:02,LEDBrightnessTask
2024-12-09 03:30:02,LEDBrightnessTask
2024-12-09 03:30:02,OLEDDisplayTask
2024-12-09 03:30:02,Received arcValue: 50
2024-12-09 03:30:02,Received valueButton7: 0
2024-12-09 03:30:02,Received valueButton8: 0
2024-12-09 03:30:02,deserializeJson() failed: InvalidInput
2024-12-09 03:30:02,LEDBrightnessTask
2024-12-09 03:30:02,OLEDDisplayTask
2024-12-09 03:30:02,LEDBrightnessTask
2024-12-09 03:30:02,OLEDDisplayTask
2024-12-09 03:30:02,LEDBrightnessTask
2024-12-09 03:30:02,OLEDDisplayTask
2024-12-09 03:30:02,LEDBrightnessTask
2024-12-09 03:30:02,OLEDDisplayTask
2024-12-09 03:30:02,LEDBrightnessTask
2024-12-09 03:30:02,OLEDDisplayTask
2024-12-09 03:30:02,Mq2Task
2024-12-09 03:30:02,MQ-2 Gas Concentration: 13.36 PPM
2024-12-09 03:30:02,LEDBrightnessTask
2024-12-09 03:30:03,OLEDDisplayTask
2024-12-09 03:30:03,Received arcValue: 50
2024-12-09 03:30:03,Received valueButton7: 0
2024-12-09 03:30:03,Received valueButton8: 0
2024-12-09 03:30:03,deserializeJson() failed: InvalidInput
2024-12-09 03:30:03,LEDBrightnessTask
2024-12-09 03:30:03,OLEDDisplayTask
2024-12-09 03:30:03,LEDBrightnessTask
2024-12-09 03:30:03,OLEDDisplayTask
2024-12-09 03:30:03,LEDBrightnessTask
2024-12-09 03:30:03,Received arcValue: 50
2024-12-09 03:30:03,Received valueButton7: 0
2024-12-09 03:30:03,Received valueButton8: 0
2024-12-09 03:30:03,deserializeJson() failed: InvalidInput
2024-12-09 03:30:03,OLEDDisplayTask
2024-12-09 03:30:03,LEDBrightnessTask
2024-12-09 03:30:03,UDPListenerSendTask
2024-12-09 03:30:03,LEDBrightnessTask
2024-12-09 03:30:03,OLEDDisplayTask
2024-12-09 03:30:03,LEDBrightnessTask
2024-12-09 03:30:03,OLEDDisplayTask
2024-12-09 03:30:03,LEDBrightnessTask
2024-12-09 03:30:03,OLEDDisplayTask
2024-12-09 03:30:03,LEDBrightnessTask
2024-12-09 03:30:03,Button pressed 2 time(s) in 1 second
2024-12-09 03:30:03,semaphoreButtonTask
2024-12-09 03:30:03,OLEDDisplayTask
2024-12-09 03:30:03,LEDBrightnessTask
2024-12-09 03:30:03,OLEDDisplayTask
2024-12-09 03:30:03,Received arcValue: 50
2024-12-09 03:30:03,Received valueButton7: 0
2024-12-09 03:30:03,Received valueButton8: 0
2024-12-09 03:30:03,deserializeJson() failed: InvalidInput
2024-12-09 03:30:03,deserializeJson() failed: InvalidInput
2024-12-09 03:30:03,LEDBrightnessTask
2024-12-09 03:30:03,ReadDHT11Task
2024-12-09 03:30:04,OLEDDisplayTask
2024-12-09 03:30:04,LEDBrightnessTask
2024-12-09 03:30:04,LEDBrightnessTask
2024-12-09 03:30:04,OLEDDisplayTask
2024-12-09 03:30:04,Received arcValue: 50
2024-12-09 03:30:04,Received valueButton7: 0
2024-12-09 03:30:04,Received valueButton8: 0
2024-12-09 03:30:04,deserializeJson() failed: InvalidInput
2024-12-09 03:30:04,LEDBrightnessTask
2024-12-09 03:30:04,deserializeJson() failed: InvalidInput
2024-12-09 03:30:04,OLEDDisplayTask
2024-12-09 03:30:04,LEDBrightnessTask
2024-12-09 03:30:04,OLEDDisplayTask
2024-12-09 03:30:04,Temperature: 37 °C	Humidity: 44 %
2024-12-09 03:30:04,LEDBrightnessTask
2024-12-09 03:30:04,OLEDDisplayTask
2024-12-09 03:30:04,LEDBrightnessTask
2024-12-09 03:30:04,OLEDDisplayTask
2024-12-09 03:30:04,LEDBrightnessTask
2024-12-09 03:30:04,OLEDDisplayTask
2024-12-09 03:30:04,LEDBrightnessTask
2024-12-09 03:30:04,OLEDDisplayTask
2024-12-09 03:30:04,Received arcValue: 50
2024-12-09 03:30:04,Received valueButton7: 0
2024-12-09 03:30:04,Received valueButton8: 0
2024-12-09 03:30:04,LEDBrightnessTask
2024-12-09 03:30:04,Mq2Task
2024-12-09 03:30:04,OLEDDisplayTask
2024-12-09 03:30:05,MQ-2 Gas Concentration: 11.42 PPM
2024-12-09 03:30:05,LEDBrightnessTask
2024-12-09 03:30:05,OLEDDisplayTask
2024-12-09 03:30:05,LEDBrightnessTask
2024-12-09 03:30:05,LEDBrightnessTask
2024-12-09 03:30:05,OLEDDisplayTask
2024-12-09 03:30:05,LEDBrightnessTask
2024-12-09 03:30:05,OLEDDisplayTask
2024-12-09 03:30:05,UDPListenerSendTask
2024-12-09 03:30:05,deserializeJson() failed: InvalidInput
2024-12-09 03:30:05,LEDBrightnessTask
2024-12-09 03:30:05,OLEDDisplayTask
2024-12-09 03:30:05,Received arcValue: 50
2024-12-09 03:30:05,Received valueButton7: 0
2024-12-09 03:30:05,Received valueButton8: 0
2024-12-09 03:30:05,deserializeJson() failed: InvalidInput
2024-12-09 03:30:05,deserializeJson() failed: InvalidInput
2024-12-09 03:30:05,LEDBrightnessTask
2024-12-09 03:30:05,OLEDDisplayTask
2024-12-09 03:30:05,LEDBrightnessTask
2024-12-09 03:30:05,OLEDDisplayTask
2024-12-09 03:30:05,LEDBrightnessTask
2024-12-09 03:30:05,OLEDDisplayTask
2024-12-09 03:30:05,Received arcValue: 50
2024-12-09 03:30:05,Received valueButton7: 0
2024-12-09 03:30:05,Received valueButton8: 0
2024-12-09 03:30:05,deserializeJson() failed: InvalidInput
2024-12-09 03:30:05,LEDBrightnessTask
2024-12-09 03:30:05,OLEDDisplayTask
2024-12-09 03:30:06,OLEDDisplayTask
2024-12-09 03:30:06,LEDBrightnessTask
2024-12-09 03:30:06,LEDBrightnessTask
2024-12-09 03:30:06,OLEDDisplayTask
2024-12-09 03:30:06,LEDBrightnessTask
2024-12-09 03:30:06,OLEDDisplayTask
2024-12-09 03:30:06,LEDBrightnessTask
2024-12-09 03:30:06,LEDBrightnessTask
2024-12-09 03:30:06,OLEDDisplayTask
2024-12-09 03:30:06,ReadDHT11Task
2024-12-09 03:30:06,OLEDDisplayTask
2024-12-09 03:30:06,LEDBrightnessTask
2024-12-09 03:30:06,LEDBrightnessTask
2024-12-09 03:30:06,OLEDDisplayTask
2024-12-09 03:30:06,LEDBrightnessTask
2024-12-09 03:30:06,OLEDDisplayTask
2024-12-09 03:30:06,LEDBrightnessTask
2024-12-09 03:30:06,OLEDDisplayTask
2024-12-09 03:30:06,LEDBrightnessTask
2024-12-09 03:30:07,Mq2Task
2024-12-09 03:30:07,OLEDDisplayTask
2024-12-09 03:30:07,Temperature: 37 °C	Humidity: 44 %
2024-12-09 03:30:07,Received arcValue: 50
2024-12-09 03:30:07,Received valueButton7: 0
2024-12-09 03:30:07,Received valueButton8: 0
2024-12-09 03:30:07,MQ-2 Gas Concentration: 10.02 PPM
2024-12-09 03:30:07,LEDBrightnessTask
2024-12-09 03:30:07,OLEDDisplayTask
2024-12-09 03:30:07,LEDBrightnessTask
2024-12-09 03:30:07,OLEDDisplayTask
2024-12-09 03:30:07,LEDBrightnessTask
2024-12-09 03:30:07,Received arcValue: 50
2024-12-09 03:30:07,Received valueButton7: 0
2024-12-09 03:30:07,Received valueButton8: 0
2024-12-09 03:30:07,deserializeJson() failed: InvalidInput
2024-12-09 03:30:07,OLEDDisplayTask
2024-12-09 03:30:07,LEDBrightnessTask
2024-12-09 03:30:07,UDPListenerSendTask
2024-12-09 03:30:07,LEDBrightnessTask
2024-12-09 03:30:07,OLEDDisplayTask
2024-12-09 03:30:07,LEDBrightnessTask
2024-12-09 03:30:07,OLEDDisplayTask
2024-12-09 03:30:07,LEDBrightnessTask
2024-12-09 03:30:07,OLEDDisplayTask
2024-12-09 03:30:07,LEDBrightnessTask
2024-12-09 03:30:07,OLEDDisplayTask
2024-12-09 03:30:07,LEDBrightnessTask
2024-12-09 03:30:07,OLEDDisplayTask
2024-12-09 03:30:07,Received arcValue: 50
2024-12-09 03:30:07,Received valueButton7: 0
2024-12-09 03:30:07,Received valueButton8: 0
2024-12-09 03:30:07,deserializeJson() failed: InvalidInput
2024-12-09 03:30:07,deserializeJson() failed: InvalidInput
2024-12-09 03:30:07,LEDBrightnessTask
2024-12-09 03:30:08,OLEDDisplayTask
2024-12-09 03:30:08,LEDBrightnessTask
2024-12-09 03:30:08,OLEDDisplayTask
2024-12-09 03:30:08,LEDBrightnessTask
2024-12-09 03:30:08,OLEDDisplayTask
2024-12-09 03:30:08,LEDBrightnessTask
2024-12-09 03:30:08,LEDBrightnessTask
2024-12-09 03:30:08,OLEDDisplayTask
2024-12-09 03:30:08,LEDBrightnessTask
2024-12-09 03:30:08,OLEDDisplayTask
2024-12-09 03:30:08,Button pressed 3 time(s) in 1 second
2024-12-09 03:30:08,semaphoreButtonTask
2024-12-09 03:30:08,Received arcValue: 50
2024-12-09 03:30:08,Received valueButton7: 0
2024-12-09 03:30:08,Received valueButton8: 0
2024-12-09 03:30:08,deserializeJson() failed: InvalidInput
2024-12-09 03:30:08,LEDBrightnessTask
2024-12-09 03:30:08,OLEDDisplayTask
2024-12-09 03:30:08,LEDBrightnessTask
2024-12-09 03:30:08,OLEDDisplayTask
2024-12-09 03:30:08,LEDBrightnessTask
2024-12-09 03:30:08,OLEDDisplayTask
2024-12-09 03:30:08,Received arcValue: 50
2024-12-09 03:30:08,Received valueButton7: 0
2024-12-09 03:30:08,Received valueButton8: 0
2024-12-09 03:30:08,deserializeJson() failed: InvalidInput
2024-12-09 03:30:08,LEDBrightnessTask
2024-12-09 03:30:08,OLEDDisplayTask
2024-12-09 03:30:09,ReadDHT11Task
2024-12-09 03:30:09,LEDBrightnessTask
2024-12-09 03:30:09,Mq2Task
2024-12-09 03:30:09,OLEDDisplayTask
2024-12-09 03:30:09,MQ-2 Gas Concentration: 12.01 PPM
2024-12-09 03:30:09,LEDBrightnessTask
2024-12-09 03:30:09,OLEDDisplayTask
2024-12-09 03:30:09,LEDBrightnessTask
2024-12-09 03:30:09,OLEDDisplayTask
2024-12-09 03:30:09,LEDBrightnessTask
2024-12-09 03:30:09,OLEDDisplayTask
2024-12-09 03:30:09,UDPListenerSendTask
2024-12-09 03:30:09,deserializeJson() failed: InvalidInput
2024-12-09 03:30:09,LEDBrightnessTask
2024-12-09 03:30:09,Received arcValue: 50
2024-12-09 03:30:09,Received valueButton7: 0
2024-12-09 03:30:09,Received valueButton8: 0
2024-12-09 03:30:09,deserializeJson() failed: InvalidInput
2024-12-09 03:30:09,deserializeJson() failed: InvalidInput
2024-12-09 03:30:09,OLEDDisplayTask
2024-12-09 03:30:09,LEDBrightnessTask
2024-12-09 03:30:09,Temperature: 37 °C	Humidity: 44 %
2024-12-09 03:30:09,LEDBrightnessTask
2024-12-09 03:30:09,OLEDDisplayTask
2024-12-09 03:30:09,LEDBrightnessTask
2024-12-09 03:30:09,OLEDDisplayTask
2024-12-09 03:30:09,Received arcValue: 50
2024-12-09 03:30:09,Received valueButton7: 0
2024-12-09 03:30:09,Received valueButton8: 0
2024-12-09 03:30:09,deserializeJson() failed: InvalidInput
2024-12-09 03:30:09,LEDBrightnessTask
2024-12-09 03:30:09,OLEDDisplayTask
2024-12-09 03:30:09,LEDBrightnessTask
2024-12-09 03:30:09,OLEDDisplayTask
2024-12-09 03:30:10,LEDBrightnessTask
2024-12-09 03:30:10,OLEDDisplayTask
2024-12-09 03:30:10,LEDBrightnessTask
2024-12-09 03:30:10,OLEDDisplayTask
2024-12-09 03:30:10,LEDBrightnessTask
2024-12-09 03:30:10,OLEDDisplayTask
2024-12-09 03:30:10,LEDBrightnessTask
2024-12-09 03:30:10,Received arcValue: 50
2024-12-09 03:30:10,Received valueButton7: 0
2024-12-09 03:30:10,Received valueButton8: 0
2024-12-09 03:30:10,OLEDDisplayTask
2024-12-09 03:30:10,LEDBrightnessTask
2024-12-09 03:30:10,LEDBrightnessTask
2024-12-09 03:30:10,OLEDDisplayTask
2024-12-09 03:30:10,LEDBrightnessTask
2024-12-09 03:30:10,LEDBrightnessTask
2024-12-09 03:30:10,OLEDDisplayTask
2024-12-09 03:30:10,LEDBrightnessTask
2024-12-09 03:30:10,OLEDDisplayTask
2024-12-09 03:30:10,LEDBrightnessTask
2024-12-09 03:30:11,OLEDDisplayTask
2024-12-09 03:30:11,deserializeJson() failed: InvalidInput
2024-12-09 03:30:11,LEDBrightnessTask
2024-12-09 03:30:11,Mq2Task
2024-12-09 03:30:11,OLEDDisplayTask
2024-12-09 03:30:11,MQ-2 Gas Concentration: 9.86 PPM
2024-12-09 03:30:11,LEDBrightnessTask
2024-12-09 03:30:11,OLEDDisplayTask
2024-12-09 03:30:11,LEDBrightnessTask
2024-12-09 03:30:11,Received arcValue: 50
2024-12-09 03:30:11,Received valueButton7: 0
2024-12-09 03:30:11,Received valueButton8: 0
2024-12-09 03:30:11,OLEDDisplayTask
2024-12-09 03:30:11,LEDBrightnessTask
2024-12-09 03:30:11,UDPListenerSendTask
2024-12-09 03:30:11,LEDBrightnessTask
2024-12-09 03:30:11,OLEDDisplayTask
2024-12-09 03:30:11,ReadDHT11Task
2024-12-09 03:30:11,LEDBrightnessTask
2024-12-09 03:30:11,OLEDDisplayTask
2024-12-09 03:30:11,LEDBrightnessTask
2024-12-09 03:30:11,OLEDDisplayTask
2024-12-09 03:30:11,LEDBrightnessTask
2024-12-09 03:30:11,OLEDDisplayTask
2024-12-09 03:30:11,LEDBrightnessTask
2024-12-09 03:30:11,Received arcValue: 50
2024-12-09 03:30:11,Received valueButton7: 0
2024-12-09 03:30:11,Received valueButton8: 0
2024-12-09 03:30:11,deserializeJson() failed: InvalidInput
2024-12-09 03:30:11,OLEDDisplayTask
2024-12-09 03:30:12,LEDBrightnessTask
2024-12-09 03:30:12,OLEDDisplayTask
2024-12-09 03:30:12,Temperature: 37 °C	Humidity: 44 %
2024-12-09 03:30:12,LEDBrightnessTask
2024-12-09 03:30:12,OLEDDisplayTask
2024-12-09 03:30:12,LEDBrightnessTask
2024-12-09 03:30:12,OLEDDisplayTask
2024-12-09 03:30:12,LEDBrightnessTask
2024-12-09 03:30:12,OLEDDisplayTask
2024-12-09 03:30:12,LEDBrightnessTask
2024-12-09 03:30:12,OLEDDisplayTask
2024-12-09 03:30:12,LEDBrightnessTask
2024-12-09 03:30:12,Received arcValue: 50
2024-12-09 03:30:12,Received valueButton7: 0
2024-12-09 03:30:12,Received valueButton8: 0
2024-12-09 03:30:12,deserializeJson() failed: InvalidInput
2024-12-09 03:30:12,LEDBrightnessTask
2024-12-09 03:30:12,OLEDDisplayTask
2024-12-09 03:30:12,LEDBrightnessTask
2024-12-09 03:30:12,OLEDDisplayTask
2024-12-09 03:30:12,LEDBrightnessTask
2024-12-09 03:30:12,OLEDDisplayTask
2024-12-09 03:30:12,Received arcValue: 50
2024-12-09 03:30:12,Received valueButton7: 0
2024-12-09 03:30:12,Received valueButton8: 0
2024-12-09 03:30:12,deserializeJson() failed: InvalidInput
2024-12-09 03:30:12,LEDBrightnessTask
2024-12-09 03:30:12,OLEDDisplayTask
2024-12-09 03:30:13,LEDBrightnessTask
2024-12-09 03:30:13,OLEDDisplayTask
2024-12-09 03:30:13,LEDBrightnessTask
2024-12-09 03:30:13,Mq2Task
2024-12-09 03:30:13,MQ-2 Gas Concentration: 10.50 PPM
2024-12-09 03:30:13,OLEDDisplayTask
2024-12-09 03:30:13,LEDBrightnessTask
2024-12-09 03:30:13,OLEDDisplayTask
2024-12-09 03:30:13,LEDBrightnessTask
2024-12-09 03:30:13,UDPListenerSendTask
2024-12-09 03:30:13,OLEDDisplayTask
2024-12-09 03:30:13,deserializeJson() failed: InvalidInput
2024-12-09 03:30:13,LEDBrightnessTask
2024-12-09 03:30:13,Received arcValue: 50
2024-12-09 03:30:13,Received valueButton7: 0
2024-12-09 03:30:13,Received valueButton8: 0
2024-12-09 03:30:13,deserializeJson() failed: InvalidInput
2024-12-09 03:30:13,deserializeJson() failed: InvalidInput
2024-12-09 03:30:13,LEDBrightnessTask
2024-12-09 03:30:13,OLEDDisplayTask
2024-12-09 03:30:13,LEDBrightnessTask
2024-12-09 03:30:13,OLEDDisplayTask
2024-12-09 03:30:13,LEDBrightnessTask
2024-12-09 03:30:13,OLEDDisplayTask
2024-12-09 03:30:13,Received arcValue: 50
2024-12-09 03:30:13,Received valueButton7: 0
2024-12-09 03:30:13,Received valueButton8: 0
2024-12-09 03:30:13,LEDBrightnessTask
2024-12-09 03:30:13,OLEDDisplayTask
2024-12-09 03:30:13,LEDBrightnessTask
2024-12-09 03:30:13,OLEDDisplayTask
2024-12-09 03:30:14,LEDBrightnessTask
2024-12-09 03:30:14,ReadDHT11Task
2024-12-09 03:30:14,OLEDDisplayTask
2024-12-09 03:30:14,LEDBrightnessTask
2024-12-09 03:30:14,OLEDDisplayTask
2024-12-09 03:30:14,LEDBrightnessTask
2024-12-09 03:30:14,OLEDDisplayTask
2024-12-09 03:30:14,LEDBrightnessTask
2024-12-09 03:30:14,Received arcValue: 50
2024-12-09 03:30:14,Received valueButton7: 0
2024-12-09 03:30:14,Received valueButton8: 0
2024-12-09 03:30:14,deserializeJson() failed: InvalidInput
2024-12-09 03:30:14,OLEDDisplayTask
2024-12-09 03:30:14,LEDBrightnessTask
2024-12-09 03:30:14,LEDBrightnessTask
2024-12-09 03:30:14,OLEDDisplayTask
2024-12-09 03:30:14,Temperature: 37 °C	Humidity: 43 %
2024-12-09 03:30:14,LEDBrightnessTask
2024-12-09 03:30:14,OLEDDisplayTask
2024-12-09 03:30:14,LEDBrightnessTask
2024-12-09 03:30:14,OLEDDisplayTask
2024-12-09 03:30:14,LEDBrightnessTask
2024-12-09 03:30:14,OLEDDisplayTask
2024-12-09 03:30:14,LEDBrightnessTask
2024-12-09 03:30:15,OLEDDisplayTask
2024-12-09 03:30:15,Received arcValue: 50
2024-12-09 03:30:15,Received valueButton7: 0
2024-12-09 03:30:15,Received valueButton8: 0
2024-12-09 03:30:15,deserializeJson() failed: InvalidInput
2024-12-09 03:30:15,LEDBrightnessTask
2024-12-09 03:30:15,OLEDDisplayTask
2024-12-09 03:30:15,LEDBrightnessTask
2024-12-09 03:30:15,Mq2Task
2024-12-09 03:30:15,MQ-2 Gas Concentration: 9.50 PPM
2024-12-09 03:30:15,LEDBrightnessTask
2024-12-09 03:30:15,OLEDDisplayTask
2024-12-09 03:30:15,Received arcValue: 50
2024-12-09 03:30:15,Received valueButton7: 0
2024-12-09 03:30:15,Received valueButton8: 0
2024-12-09 03:30:15,deserializeJson() failed: InvalidInput
2024-12-09 03:30:15,deserializeJson() failed: InvalidInput
2024-12-09 03:30:15,LEDBrightnessTask
2024-12-09 03:30:15,OLEDDisplayTask
2024-12-09 03:30:15,Received alertValue: 1
2024-12-09 03:30:15,UDPListenerSendTask
2024-12-09 03:30:15,deserializeJson() failed: InvalidInput
2024-12-09 03:30:15,deserializeJson() failed: InvalidInput
2024-12-09 03:30:15,LEDBrightnessTask
2024-12-09 03:30:15,OLEDDisplayTask
2024-12-09 03:30:15,OLEDDisplayTask
2024-12-09 03:30:15,OLEDDisplayTask
2024-12-09 03:30:15,OLEDDisplayTask
2024-12-09 03:30:15,Received arcValue: 50
2024-12-09 03:30:15,Received valueButton7: 0
2024-12-09 03:30:15,Received valueButton8: 0
2024-12-09 03:30:15,OLEDDisplayTask
2024-12-09 03:30:16,OLEDDisplayTask
2024-12-09 03:30:16,OLEDDisplayTask
2024-12-09 03:30:16,OLEDDisplayTask
2024-12-09 03:30:16,OLEDDisplayTask
2024-12-09 03:30:16,OLEDDisplayTask
2024-12-09 03:30:16,Received arcValue: 50
2024-12-09 03:30:16,Received valueButton7: 0
2024-12-09 03:30:16,Received valueButton8: 0
2024-12-09 03:30:16,deserializeJson() failed: InvalidInput
2024-12-09 03:30:16,LEDBrightnessTask
2024-12-09 03:30:16,ReadDHT11Task
2024-12-09 03:30:16,Received alertValue: 1
2024-12-09 03:30:16,OLEDDisplayTask
2024-12-09 03:30:16,deserializeJson() failed: InvalidInput
2024-12-09 03:30:16,deserializeJson() failed: InvalidInput
2024-12-09 03:30:16,OLEDDisplayTask
2024-12-09 03:30:16,Received arcValue: 50
2024-12-09 03:30:16,Received valueButton7: 0
2024-12-09 03:30:16,Received valueButton8: 0
2024-12-09 03:30:16,OLEDDisplayTask
2024-12-09 03:30:17,OLEDDisplayTask
2024-12-09 03:30:17,Temperature: 37 °C	Humidity: 43 %
2024-12-09 03:30:17,OLEDDisplayTask
2024-12-09 03:30:17,Mq2Task
2024-12-09 03:30:17,OLEDDisplayTask
2024-12-09 03:30:17,MQ-2 Gas Concentration: 9.91 PPM
2024-12-09 03:30:17,OLEDDisplayTask
2024-12-09 03:30:17,UDPListenerSendTask
2024-12-09 03:30:17,deserializeJson() failed: InvalidInput
2024-12-09 03:30:17,Received arcValue: 50
2024-12-09 03:30:17,Received valueButton7: 0
2024-12-09 03:30:17,Received valueButton8: 0
2024-12-09 03:30:17,deserializeJson() failed: InvalidInput
2024-12-09 03:30:17,OLEDDisplayTask
2024-12-09 03:30:17,deserializeJson() failed: InvalidInput
2024-12-09 03:30:17,OLEDDisplayTask
2024-12-09 03:30:17,LEDBrightnessTask
2024-12-09 03:30:17,OLEDDisplayTask
2024-12-09 03:30:17,OLEDDisplayTask
2024-12-09 03:30:17,OLEDDisplayTask
2024-12-09 03:30:18,OLEDDisplayTask
2024-12-09 03:30:18,Received arcValue: 50
2024-12-09 03:30:18,Received valueButton7: 0
2024-12-09 03:30:18,Received valueButton8: 0
2024-12-09 03:30:18,Received alertValue: 1
2024-12-09 03:30:18,OLEDDisplayTask
2024-12-09 03:30:18,OLEDDisplayTask
2024-12-09 03:30:18,Received arcValue: 50
2024-12-09 03:30:18,Received valueButton7: 0
2024-12-09 03:30:18,Received valueButton8: 0
2024-12-09 03:30:18,deserializeJson() failed: InvalidInput
2024-12-09 03:30:18,deserializeJson() failed: InvalidInput
2024-12-09 03:30:18,OLEDDisplayTask
2024-12-09 03:30:18,OLEDDisplayTask
2024-12-09 03:30:18,OLEDDisplayTask
2024-12-09 03:30:18,LEDBrightnessTask
2024-12-09 03:30:18,OLEDDisplayTask
2024-12-09 03:30:18,OLEDDisplayTask
2024-12-09 03:30:19,OLEDDisplayTask
2024-12-09 03:30:19,Received arcValue: 50
2024-12-09 03:30:19,Received valueButton7: 0
2024-12-09 03:30:19,Received valueButton8: 0
2024-12-09 03:30:19,Received alertValue: 1
2024-12-09 03:30:19,deserializeJson() failed: InvalidInput
2024-12-09 03:30:19,deserializeJson() failed: InvalidInput
2024-12-09 03:30:19,deserializeJson() failed: InvalidInput
2024-12-09 03:30:19,ReadDHT11Task
2024-12-09 03:30:19,OLEDDisplayTask
2024-12-09 03:30:19,OLEDDisplayTask
2024-12-09 03:30:19,Mq2Task
2024-12-09 03:30:19,MQ-2 Gas Concentration: 11.34 PPM
2024-12-09 03:30:19,Received arcValue: 50
2024-12-09 03:30:19,Received valueButton7: 0
2024-12-09 03:30:19,Received valueButton8: 0
2024-12-09 03:30:19,Button pressed 1 time(s) in 1 second
2024-12-09 03:30:19,semaphoreButtonTask
2024-12-09 03:30:19,deserializeJson() failed: InvalidInput
2024-12-09 03:30:19,OLEDDisplayTask
2024-12-09 03:30:19,UDPListenerSendTask
2024-12-09 03:30:19,OLEDDisplayTask
2024-12-09 03:30:19,OLEDDisplayTask
2024-12-09 03:30:19,Temperature: 37 °C	Humidity: 43 %
2024-12-09 03:30:19,OLEDDisplayTask
2024-12-09 03:30:19,OLEDDisplayTask
2024-12-09 03:30:19,LEDBrightnessTask
2024-12-09 03:30:19,OLEDDisplayTask
2024-12-09 03:30:19,Received arcValue: 50
2024-12-09 03:30:19,Received valueButton7: 0
2024-12-09 03:30:19,Received valueButton8: 0
2024-12-09 03:30:19,deserializeJson() failed: InvalidInput
2024-12-09 03:30:20,OLEDDisplayTask
2024-12-09 03:30:20,deserializeJson() failed: InvalidInput
2024-12-09 03:30:20,OLEDDisplayTask
2024-12-09 03:30:20,OLEDDisplayTask
2024-12-09 03:30:20,OLEDDisplayTask
2024-12-09 03:30:20,Received arcValue: 50
2024-12-09 03:30:20,Received valueButton7: 0
2024-12-09 03:30:20,Received valueButton8: 0
2024-12-09 03:30:20,OLEDDisplayTask
2024-12-09 03:30:20,Received arcValue: 50
2024-12-09 03:30:20,Received valueButton7: 0
2024-12-09 03:30:20,Received valueButton8: 0
2024-12-09 03:30:20,deserializeJson() failed: InvalidInput
2024-12-09 03:30:20,deserializeJson() failed: InvalidInput
2024-12-09 03:30:20,OLEDDisplayTask
2024-12-09 03:30:20,LEDBrightnessTask
2024-12-09 03:30:21,OLEDDisplayTask
2024-12-09 03:30:21,OLEDDisplayTask
2024-12-09 03:30:21,OLEDDisplayTask
2024-12-09 03:30:21,Mq2Task
2024-12-09 03:30:21,MQ-2 Gas Concentration: 10.05 PPM
2024-12-09 03:30:21,OLEDDisplayTask
2024-12-09 03:30:21,UDPListenerSendTask
2024-12-09 03:30:21,Received arcValue: 50
2024-12-09 03:30:21,Received valueButton7: 0
2024-12-09 03:30:21,Received valueButton8: 0
2024-12-09 03:30:21,Received alertValue: 1
2024-12-09 03:30:21,deserializeJson() failed: InvalidInput
2024-12-09 03:30:21,OLEDDisplayTask
2024-12-09 03:30:21,deserializeJson() failed: InvalidInput
2024-12-09 03:30:21,deserializeJson() failed: InvalidInput
2024-12-09 03:30:21,OLEDDisplayTask
2024-12-09 03:30:21,ReadDHT11Task
2024-12-09 03:30:21,OLEDDisplayTask
2024-12-09 03:30:21,OLEDDisplayTask
2024-12-09 03:30:21,OLEDDisplayTask
2024-12-09 03:30:22,OLEDDisplayTask
2024-12-09 03:30:22,LEDBrightnessTask
2024-12-09 03:30:22,Received arcValue: 50
2024-12-09 03:30:22,Received valueButton7: 0
2024-12-09 03:30:22,Received valueButton8: 0
2024-12-09 03:30:22,deserializeJson() failed: InvalidInput
2024-12-09 03:30:22,OLEDDisplayTask
2024-12-09 03:30:22,Temperature: 37 °C	Humidity: 43 %
2024-12-09 03:30:22,OLEDDisplayTask
2024-12-09 03:30:22,OLEDDisplayTask
2024-12-09 03:30:22,Received arcValue: 50
2024-12-09 03:30:22,Received valueButton7: 0
2024-12-09 03:30:22,Received valueButton8: 0
2024-12-09 03:30:22,OLEDDisplayTask
2024-12-09 03:30:22,OLEDDisplayTask
2024-12-09 03:30:22,Received alertValue: 1
2024-12-09 03:30:22,deserializeJson() failed: InvalidInput
2024-12-09 03:30:22,OLEDDisplayTask
2024-12-09 03:30:22,OLEDDisplayTask
2024-12-09 03:30:22,OLEDDisplayTask
2024-12-09 03:30:23,Received arcValue: 50
2024-12-09 03:30:23,Received valueButton7: 0
2024-12-09 03:30:23,Received valueButton8: 0
2024-12-09 03:30:23,deserializeJson() failed: InvalidInput
2024-12-09 03:30:23,OLEDDisplayTask
2024-12-09 03:30:23,LEDBrightnessTask
2024-12-09 03:30:23,OLEDDisplayTask
2024-12-09 03:30:23,Received arcValue: 50
2024-12-09 03:30:23,Received valueButton7: 0
2024-12-09 03:30:23,Received valueButton8: 0
2024-12-09 03:30:23,deserializeJson() failed: InvalidInput
2024-12-09 03:30:23,deserializeJson() failed: InvalidInput
2024-12-09 03:30:23,Mq2Task
2024-12-09 03:30:23,OLEDDisplayTask
2024-12-09 03:30:23,MQ-2 Gas Concentration: 11.11 PPM
2024-12-09 03:30:23,UDPListenerSendTask
2024-12-09 03:30:23,OLEDDisplayTask
2024-12-09 03:30:23,Received alertValue: 0
2024-12-09 03:30:23,deserializeJson() failed: InvalidInput
2024-12-09 03:30:23,deserializeJson() failed: InvalidInput
2024-12-09 03:30:23,OLEDDisplayTask
2024-12-09 03:30:23,OLEDDisplayTask
2024-12-09 03:30:23,OLEDDisplayTask
2024-12-09 03:30:23,Received arcValue: 50
2024-12-09 03:30:23,Received valueButton7: 0
2024-12-09 03:30:23,Received valueButton8: 0
2024-12-09 03:30:24,OLEDDisplayTask
2024-12-09 03:30:24,ReadDHT11Task
2024-12-09 03:30:24,Received alertValue: 0
2024-12-09 03:30:24,LEDBrightnessTask
2024-12-09 03:30:24,deserializeJson() failed: InvalidInput
2024-12-09 03:30:24,OLEDDisplayTask
2024-12-09 03:30:24,LEDBrightnessTask
2024-12-09 03:30:24,OLEDDisplayTask
2024-12-09 03:30:24,LEDBrightnessTask
2024-12-09 03:30:24,OLEDDisplayTask
2024-12-09 03:30:24,deserializeJson() failed: InvalidInput
2024-12-09 03:30:24,LEDBrightnessTask
2024-12-09 03:30:24,OLEDDisplayTask
2024-12-09 03:30:24,Temperature: 37 °C	Humidity: 43 %
2024-12-09 03:30:24,LEDBrightnessTask
2024-12-09 03:30:24,OLEDDisplayTask
2024-12-09 03:30:24,LEDBrightnessTask
2024-12-09 03:30:24,OLEDDisplayTask
2024-12-09 03:30:24,Received alertValue: 0
2024-12-09 03:30:24,Received arcValue: 50
2024-12-09 03:30:24,Received valueButton7: 0
2024-12-09 03:30:24,Received valueButton8: 0
2024-12-09 03:30:24,deserializeJson() failed: InvalidInput
2024-12-09 03:30:24,deserializeJson() failed: InvalidInput
2024-12-09 03:30:24,LEDBrightnessTask
2024-12-09 03:30:24,OLEDDisplayTask
2024-12-09 03:30:24,LEDBrightnessTask
2024-12-09 03:30:25,LEDBrightnessTask
2024-12-09 03:30:25,OLEDDisplayTask
2024-12-09 03:30:25,Received alertValue: 0
2024-12-09 03:30:25,deserializeJson() failed: InvalidInput
2024-12-09 03:30:25,LEDBrightnessTask
2024-12-09 03:30:25,OLEDDisplayTask
2024-12-09 03:30:25,LEDBrightnessTask
2024-12-09 03:30:25,OLEDDisplayTask
2024-12-09 03:30:25,Mq2Task
2024-12-09 03:30:25,UDPListenerSendTask
2024-12-09 03:30:25,LEDBrightnessTask
2024-12-09 03:30:25,OLEDDisplayTask
2024-12-09 03:30:25,MQ-2 Gas Concentration: 8.33 PPM
2024-12-09 03:30:25,Received arcValue: 50
2024-12-09 03:30:25,Received valueButton7: 0
2024-12-09 03:30:25,Received valueButton8: 0
2024-12-09 03:30:25,deserializeJson() failed: InvalidInput
2024-12-09 03:30:25,deserializeJson() failed: InvalidInput
2024-12-09 03:30:25,LEDBrightnessTask
2024-12-09 03:30:25,OLEDDisplayTask
2024-12-09 03:30:25,LEDBrightnessTask
2024-12-09 03:30:25,LEDBrightnessTask
2024-12-09 03:30:25,OLEDDisplayTask
2024-12-09 03:30:25,Received alertValue: 0
2024-12-09 03:30:25,LEDBrightnessTask
2024-12-09 03:30:25,Received arcValue: 50
2024-12-09 03:30:25,Received valueButton7: 0
2024-12-09 03:30:25,Received valueButton8: 0
2024-12-09 03:30:25,deserializeJson() failed: InvalidInput
2024-12-09 03:30:25,OLEDDisplayTask
2024-12-09 03:30:25,deserializeJson() failed: InvalidInput
2024-12-09 03:30:25,LEDBrightnessTask
2024-12-09 03:30:25,OLEDDisplayTask
2024-12-09 03:30:26,LEDBrightnessTask
2024-12-09 03:30:26,OLEDDisplayTask
2024-12-09 03:30:26,LEDBrightnessTask
2024-12-09 03:30:26,OLEDDisplayTask
2024-12-09 03:30:26,LEDBrightnessTask
2024-12-09 03:30:26,OLEDDisplayTask
2024-12-09 03:30:26,LEDBrightnessTask
2024-12-09 03:30:26,Received alertValue: 0
2024-12-09 03:30:26,Received arcValue: 50
2024-12-09 03:30:26,Received valueButton7: 0
2024-12-09 03:30:26,Received valueButton8: 0
2024-12-09 03:30:26,OLEDDisplayTask
2024-12-09 03:30:26,LEDBrightnessTask
2024-12-09 03:30:26,LEDBrightnessTask
2024-12-09 03:30:26,OLEDDisplayTask
2024-12-09 03:30:26,LEDBrightnessTask
2024-12-09 03:30:26,OLEDDisplayTask
2024-12-09 03:30:26,ReadDHT11Task
2024-12-09 03:30:26,Received alertValue: 0
2024-12-09 03:30:26,deserializeJson() failed: InvalidInput
2024-12-09 03:30:26,deserializeJson() failed: InvalidInput
2024-12-09 03:30:26,deserializeJson() failed: InvalidInput
2024-12-09 03:30:26,LEDBrightnessTask
2024-12-09 03:30:26,OLEDDisplayTask
2024-12-09 03:30:26,LEDBrightnessTask
2024-12-09 03:30:26,OLEDDisplayTask
2024-12-09 03:30:26,LEDBrightnessTask
2024-12-09 03:30:26,OLEDDisplayTask
2024-12-09 03:30:27,Received arcValue: 50
2024-12-09 03:30:27,Received valueButton7: 0
2024-12-09 03:30:27,Received valueButton8: 0
2024-12-09 03:30:27,LEDBrightnessTask
2024-12-09 03:30:27,OLEDDisplayTask
2024-12-09 03:30:27,LEDBrightnessTask
2024-12-09 03:30:27,Temperature: 37 °C	Humidity: 43 %
2024-12-09 03:30:27,OLEDDisplayTask
2024-12-09 03:30:27,LEDBrightnessTask
2024-12-09 03:30:27,deserializeJson() failed: InvalidInput
2024-12-09 03:30:27,OLEDDisplayTask
2024-12-09 03:30:27,LEDBrightnessTask
2024-12-09 03:30:27,UDPListenerSendTask
2024-12-09 03:30:27,LEDBrightnessTask
2024-12-09 03:30:27,OLEDDisplayTask
2024-12-09 03:30:27,Mq2Task
2024-12-09 03:30:27,MQ-2 Gas Concentration: 10.67 PPM
2024-12-09 03:30:27,LEDBrightnessTask
2024-12-09 03:30:27,OLEDDisplayTask
2024-12-09 03:30:27,LEDBrightnessTask
2024-12-09 03:30:27,OLEDDisplayTask
2024-12-09 03:30:27,LEDBrightnessTask
2024-12-09 03:30:27,OLEDDisplayTask
2024-12-09 03:30:27,LEDBrightnessTask
2024-12-09 03:30:27,OLEDDisplayTask
2024-12-09 03:30:27,Received alertValue: 0
2024-12-09 03:30:27,Received arcValue: 50
2024-12-09 03:30:27,Received valueButton7: 0
2024-12-09 03:30:27,Received valueButton8: 0
2024-12-09 03:30:27,LEDBrightnessTask
2024-12-09 03:30:28,OLEDDisplayTask
2024-12-09 03:30:28,LEDBrightnessTask
2024-12-09 03:30:28,OLEDDisplayTask
2024-12-09 03:30:28,LEDBrightnessTask
2024-12-09 03:30:28,Received alertValue: 0
2024-12-09 03:30:28,deserializeJson() failed: InvalidInput
2024-12-09 03:30:28,deserializeJson() failed: InvalidInput
2024-12-09 03:30:28,OLEDDisplayTask
2024-12-09 03:30:28,LEDBrightnessTask
2024-12-09 03:30:28,OLEDDisplayTask
2024-12-09 03:30:28,LEDBrightnessTask
2024-12-09 03:30:28,OLEDDisplayTask
2024-12-09 03:30:28,LEDBrightnessTask
2024-12-09 03:30:28,Received arcValue: 50
2024-12-09 03:30:28,Received valueButton7: 0
2024-12-09 03:30:28,Received valueButton8: 0
2024-12-09 03:30:28,deserializeJson() failed: InvalidInput
2024-12-09 03:30:28,LEDBrightnessTask
2024-12-09 03:30:28,OLEDDisplayTask
2024-12-09 03:30:28,LEDBrightnessTask
2024-12-09 03:30:28,OLEDDisplayTask
2024-12-09 03:30:28,LEDBrightnessTask
2024-12-09 03:30:28,OLEDDisplayTask
2024-12-09 03:30:28,Received arcValue: 50
2024-12-09 03:30:28,Received valueButton7: 0
2024-12-09 03:30:28,Received valueButton8: 0
2024-12-09 03:30:28,deserializeJson() failed: InvalidInput
2024-12-09 03:30:28,deserializeJson() failed: InvalidInput
2024-12-09 03:30:28,LEDBrightnessTask
2024-12-09 03:30:28,OLEDDisplayTask
2024-12-09 03:30:28,LEDBrightnessTask
2024-12-09 03:30:29,OLEDDisplayTask
2024-12-09 03:30:29,LEDBrightnessTask
2024-12-09 03:30:29,OLEDDisplayTask
2024-12-09 03:30:29,LEDBrightnessTask
2024-12-09 03:30:29,ReadDHT11Task
2024-12-09 03:30:29,OLEDDisplayTask
2024-12-09 03:30:29,LEDBrightnessTask
2024-12-09 03:30:29,OLEDDisplayTask
2024-12-09 03:30:29,LEDBrightnessTask
2024-12-09 03:30:29,UDPListenerSendTask
2024-12-09 03:30:29,Received arcValue: 50
2024-12-09 03:30:29,Received valueButton7: 0
2024-12-09 03:30:29,Received valueButton8: 0
2024-12-09 03:30:29,deserializeJson() failed: InvalidInput
2024-12-09 03:30:29,OLEDDisplayTask
2024-12-09 03:30:29,deserializeJson() failed: InvalidInput
2024-12-09 03:30:29,LEDBrightnessTask
2024-12-09 03:30:29,Mq2Task
2024-12-09 03:30:29,MQ-2 Gas Concentration: 13.43 PPM
2024-12-09 03:30:29,LEDBrightnessTask
2024-12-09 03:30:29,OLEDDisplayTask
2024-12-09 03:30:29,LEDBrightnessTask
2024-12-09 03:30:29,OLEDDisplayTask
2024-12-09 03:30:29,Temperature: 37 °C	Humidity: 43 %
2024-12-09 03:30:29,LEDBrightnessTask
2024-12-09 03:30:29,OLEDDisplayTask
2024-12-09 03:30:29,LEDBrightnessTask
2024-12-09 03:30:29,OLEDDisplayTask
2024-12-09 03:30:30,LEDBrightnessTask
2024-12-09 03:30:30,OLEDDisplayTask
2024-12-09 03:30:30,Received arcValue: 50
2024-12-09 03:30:30,Received valueButton7: 0
2024-12-09 03:30:30,Received valueButton8: 0
2024-12-09 03:30:30,LEDBrightnessTask
2024-12-09 03:30:30,OLEDDisplayTask
2024-12-09 03:30:30,LEDBrightnessTask
2024-12-09 03:30:30,OLEDDisplayTask
2024-12-09 03:30:30,LEDBrightnessTask
2024-12-09 03:30:30,Received arcValue: 50
2024-12-09 03:30:30,Received valueButton7: 0
2024-12-09 03:30:30,Received valueButton8: 0
2024-12-09 03:30:30,deserializeJson() failed: InvalidInput
2024-12-09 03:30:30,OLEDDisplayTask
2024-12-09 03:30:30,deserializeJson() failed: InvalidInput
2024-12-09 03:30:30,LEDBrightnessTask
2024-12-09 03:30:30,OLEDDisplayTask
2024-12-09 03:30:30,LEDBrightnessTask
2024-12-09 03:30:30,LEDBrightnessTask
2024-12-09 03:30:30,OLEDDisplayTask
2024-12-09 03:30:30,LEDBrightnessTask
2024-12-09 03:30:30,OLEDDisplayTask
2024-12-09 03:30:30,LEDBrightnessTask
2024-12-09 03:30:30,OLEDDisplayTask
2024-12-09 03:30:30,LEDBrightnessTask
2024-12-09 03:30:30,OLEDDisplayTask
2024-12-09 03:30:31,LEDBrightnessTask
2024-12-09 03:30:31,OLEDDisplayTask
2024-12-09 03:30:31,LEDBrightnessTask
2024-12-09 03:30:31,OLEDDisplayTask
2024-12-09 03:30:31,LEDBrightnessTask
2024-12-09 03:30:31,OLEDDisplayTask
2024-12-09 03:30:31,LEDBrightnessTask
2024-12-09 03:30:31,OLEDDisplayTask
2024-12-09 03:30:31,UDPListenerSendTask
2024-12-09 03:30:31,LEDBrightnessTask
2024-12-09 03:30:31,OLEDDisplayTask
2024-12-09 03:30:31,Mq2Task
2024-12-09 03:30:31,LEDBrightnessTask
2024-12-09 03:30:31,MQ-2 Gas Concentration: 9.71 PPM
2024-12-09 03:30:31,Received arcValue: 50
2024-12-09 03:30:31,Received valueButton7: 0
2024-12-09 03:30:31,Received valueButton8: 0
2024-12-09 03:30:31,deserializeJson() failed: InvalidInput
2024-12-09 03:30:31,OLEDDisplayTask
2024-12-09 03:30:31,deserializeJson() failed: InvalidInput
2024-12-09 03:30:31,LEDBrightnessTask
2024-12-09 03:30:31,ReadDHT11Task
2024-12-09 03:30:31,OLEDDisplayTask
2024-12-09 03:30:31,LEDBrightnessTask
2024-12-09 03:30:31,OLEDDisplayTask
2024-12-09 03:30:31,LEDBrightnessTask
2024-12-09 03:30:31,Received arcValue: 50
2024-12-09 03:30:31,Received valueButton7: 0
2024-12-09 03:30:31,Received valueButton8: 0
2024-12-09 03:30:31,LEDBrightnessTask
2024-12-09 03:30:31,OLEDDisplayTask
2024-12-09 03:30:32,LEDBrightnessTask
2024-12-09 03:30:32,OLEDDisplayTask
2024-12-09 03:30:32,LEDBrightnessTask
2024-12-09 03:30:32,OLEDDisplayTask
2024-12-09 03:30:32,Temperature: 37 °C	Humidity: 43 %
2024-12-09 03:30:32,LEDBrightnessTask
2024-12-09 03:30:32,OLEDDisplayTask
2024-12-09 03:30:32,LEDBrightnessTask
2024-12-09 03:30:32,OLEDDisplayTask
2024-12-09 03:30:32,LEDBrightnessTask
2024-12-09 03:30:32,Received arcValue: 50
2024-12-09 03:30:32,Received valueButton7: 0
2024-12-09 03:30:32,Received valueButton8: 0
2024-12-09 03:30:32,deserializeJson() failed: InvalidInput
2024-12-09 03:30:32,OLEDDisplayTask
2024-12-09 03:30:32,LEDBrightnessTask
2024-12-09 03:30:32,OLEDDisplayTask
2024-12-09 03:30:32,LEDBrightnessTask
2024-12-09 03:30:32,OLEDDisplayTask
2024-12-09 03:30:32,LEDBrightnessTask
2024-12-09 03:30:32,Received arcValue: 50
2024-12-09 03:30:32,Received valueButton7: 0
2024-12-09 03:30:32,Received valueButton8: 0
2024-12-09 03:30:32,deserializeJson() failed: InvalidInput
2024-12-09 03:30:32,deserializeJson() failed: InvalidInput
2024-12-09 03:30:32,LEDBrightnessTask
2024-12-09 03:30:32,OLEDDisplayTask
2024-12-09 03:30:32,LEDBrightnessTask
2024-12-09 03:30:32,OLEDDisplayTask
2024-12-09 03:30:33,LEDBrightnessTask
2024-12-09 03:30:33,OLEDDisplayTask
2024-12-09 03:30:33,LEDBrightnessTask
2024-12-09 03:30:33,OLEDDisplayTask
2024-12-09 03:30:33,LEDBrightnessTask
2024-12-09 03:30:33,OLEDDisplayTask
2024-12-09 03:30:33,LEDBrightnessTask
2024-12-09 03:30:33,OLEDDisplayTask
2024-12-09 03:30:33,UDPListenerSendTask
2024-12-09 03:30:33,Received arcValue: 50
2024-12-09 03:30:33,Received valueButton7: 0
2024-12-09 03:30:33,Received valueButton8: 0
2024-12-09 03:30:33,LEDBrightnessTask
2024-12-09 03:30:33,OLEDDisplayTask
2024-12-09 03:30:33,Mq2Task
2024-12-09 03:30:33,LEDBrightnessTask
2024-12-09 03:30:33,MQ-2 Gas Concentration: 9.73 PPM
2024-12-09 03:30:33,OLEDDisplayTask
2024-12-09 03:30:33,LEDBrightnessTask
2024-12-09 03:30:33,LEDBrightnessTask
2024-12-09 03:30:33,OLEDDisplayTask
2024-12-09 03:30:33,LEDBrightnessTask
2024-12-09 03:30:33,OLEDDisplayTask
2024-12-09 03:30:34,LEDBrightnessTask
2024-12-09 03:30:34,OLEDDisplayTask
2024-12-09 03:30:34,deserializeJson() failed: InvalidInput
2024-12-09 03:30:34,deserializeJson() failed: InvalidInput
2024-12-09 03:30:34,LEDBrightnessTask
2024-12-09 03:30:34,OLEDDisplayTask
2024-12-09 03:30:34,LEDBrightnessTask
2024-12-09 03:30:34,ReadDHT11Task
2024-12-09 03:30:34,OLEDDisplayTask
2024-12-09 03:30:34,LEDBrightnessTask
2024-12-09 03:30:34,Received arcValue: 50
2024-12-09 03:30:34,Received valueButton7: 0
2024-12-09 03:30:34,Received valueButton8: 0
2024-12-09 03:30:34,OLEDDisplayTask
2024-12-09 03:30:34,deserializeJson() failed: InvalidInput
2024-12-09 03:30:34,LEDBrightnessTask
2024-12-09 03:30:34,OLEDDisplayTask
2024-12-09 03:30:34,LEDBrightnessTask
2024-12-09 03:30:34,OLEDDisplayTask
2024-12-09 03:30:34,LEDBrightnessTask
2024-12-09 03:30:34,LEDBrightnessTask
2024-12-09 03:30:34,OLEDDisplayTask
2024-12-09 03:30:34,Temperature: 37 °C	Humidity: 43 %
2024-12-09 03:30:34,LEDBrightnessTask
2024-12-09 03:30:34,OLEDDisplayTask
2024-12-09 03:30:34,LEDBrightnessTask
2024-12-09 03:30:34,OLEDDisplayTask
2024-12-09 03:30:34,Received arcValue: 50
2024-12-09 03:30:34,Received valueButton7: 0
2024-12-09 03:30:34,Received valueButton8: 0
2024-12-09 03:30:35,LEDBrightnessTask
2024-12-09 03:30:35,OLEDDisplayTask
2024-12-09 03:30:35,LEDBrightnessTask
2024-12-09 03:30:35,OLEDDisplayTask
2024-12-09 03:30:35,LEDBrightnessTask
2024-12-09 03:30:35,OLEDDisplayTask
2024-12-09 03:30:35,LEDBrightnessTask
2024-12-09 03:30:35,OLEDDisplayTask
2024-12-09 03:30:35,LEDBrightnessTask
2024-12-09 03:30:35,UDPListenerSendTask
2024-12-09 03:30:35,deserializeJson() failed: InvalidInput
2024-12-09 03:30:35,OLEDDisplayTask
2024-12-09 03:30:35,LEDBrightnessTask
2024-12-09 03:30:35,Received arcValue: 50
2024-12-09 03:30:35,Received valueButton7: 0
2024-12-09 03:30:35,Received valueButton8: 0
2024-12-09 03:30:35,deserializeJson() failed: InvalidInput
2024-12-09 03:30:35,Mq2Task
2024-12-09 03:30:35,LEDBrightnessTask
2024-12-09 03:30:35,OLEDDisplayTask
2024-12-09 03:30:35,deserializeJson() failed: InvalidInput
2024-12-09 03:30:35,MQ-2 Gas Concentration: 10.47 PPM
2024-12-09 03:30:35,LEDBrightnessTask
2024-12-09 03:30:35,OLEDDisplayTask
2024-12-09 03:30:35,LEDBrightnessTask
2024-12-09 03:30:35,Received arcValue: 50
2024-12-09 03:30:35,Received valueButton7: 0
2024-12-09 03:30:35,Received valueButton8: 0
2024-12-09 03:30:35,LEDBrightnessTask
2024-12-09 03:30:35,OLEDDisplayTask
2024-12-09 03:30:36,LEDBrightnessTask
2024-12-09 03:30:36,OLEDDisplayTask
2024-12-09 03:30:36,OLEDDisplayTask
2024-12-09 03:30:36,LEDBrightnessTask
2024-12-09 03:30:36,LEDBrightnessTask
2024-12-09 03:30:36,OLEDDisplayTask
2024-12-09 03:30:36,LEDBrightnessTask
2024-12-09 03:30:36,OLEDDisplayTask
2024-12-09 03:30:36,LEDBrightnessTask
2024-12-09 03:30:36,OLEDDisplayTask
2024-12-09 03:30:36,Received arcValue: 50
2024-12-09 03:30:36,Received valueButton7: 0
2024-12-09 03:30:36,Received valueButton8: 0
2024-12-09 03:30:36,deserializeJson() failed: InvalidInput
2024-12-09 03:30:36,LEDBrightnessTask
2024-12-09 03:30:36,OLEDDisplayTask
2024-12-09 03:30:36,LEDBrightnessTask
2024-12-09 03:30:36,OLEDDisplayTask
2024-12-09 03:30:36,ReadDHT11Task
2024-12-09 03:30:36,LEDBrightnessTask
2024-12-09 03:30:36,Received arcValue: 50
2024-12-09 03:30:36,Received valueButton7: 0
2024-12-09 03:30:36,Received valueButton8: 0
2024-12-09 03:30:36,deserializeJson() failed: InvalidInput
2024-12-09 03:30:36,deserializeJson() failed: InvalidInput
2024-12-09 03:30:36,OLEDDisplayTask
2024-12-09 03:30:36,LEDBrightnessTask
2024-12-09 03:30:36,OLEDDisplayTask
2024-12-09 03:30:36,LEDBrightnessTask
2024-12-09 03:30:37,LEDBrightnessTask
2024-12-09 03:30:37,OLEDDisplayTask
2024-12-09 03:30:37,LEDBrightnessTask
2024-12-09 03:30:37,OLEDDisplayTask
2024-12-09 03:30:37,LEDBrightnessTask
2024-12-09 03:30:37,Temperature: 38 °C	Humidity: 42 %
2024-12-09 03:30:37,OLEDDisplayTask
2024-12-09 03:30:37,LEDBrightnessTask
2024-12-09 03:30:37,OLEDDisplayTask
2024-12-09 03:30:37,Received arcValue: 50
2024-12-09 03:30:37,Received valueButton7: 0
2024-12-09 03:30:37,Received valueButton8: 0
2024-12-09 03:30:37,UDPListenerSendTask
2024-12-09 03:30:37,LEDBrightnessTask
2024-12-09 03:30:37,OLEDDisplayTask
2024-12-09 03:30:37,LEDBrightnessTask
2024-12-09 03:30:37,Mq2Task
2024-12-09 03:30:37,LEDBrightnessTask
2024-12-09 03:30:37,OLEDDisplayTask
2024-12-09 03:30:37,MQ-2 Gas Concentration: 10.97 PPM
2024-12-09 03:30:37,LEDBrightnessTask
2024-12-09 03:30:37,OLEDDisplayTask
2024-12-09 03:30:37,LEDBrightnessTask
2024-12-09 03:30:37,OLEDDisplayTask
2024-12-09 03:30:37,LEDBrightnessTask
2024-12-09 03:30:38,OLEDDisplayTask
2024-12-09 03:30:38,Received arcValue: 50
2024-12-09 03:30:38,Received valueButton7: 0
2024-12-09 03:30:38,Received valueButton8: 0
2024-12-09 03:30:38,deserializeJson() failed: InvalidInput
2024-12-09 03:30:38,LEDBrightnessTask
2024-12-09 03:30:38,OLEDDisplayTask
2024-12-09 03:30:38,LEDBrightnessTask
2024-12-09 03:30:38,LEDBrightnessTask
2024-12-09 03:30:38,OLEDDisplayTask
2024-12-09 03:30:38,Received arcValue: 50
2024-12-09 03:30:38,Received valueButton7: 0
2024-12-09 03:30:38,Received valueButton8: 0
2024-12-09 03:30:38,deserializeJson() failed: InvalidInput
2024-12-09 03:30:38,deserializeJson() failed: InvalidInput
2024-12-09 03:30:38,LEDBrightnessTask
2024-12-09 03:30:38,OLEDDisplayTask
2024-12-09 03:30:38,LEDBrightnessTask
2024-12-09 03:30:38,OLEDDisplayTask
2024-12-09 03:30:38,LEDBrightnessTask
2024-12-09 03:30:38,OLEDDisplayTask
2024-12-09 03:30:38,LEDBrightnessTask
2024-12-09 03:30:38,OLEDDisplayTask
2024-12-09 03:30:38,LEDBrightnessTask
2024-12-09 03:30:38,OLEDDisplayTask
2024-12-09 03:30:38,LEDBrightnessTask
2024-12-09 03:30:38,OLEDDisplayTask
2024-12-09 03:30:38,Received arcValue: 50
2024-12-09 03:30:38,Received valueButton7: 0
2024-12-09 03:30:38,Received valueButton8: 0
2024-12-09 03:30:39,LEDBrightnessTask
2024-12-09 03:30:39,OLEDDisplayTask
2024-12-09 03:30:39,LEDBrightnessTask
2024-12-09 03:30:39,OLEDDisplayTask
2024-12-09 03:30:39,LEDBrightnessTask
2024-12-09 03:30:39,ReadDHT11Task
2024-12-09 03:30:39,OLEDDisplayTask
2024-12-09 03:30:39,LEDBrightnessTask
2024-12-09 03:30:39,LEDBrightnessTask
2024-12-09 03:30:39,OLEDDisplayTask
2024-12-09 03:30:39,UDPListenerSendTask
2024-12-09 03:30:39,deserializeJson() failed: InvalidInput
2024-12-09 03:30:39,LEDBrightnessTask
2024-12-09 03:30:39,OLEDDisplayTask
2024-12-09 03:30:39,Received arcValue: 50
2024-12-09 03:30:39,Received valueButton7: 0
2024-12-09 03:30:39,Received valueButton8: 0
2024-12-09 03:30:39,deserializeJson() failed: InvalidInput
2024-12-09 03:30:39,LEDBrightnessTask
2024-12-09 03:30:39,deserializeJson() failed: InvalidInput
2024-12-09 03:30:39,OLEDDisplayTask
2024-12-09 03:30:39,Mq2Task
2024-12-09 03:30:39,LEDBrightnessTask
2024-12-09 03:30:39,MQ-2 Gas Concentration: 9.86 PPM
2024-12-09 03:30:39,OLEDDisplayTask
2024-12-09 03:30:39,Temperature: 38 °C	Humidity: 42 %
2024-12-09 03:30:39,LEDBrightnessTask
2024-12-09 03:30:39,OLEDDisplayTask
2024-12-09 03:30:39,Received arcValue: 50
2024-12-09 03:30:39,Received valueButton7: 0
2024-12-09 03:30:39,Received valueButton8: 0
2024-12-09 03:30:39,LEDBrightnessTask
2024-12-09 03:30:39,OLEDDisplayTask
2024-12-09 03:30:40,LEDBrightnessTask
2024-12-09 03:30:40,OLEDDisplayTask
2024-12-09 03:30:40,LEDBrightnessTask
2024-12-09 03:30:40,OLEDDisplayTask
2024-12-09 03:30:40,LEDBrightnessTask
2024-12-09 03:30:40,LEDBrightnessTask
2024-12-09 03:30:40,OLEDDisplayTask
2024-12-09 03:30:40,LEDBrightnessTask
2024-12-09 03:30:40,OLEDDisplayTask
2024-12-09 03:30:40,Received arcValue: 50
2024-12-09 03:30:40,Received valueButton7: 0
2024-12-09 03:30:40,Received valueButton8: 0
2024-12-09 03:30:40,deserializeJson() failed: InvalidInput
2024-12-09 03:30:40,LEDBrightnessTask
2024-12-09 03:30:40,OLEDDisplayTask
2024-12-09 03:30:40,LEDBrightnessTask
2024-12-09 03:30:40,OLEDDisplayTask
2024-12-09 03:30:40,LEDBrightnessTask
2024-12-09 03:30:40,OLEDDisplayTask
2024-12-09 03:30:40,LEDBrightnessTask
2024-12-09 03:30:40,OLEDDisplayTask
2024-12-09 03:30:40,LEDBrightnessTask
2024-12-09 03:30:41,OLEDDisplayTask
2024-12-09 03:30:41,LEDBrightnessTask
2024-12-09 03:30:41,OLEDDisplayTask
2024-12-09 03:30:41,Received arcValue: 50
2024-12-09 03:30:41,Received valueButton7: 0
2024-12-09 03:30:41,Received valueButton8: 0
2024-12-09 03:30:41,deserializeJson() failed: InvalidInput
2024-12-09 03:30:41,LEDBrightnessTask
2024-12-09 03:30:41,OLEDDisplayTask
2024-12-09 03:30:41,LEDBrightnessTask
2024-12-09 03:30:41,OLEDDisplayTask
2024-12-09 03:30:41,LEDBrightnessTask
2024-12-09 03:30:41,deserializeJson() failed: InvalidInput
2024-12-09 03:30:41,OLEDDisplayTask
2024-12-09 03:30:41,LEDBrightnessTask
2024-12-09 03:30:41,UDPListenerSendTask
2024-12-09 03:30:41,LEDBrightnessTask
2024-12-09 03:30:41,OLEDDisplayTask
2024-12-09 03:30:41,LEDBrightnessTask
2024-12-09 03:30:41,OLEDDisplayTask
2024-12-09 03:30:41,Mq2Task
2024-12-09 03:30:41,LEDBrightnessTask
2024-12-09 03:30:41,OLEDDisplayTask
2024-12-09 03:30:41,MQ-2 Gas Concentration: 11.37 PPM
2024-12-09 03:30:41,ReadDHT11Task
2024-12-09 03:30:41,LEDBrightnessTask
2024-12-09 03:30:42,OLEDDisplayTask
2024-12-09 03:30:42,LEDBrightnessTask
2024-12-09 03:30:42,Received arcValue: 50
2024-12-09 03:30:42,Received valueButton7: 0
2024-12-09 03:30:42,Received valueButton8: 0
2024-12-09 03:30:42,LEDBrightnessTask
2024-12-09 03:30:42,OLEDDisplayTask
2024-12-09 03:30:42,LEDBrightnessTask
2024-12-09 03:30:42,OLEDDisplayTask
2024-12-09 03:30:42,LEDBrightnessTask
2024-12-09 03:30:42,Temperature: 38 °C	Humidity: 42 %
2024-12-09 03:30:42,OLEDDisplayTask
2024-12-09 03:30:42,Received arcValue: 50
2024-12-09 03:30:42,Received valueButton7: 0
2024-12-09 03:30:42,Received valueButton8: 0
2024-12-09 03:30:42,deserializeJson() failed: InvalidInput
2024-12-09 03:30:42,deserializeJson() failed: InvalidInput
2024-12-09 03:30:42,LEDBrightnessTask
2024-12-09 03:30:42,OLEDDisplayTask
2024-12-09 03:30:42,LEDBrightnessTask
2024-12-09 03:30:42,LEDBrightnessTask
2024-12-09 03:30:42,OLEDDisplayTask
2024-12-09 03:30:42,LEDBrightnessTask
2024-12-09 03:30:42,OLEDDisplayTask
2024-12-09 03:30:42,LEDBrightnessTask
2024-12-09 03:30:42,OLEDDisplayTask
2024-12-09 03:30:42,LEDBrightnessTask
2024-12-09 03:30:42,OLEDDisplayTask
2024-12-09 03:30:42,Received arcValue: 50
2024-12-09 03:30:42,Received valueButton7: 0
2024-12-09 03:30:42,Received valueButton8: 0
2024-12-09 03:30:43,LEDBrightnessTask
2024-12-09 03:30:43,OLEDDisplayTask
2024-12-09 03:30:43,LEDBrightnessTask
2024-12-09 03:30:43,OLEDDisplayTask
2024-12-09 03:30:43,LEDBrightnessTask
2024-12-09 03:30:43,LEDBrightnessTask
2024-12-09 03:30:43,OLEDDisplayTask
2024-12-09 03:30:43,LEDBrightnessTask
2024-12-09 03:30:43,OLEDDisplayTask
2024-12-09 03:30:43,UDPListenerSendTask
2024-12-09 03:30:43,deserializeJson() failed: InvalidInput
2024-12-09 03:30:43,LEDBrightnessTask
2024-12-09 03:30:43,OLEDDisplayTask
2024-12-09 03:30:43,LEDBrightnessTask
2024-12-09 03:30:43,OLEDDisplayTask
2024-12-09 03:30:43,LEDBrightnessTask
2024-12-09 03:30:43,OLEDDisplayTask
2024-12-09 03:30:43,Mq2Task
2024-12-09 03:30:43,MQ-2 Gas Concentration: 10.10 PPM
2024-12-09 03:30:43,LEDBrightnessTask
2024-12-09 03:30:43,OLEDDisplayTask
2024-12-09 03:30:43,Received arcValue: 50
2024-12-09 03:30:43,Received valueButton7: 0
2024-12-09 03:30:43,Received valueButton8: 0
2024-12-09 03:30:43,LEDBrightnessTask
2024-12-09 03:30:44,OLEDDisplayTask
2024-12-09 03:30:44,LEDBrightnessTask
2024-12-09 03:30:44,OLEDDisplayTask
2024-12-09 03:30:44,LEDBrightnessTask
2024-12-09 03:30:44,OLEDDisplayTask
2024-12-09 03:30:44,LEDBrightnessTask
2024-12-09 03:30:44,ReadDHT11Task
2024-12-09 03:30:44,OLEDDisplayTask
2024-12-09 03:30:44,LEDBrightnessTask
2024-12-09 03:30:44,OLEDDisplayTask
2024-12-09 03:30:44,LEDBrightnessTask
2024-12-09 03:30:44,Received arcValue: 50
2024-12-09 03:30:44,Received valueButton7: 0
2024-12-09 03:30:44,Received valueButton8: 0
2024-12-09 03:30:44,deserializeJson() failed: InvalidInput
2024-12-09 03:30:44,LEDBrightnessTask
2024-12-09 03:30:44,OLEDDisplayTask
2024-12-09 03:30:44,LEDBrightnessTask
2024-12-09 03:30:44,OLEDDisplayTask
2024-12-09 03:30:44,LEDBrightnessTask
2024-12-09 03:30:44,OLEDDisplayTask
2024-12-09 03:30:44,Temperature: 38 °C	Humidity: 42 %
2024-12-09 03:30:44,LEDBrightnessTask
2024-12-09 03:30:44,OLEDDisplayTask
2024-12-09 03:30:44,LEDBrightnessTask
2024-12-09 03:30:45,OLEDDisplayTask
2024-12-09 03:30:45,LEDBrightnessTask
2024-12-09 03:30:45,Received arcValue: 50
2024-12-09 03:30:45,Received valueButton7: 0
2024-12-09 03:30:45,Received valueButton8: 0
2024-12-09 03:30:45,deserializeJson() failed: InvalidInput
2024-12-09 03:30:45,OLEDDisplayTask
2024-12-09 03:30:45,LEDBrightnessTask
2024-12-09 03:30:45,OLEDDisplayTask
2024-12-09 03:30:45,LEDBrightnessTask
2024-12-09 03:30:45,OLEDDisplayTask
2024-12-09 03:30:45,LEDBrightnessTask
2024-12-09 03:30:45,Received arcValue: 50
2024-12-09 03:30:45,Received valueButton7: 0
2024-12-09 03:30:45,Received valueButton8: 0
2024-12-09 03:30:45,deserializeJson() failed: InvalidInput
2024-12-09 03:30:45,LEDBrightnessTask
2024-12-09 03:30:45,OLEDDisplayTask
2024-12-09 03:30:45,UDPListenerSendTask
2024-12-09 03:30:45,LEDBrightnessTask
2024-12-09 03:30:45,OLEDDisplayTask
2024-12-09 03:30:45,LEDBrightnessTask
2024-12-09 03:30:45,OLEDDisplayTask
2024-12-09 03:30:45,LEDBrightnessTask
2024-12-09 03:30:45,OLEDDisplayTask
2024-12-09 03:30:45,Mq2Task
2024-12-09 03:30:45,MQ-2 Gas Concentration: 10.64 PPM
2024-12-09 03:30:45,LEDBrightnessTask
2024-12-09 03:30:45,OLEDDisplayTask
2024-12-09 03:30:46,Received arcValue: 50
2024-12-09 03:30:46,Received valueButton7: 0
2024-12-09 03:30:46,Received valueButton8: 0
2024-12-09 03:30:46,LEDBrightnessTaskdeserializeJson() failed: InvalidInput
2024-12-09 03:30:46,deserializeJson() failed: InvalidInput
2024-12-09 03:30:46,OLEDDisplayTask
2024-12-09 03:30:46,LEDBrightnessTask
2024-12-09 03:30:46,OLEDDisplayTask
2024-12-09 03:30:46,LEDBrightnessTask
2024-12-09 03:30:46,OLEDDisplayTask
2024-12-09 03:30:46,Received arcValue: 50
2024-12-09 03:30:46,Received valueButton7: 0
2024-12-09 03:30:46,Received valueButton8: 0
2024-12-09 03:30:46,deserializeJson() failed: InvalidInput
2024-12-09 03:30:46,LEDBrightnessTask
2024-12-09 03:30:46,deserializeJson() failed: InvalidInput
2024-12-09 03:30:46,OLEDDisplayTask
2024-12-09 03:30:46,LEDBrightnessTask
2024-12-09 03:30:46,LEDBrightnessTask
2024-12-09 03:30:46,OLEDDisplayTask
2024-12-09 03:30:46,LEDBrightnessTask
2024-12-09 03:30:46,OLEDDisplayTask
2024-12-09 03:30:46,LEDBrightnessTask
2024-12-09 03:30:46,OLEDDisplayTask
2024-12-09 03:30:46,ReadDHT11Task
2024-12-09 03:30:46,LEDBrightnessTask
2024-12-09 03:30:46,OLEDDisplayTask
2024-12-09 03:30:46,LEDBrightnessTask
2024-12-09 03:30:46,Received arcValue: 50
2024-12-09 03:30:46,Received valueButton7: 0
2024-12-09 03:30:46,Received valueButton8: 0
2024-12-09 03:30:47,OLEDDisplayTask
2024-12-09 03:30:47,LEDBrightnessTask
2024-12-09 03:30:47,OLEDDisplayTask
2024-12-09 03:30:47,LEDBrightnessTask
2024-12-09 03:30:47,OLEDDisplayTask
2024-12-09 03:30:47,LEDBrightnessTask
2024-12-09 03:30:47,Temperature: 38 °C	Humidity: 42 %
2024-12-09 03:30:47,OLEDDisplayTask
2024-12-09 03:30:47,LEDBrightnessTask
2024-12-09 03:30:47,UDPListenerSendTask
2024-12-09 03:30:47,deserializeJson() failed: InvalidInput
2024-12-09 03:30:47,OLEDDisplayTask
2024-12-09 03:30:47,LEDBrightnessTask
2024-12-09 03:30:47,Received arcValue: 50
2024-12-09 03:30:47,Received valueButton7: 0
2024-12-09 03:30:47,Received valueButton8: 0
2024-12-09 03:30:47,deserializeJson() failed: InvalidInput
2024-12-09 03:30:47,deserializeJson() failed: InvalidInput
2024-12-09 03:30:47,LEDBrightnessTask
2024-12-09 03:30:47,OLEDDisplayTask
2024-12-09 03:30:47,LEDBrightnessTask
2024-12-09 03:30:47,OLEDDisplayTask
2024-12-09 03:30:47,LEDBrightnessTask
2024-12-09 03:30:47,OLEDDisplayTask
2024-12-09 03:30:47,Mq2Task
2024-12-09 03:30:47,Received arcValue: 50
2024-12-09 03:30:47,Received valueButton7: 0
2024-12-09 03:30:47,Received valueButton8: 0
2024-12-09 03:30:47,deserializeJson() failed: MQ-2 Gas Concentration: 10.InvalidInput
2024-12-09 03:30:47,47 PPM
2024-12-09 03:30:47,LEDBrightnessTask
2024-12-09 03:30:48,OLEDDisplayTask
2024-12-09 03:30:48,LEDBrightnessTask
2024-12-09 03:30:48,LEDBrightnessTask
2024-12-09 03:30:48,OLEDDisplayTask
2024-12-09 03:30:48,LEDBrightnessTask
2024-12-09 03:30:48,OLEDDisplayTask
2024-12-09 03:30:48,LEDBrightnessTask
2024-12-09 03:30:48,OLEDDisplayTask
2024-12-09 03:30:48,LEDBrightnessTask
2024-12-09 03:30:48,OLEDDisplayTask
2024-12-09 03:30:48,LEDBrightnessTask
2024-12-09 03:30:48,OLEDDisplayTask
2024-12-09 03:30:48,LEDBrightnessTask
2024-12-09 03:30:48,OLEDDisplayTask
2024-12-09 03:30:48,LEDBrightnessTask
2024-12-09 03:30:48,OLEDDisplayTask
2024-12-09 03:30:48,LEDBrightnessTask
2024-12-09 03:30:48,OLEDDisplayTask
2024-12-09 03:30:48,LEDBrightnessTask
2024-12-09 03:30:49,LEDBrightnessTask
2024-12-09 03:30:49,OLEDDisplayTask
2024-12-09 03:30:49,Received arcValue: 50
2024-12-09 03:30:49,Received valueButton7: 0
2024-12-09 03:30:49,Received valueButton8: 0
2024-12-09 03:30:49,LEDBrightnessTask
2024-12-09 03:30:49,OLEDDisplayTask
2024-12-09 03:30:49,LEDBrightnessTask
2024-12-09 03:30:49,OLEDDisplayTask
2024-12-09 03:30:49,LEDBrightnessTask
2024-12-09 03:30:49,ReadDHT11Task
2024-12-09 03:30:49,OLEDDisplayTask
2024-12-09 03:30:49,Received arcValue: 50
2024-12-09 03:30:49,Received valueButton7: 0
2024-12-09 03:30:49,Received valueButton8: 0
2024-12-09 03:30:49,deserializeJson() failed: InvalidInput
2024-12-09 03:30:49,LEDBrightnessTask
2024-12-09 03:30:49,UDPListenerSendTask
2024-12-09 03:30:49,OLEDDisplayTask
2024-12-09 03:30:49,LEDBrightnessTask
2024-12-09 03:30:49,OLEDDisplayTask
2024-12-09 03:30:49,LEDBrightnessTask
2024-12-09 03:30:49,OLEDDisplayTask
2024-12-09 03:30:49,LEDBrightnessTask
2024-12-09 03:30:49,LEDBrightnessTask
2024-12-09 03:30:49,OLEDDisplayTask
2024-12-09 03:30:49,Temperature: 38 °C	Humidity: 42 %
2024-12-09 03:30:49,Mq2Task
2024-12-09 03:30:49,LEDBrightnessTask
2024-12-09 03:30:49,MQ-2 Gas Concentration: 12.31 PPM
2024-12-09 03:30:49,OLEDDisplayTask
2024-12-09 03:30:50,Received arcValue: 50
2024-12-09 03:30:50,Received valueButton7: 0
2024-12-09 03:30:50,Received valueButton8: 0
2024-12-09 03:30:50,deserializeJson() failed: InvalidInput
2024-12-09 03:30:50,deserializeJson() failed: InvalidInput
2024-12-09 03:30:50,LEDBrightnessTask
2024-12-09 03:30:50,OLEDDisplayTask
2024-12-09 03:30:50,LEDBrightnessTask
2024-12-09 03:30:50,OLEDDisplayTask
2024-12-09 03:30:50,LEDBrightnessTask
2024-12-09 03:30:50,OLEDDisplayTask
2024-12-09 03:30:50,LEDBrightnessTask
2024-12-09 03:30:50,OLEDDisplayTask
2024-12-09 03:30:50,LEDBrightnessTask
2024-12-09 03:30:50,OLEDDisplayTask
2024-12-09 03:30:50,LEDBrightnessTask
2024-12-09 03:30:50,Received arcValue: 50
2024-12-09 03:30:50,Received valueButton7: 0
2024-12-09 03:30:50,Received valueButton8: 0
2024-12-09 03:30:50,deserializeJson() failed: InvalidInput
2024-12-09 03:30:50,LEDBrightnessTask
2024-12-09 03:30:50,OLEDDisplayTask
2024-12-09 03:30:50,LEDBrightnessTask
2024-12-09 03:30:50,OLEDDisplayTask
2024-12-09 03:30:50,LEDBrightnessTask
2024-12-09 03:30:50,OLEDDisplayTask
2024-12-09 03:30:50,Received arcValue: 50
2024-12-09 03:30:50,Received valueButton7: 0
2024-12-09 03:30:50,Received valueButton8: 0
2024-12-09 03:30:50,deserializeJson() failed: InvalidInput
2024-12-09 03:30:50,LEDBrightnessTask
2024-12-09 03:30:51,OLEDDisplayTask
2024-12-09 03:30:51,LEDBrightnessTask
2024-12-09 03:30:51,OLEDDisplayTask
2024-12-09 03:30:51,LEDBrightnessTask
2024-12-09 03:30:51,OLEDDisplayTask
2024-12-09 03:30:51,LEDBrightnessTask
2024-12-09 03:30:51,OLEDDisplayTask
2024-12-09 03:30:51,LEDBrightnessTask
2024-12-09 03:30:51,OLEDDisplayTask
2024-12-09 03:30:51,UDPListenerSendTask
2024-12-09 03:30:51,deserializeJson() failed: InvalidInput
2024-12-09 03:30:51,LEDBrightnessTask
2024-12-09 03:30:51,Received arcValue: 50
2024-12-09 03:30:51,Received valueButton7: 0
2024-12-09 03:30:51,Received valueButton8: 0
2024-12-09 03:30:51,OLEDDisplayTask
2024-12-09 03:30:51,LEDBrightnessTask
2024-12-09 03:30:51,OLEDDisplayTask
2024-12-09 03:30:51,LEDBrightnessTask
2024-12-09 03:30:51,OLEDDisplayTask
2024-12-09 03:30:51,LEDBrightnessTask
2024-12-09 03:30:51,ReadDHT11Task
2024-12-09 03:30:51,OLEDDisplayTask
2024-12-09 03:30:51,LEDBrightnessTask
2024-12-09 03:30:51,Mq2Task
2024-12-09 03:30:52,MQ-2 Gas Concentration: 10.21 PPM
2024-12-09 03:30:52,LEDBrightnessTask
2024-12-09 03:30:52,OLEDDisplayTask
2024-12-09 03:30:52,LEDBrightnessTask
2024-12-09 03:30:52,LEDBrightnessTask
2024-12-09 03:30:52,OLEDDisplayTask
2024-12-09 03:30:52,LEDBrightnessTask
2024-12-09 03:30:52,OLEDDisplayTask
2024-12-09 03:30:52,Temperature: 38 °C	Humidity: 42 %
2024-12-09 03:30:52,LEDBrightnessTask
2024-12-09 03:30:52,OLEDDisplayTask
2024-12-09 03:30:52,LEDBrightnessTask
2024-12-09 03:30:52,OLEDDisplayTask
2024-12-09 03:30:52,LEDBrightnessTask
2024-12-09 03:30:52,OLEDDisplayTask
2024-12-09 03:30:52,LEDBrightnessTask
2024-12-09 03:30:52,OLEDDisplayTask
2024-12-09 03:30:52,LEDBrightnessTask
2024-12-09 03:30:52,OLEDDisplayTask
2024-12-09 03:30:52,LEDBrightnessTask
2024-12-09 03:30:53,OLEDDisplayTask
2024-12-09 03:30:53,LEDBrightnessTask
2024-12-09 03:30:53,LEDBrightnessTask
2024-12-09 03:30:53,OLEDDisplayTask
2024-12-09 03:30:53,LEDBrightnessTask
2024-12-09 03:30:53,OLEDDisplayTask
2024-12-09 03:30:53,LEDBrightnessTask
2024-12-09 03:30:53,OLEDDisplayTask
2024-12-09 03:30:53,LEDBrightnessTask
2024-12-09 03:30:53,OLEDDisplayTask
2024-12-09 03:30:53,UDPListenerSendTask
2024-12-09 03:30:53,LEDBrightnessTask
2024-12-09 03:30:53,OLEDDisplayTask
2024-12-09 03:30:53,LEDBrightnessTask
2024-12-09 03:30:53,OLEDDisplayTask
2024-12-09 03:30:53,LEDBrightnessTask
2024-12-09 03:30:53,OLEDDisplayTask
2024-12-09 03:30:53,LEDBrightnessTask
2024-12-09 03:30:53,OLEDDisplayTask
2024-12-09 03:30:54,Mq2Task
2024-12-09 03:30:54,LEDBrightnessTask
2024-12-09 03:30:54,OLEDDisplayTask
2024-12-09 03:30:54,MQ-2 Gas Concentration: 9.78 PPM
2024-12-09 03:30:54,LEDBrightnessTask
2024-12-09 03:30:54,OLEDDisplayTask
2024-12-09 03:30:54,LEDBrightnessTask
2024-12-09 03:30:54,OLEDDisplayTask
2024-12-09 03:30:54,LEDBrightnessTask
2024-12-09 03:30:54,OLEDDisplayTask
2024-12-09 03:30:54,ReadDHT11Task
2024-12-09 03:30:54,OLEDDisplayTask
2024-12-09 03:30:54,LEDBrightnessTask
2024-12-09 03:30:54,LEDBrightnessTask
2024-12-09 03:30:54,OLEDDisplayTask
2024-12-09 03:30:54,LEDBrightnessTask
2024-12-09 03:30:54,OLEDDisplayTask
2024-12-09 03:30:54,LEDBrightnessTask
2024-12-09 03:30:54,OLEDDisplayTask
2024-12-09 03:30:54,LEDBrightnessTask
2024-12-09 03:30:54,Temperature: 38 °C	Humidity: 42 %
2024-12-09 03:30:54,OLEDDisplayTask
2024-12-09 03:30:54,LEDBrightnessTask
2024-12-09 03:30:55,OLEDDisplayTask
2024-12-09 03:30:55,LEDBrightnessTask
2024-12-09 03:30:55,OLEDDisplayTask
2024-12-09 03:30:55,LEDBrightnessTask
2024-12-09 03:30:55,OLEDDisplayTask
2024-12-09 03:30:55,LEDBrightnessTask
2024-12-09 03:30:55,LEDBrightnessTask
2024-12-09 03:30:55,OLEDDisplayTask
2024-12-09 03:30:55,UDPListenerSendTask
2024-12-09 03:30:55,LEDBrightnessTask
2024-12-09 03:30:55,OLEDDisplayTask
2024-12-09 03:30:55,LEDBrightnessTask
2024-12-09 03:30:55,OLEDDisplayTask
2024-12-09 03:30:55,LEDBrightnessTask
2024-12-09 03:30:55,OLEDDisplayTask
2024-12-09 03:30:55,LEDBrightnessTask
2024-12-09 03:30:55,OLEDDisplayTask
2024-12-09 03:30:55,LEDBrightnessTask
2024-12-09 03:30:55,OLEDDisplayTask
2024-12-09 03:30:55,LEDBrightnessTask
2024-12-09 03:30:56,Mq2Task
2024-12-09 03:30:56,OLEDDisplayTask
2024-12-09 03:30:56,MQ-2 Gas Concentration: 9.53 PPM
2024-12-09 03:30:56,LEDBrightnessTask
2024-12-09 03:30:56,LEDBrightnessTask
2024-12-09 03:30:56,OLEDDisplayTask
2024-12-09 03:30:56,LEDBrightnessTask
2024-12-09 03:30:56,OLEDDisplayTask
2024-12-09 03:30:56,LEDBrightnessTask
2024-12-09 03:30:56,OLEDDisplayTask
2024-12-09 03:30:56,LEDBrightnessTask
2024-12-09 03:30:56,OLEDDisplayTask
2024-12-09 03:30:56,LEDBrightnessTask
2024-12-09 03:30:56,OLEDDisplayTask
2024-12-09 03:30:56,LEDBrightnessTask
2024-12-09 03:30:56,LEDBrightnessTask
2024-12-09 03:30:56,LEDBrightnessTask
2024-12-09 03:30:56,ReadDHT11Task
2024-12-09 03:30:57,LEDBrightnessTask
2024-12-09 03:30:57,Received arcValue: LEDBrightnessTask
2024-12-09 03:30:57,50
2024-12-09 03:30:57,Received valueButton7: 0
2024-12-09 03:30:57,Received valueButton8: 0
2024-12-09 03:30:57,Received alertValue: 0
2024-12-09 03:30:57,LEDBrightnessTask
2024-12-09 03:30:57,LEDBrightnessTask
2024-12-09 03:30:57,LEDBrightnessTask
2024-12-09 03:30:57,Received alertValue: 0
2024-12-09 03:30:57,Temperature: 38 °C	Humidity: 42 %
2024-12-09 03:30:57,UDPListenerSendTask
2024-12-09 03:30:57,LEDBrightnessTask
2024-12-09 03:30:57,deserializeJson() failed: InvalidInput
2024-12-09 03:30:57,deserializeJson() failed: InvalidInput
2024-12-09 03:30:57,deserializeJson() failed: InvalidInput
2024-12-09 03:30:57,deserializeJson() failed: InvalidInput
2024-12-09 03:30:57,LEDBrightnessTask
2024-12-09 03:30:57,LEDBrightnessTask
2024-12-09 03:30:57,OLEDDisplayTask
2024-12-09 03:30:57,LEDBrightnessTask
2024-12-09 03:30:57,LEDBrightnessTask
2024-12-09 03:30:58,LEDBrightnessTask
2024-12-09 03:30:58,Received alertValue: 0
2024-12-09 03:30:58,Mq2Task
2024-12-09 03:30:58,LEDBrightnessTask
2024-12-09 03:30:58,MQ-2 Gas Concentration: 8.35 PPM
2024-12-09 03:30:58,LEDBrightnessTask
2024-12-09 03:30:58,LEDBrightnessTask
2024-12-09 03:30:58,LEDBrightnessTask
2024-12-09 03:30:58,LEDBrightnessTask
2024-12-09 03:30:58,LEDBrightnessTask
2024-12-09 03:30:58,deserializeJson() failed: InvalidInput
2024-12-09 03:30:58,LEDBrightnessTask
2024-12-09 03:30:58,LEDBrightnessTask
2024-12-09 03:30:58,LEDBrightnessTask
2024-12-09 03:30:58,OLEDDisplayTask
2024-12-09 03:30:59,LEDBrightnessTask
2024-12-09 03:30:59,LEDBrightnessTask
2024-12-09 03:30:59,LEDBrightnessTask
2024-12-09 03:30:59,LEDBrightnessTask
2024-12-09 03:30:59,LEDBrightnessTask
2024-12-09 03:30:59,ReadDHT11Task
2024-12-09 03:30:59,UDPListenerSendTask
2024-12-09 03:30:59,LEDBrightnessTask
2024-12-09 03:30:59,Received arcValue: 50
2024-12-09 03:30:59,Received valueButton7: 0
2024-12-09 03:30:59,Received valueButton8: 0
2024-12-09 03:30:59,Received alertValue: 0
2024-12-09 03:30:59,deserializeJson() failed: InvalidInput
2024-12-09 03:30:59,deserializeJson() failed: InvalidInput
2024-12-09 03:30:59,deserializeJson() failed: InvalidInput
2024-12-09 03:30:59,LEDBrightnessTask
2024-12-09 03:30:59,LEDBrightnessTask
2024-12-09 03:30:59,LEDBrightnessTask
2024-12-09 03:30:59,LEDBrightnessTask
2024-12-09 03:30:59,Temperature: 38 °C	Humidity: 42 %
2024-12-09 03:31:00,LEDBrightnessTask
2024-12-09 03:31:00,OLEDDisplayTask
2024-12-09 03:31:00,Mq2Task
2024-12-09 03:31:00,MQ-2 Gas Concentration: 10.97 PPM
2024-12-09 03:31:00,Received arcValue: 50
2024-12-09 03:31:00,Received valueButton7: 0
2024-12-09 03:31:00,Received valueButton8: 0
2024-12-09 03:31:00,LEDBrightnessTask
2024-12-09 03:31:00,LEDBrightnessTask
2024-12-09 03:31:00,LEDBrightnessTask
2024-12-09 03:31:00,Received arcValue: 50
2024-12-09 03:31:00,Received valueButton7: 0
2024-12-09 03:31:00,Received valueButton8: 0
2024-12-09 03:31:00,LEDBrightnessTask
2024-12-09 03:31:00,Received alertValue: 0
2024-12-09 03:31:00,deserializeJson() failed: InvalidInput
2024-12-09 03:31:00,LEDBrightnessTask
2024-12-09 03:31:00,LEDBrightnessTask
2024-12-09 03:31:00,LEDBrightnessTask
2024-12-09 03:31:00,LEDBrightnessTask
2024-12-09 03:31:00,LEDBrightnessTask
2024-12-09 03:31:01,LEDBrightnessTask
2024-12-09 03:31:01,Received arcValue: 50
2024-12-09 03:31:01,Received valueButton7: 0
2024-12-09 03:31:01,Received valueButton8: 0
2024-12-09 03:31:01,Received alertValue: 0
2024-12-09 03:31:01,deserializeJson() failed: InvalidInput
2024-12-09 03:31:01,deserializeJson() failed: InvalidInput
2024-12-09 03:31:01,LEDBrightnessTask
2024-12-09 03:31:01,OLEDDisplayTask
2024-12-09 03:31:01,LEDBrightnessTask
2024-12-09 03:31:01,LEDBrightnessTask
2024-12-09 03:31:01,Received arcValue: 50
2024-12-09 03:31:01,Received valueButton7: 0
2024-12-09 03:31:01,Received valueButton8: 0
2024-12-09 03:31:01,Received alertValue: 0
2024-12-09 03:31:01,deserializeJson() failed: InvalidInput
2024-12-09 03:31:01,deserializeJson() failed: InvalidInput
2024-12-09 03:31:01,deserializeJson() failed: InvalidInput
2024-12-09 03:31:01,deserializeJson() failed: InvalidInput
2024-12-09 03:31:01,LEDBrightnessTask
2024-12-09 03:31:01,UDPListenerSendTask
2024-12-09 03:31:01,LEDBrightnessTask
2024-12-09 03:31:01,LEDBrightnessTask
2024-12-09 03:31:01,LEDBrightnessTask
2024-12-09 03:31:01,LEDBrightnessTask
2024-12-09 03:31:01,ReadDHT11Task
2024-12-09 03:31:01,LEDBrightnessTask
2024-12-09 03:31:02,Received arcValue: 50
2024-12-09 03:31:02,Received valueButton7: 0
2024-12-09 03:31:02,Received valueButton8: 0
2024-12-09 03:31:02,deserializeJson() failed: InvalidInput
2024-12-09 03:31:02,LEDBrightnessTask
2024-12-09 03:31:02,Mq2Task
2024-12-09 03:31:02,LEDBrightnessTask
2024-12-09 03:31:02,MQ-2 Gas Concentration: 9.78 PPM
2024-12-09 03:31:02,LEDBrightnessTask
2024-12-09 03:31:02,OLEDDisplayTask
2024-12-09 03:31:02,LEDBrightnessTask
2024-12-09 03:31:02,deserializeJson() failed: InvalidInput
2024-12-09 03:31:02,Received arcValue: 50
2024-12-09 03:31:02,Received valueButton7: 0
2024-12-09 03:31:02,Received valueButton8: 0
2024-12-09 03:31:02,deserializeJson() failed: InvalidInput
2024-12-09 03:31:02,LEDBrightnessTask
2024-12-09 03:31:02,Temperature: 38 °C	Humidity: 42 %
2024-12-09 03:31:02,LEDBrightnessTask
2024-12-09 03:31:02,LEDBrightnessTask
2024-12-09 03:31:02,LEDBrightnessTask
2024-12-09 03:31:02,LEDBrightnessTask
2024-12-09 03:31:02,Received arcValue: 50
2024-12-09 03:31:02,Received valueButton7: 0
2024-12-09 03:31:02,Received valueButton8: 0
2024-12-09 03:31:02,deserializeJson() failed: InvalidInput
2024-12-09 03:31:02,LEDBrightnessTask
2024-12-09 03:31:03,LEDBrightnessTask
2024-12-09 03:31:03,LEDBrightnessTask
2024-12-09 03:31:03,LEDBrightnessTask
2024-12-09 03:31:03,LEDBrightnessTask
2024-12-09 03:31:03,UDPListenerSendTask
2024-12-09 03:31:03,LEDBrightnessTask
2024-12-09 03:31:03,OLEDDisplayTask
2024-12-09 03:31:03,Received arcValue: 50
2024-12-09 03:31:03,Received valueButton7: 0
2024-12-09 03:31:03,Received valueButton8: 0
2024-12-09 03:31:03,deserializeJson() failed: InvalidInput
2024-12-09 03:31:03,deserializeJson() failed: InvalidInput
2024-12-09 03:31:03,LEDBrightnessTask
2024-12-09 03:31:03,LEDBrightnessTask
2024-12-09 03:31:03,LEDBrightnessTask
2024-12-09 03:31:03,LEDBrightnessTask
2024-12-09 03:31:03,LEDBrightnessTask
2024-12-09 03:31:04,LEDBrightnessTask
2024-12-09 03:31:04,Received arcValue: 50
2024-12-09 03:31:04,Received valueButton7: 0
2024-12-09 03:31:04,Received valueButton8: 0
2024-12-09 03:31:04,LEDBrightnessTask
2024-12-09 03:31:04,Mq2Task
2024-12-09 03:31:04,MQ-2 Gas Concentration: 10.23 PPM
2024-12-09 03:31:04,LEDBrightnessTask
2024-12-09 03:31:04,LEDBrightnessTask
2024-12-09 03:31:04,LEDBrightnessTask
2024-12-09 03:31:04,ReadDHT11Task
2024-12-09 03:31:04,LEDBrightnessTask
2024-12-09 03:31:04,OLEDDisplayTask
2024-12-09 03:31:04,LEDBrightnessTask
2024-12-09 03:31:04,LEDBrightnessTask
2024-12-09 03:31:04,LEDBrightnessTask
2024-12-09 03:31:04,LEDBrightnessTask
2024-12-09 03:31:05,Temperature: 38 °C	Humidity: 42 %
2024-12-09 03:31:05,LEDBrightnessTask
2024-12-09 03:31:05,LEDBrightnessTask
2024-12-09 03:31:05,LEDBrightnessTask
2024-12-09 03:31:05,LEDBrightnessTask
2024-12-09 03:31:05,UDPListenerSendTask
2024-12-09 03:31:05,LEDBrightnessTask
2024-12-09 03:31:05,LEDBrightnessTask
2024-12-09 03:31:05,LEDBrightnessTask
2024-12-09 03:31:05,LEDBrightnessTask
2024-12-09 03:31:05,OLEDDisplayTask
2024-12-09 03:31:05,LEDBrightnessTask
2024-12-09 03:31:06,LEDBrightnessTask
2024-12-09 03:31:06,LEDBrightnessTask
2024-12-09 03:31:06,LEDBrightnessTask
2024-12-09 03:31:06,Mq2Task
2024-12-09 03:31:06,LEDBrightnessTask
2024-12-09 03:31:06,MQ-2 Gas Concentration: 12.83 PPM
2024-12-09 03:31:06,LEDBrightnessTask
2024-12-09 03:31:06,LEDBrightnessTask
2024-12-09 03:31:06,LEDBrightnessTask
2024-12-09 03:31:06,LEDBrightnessTask
2024-12-09 03:31:06,LEDBrightnessTask
2024-12-09 03:31:06,LEDBrightnessTask
2024-12-09 03:31:06,OLEDDisplayTask
2024-12-09 03:31:07,LEDBrightnessTask
2024-12-09 03:31:07,ReadDHT11Task
2024-12-09 03:31:07,LEDBrightnessTask
2024-12-09 03:31:07,LEDBrightnessTask
2024-12-09 03:31:07,LEDBrightnessTask
2024-12-09 03:31:07,LEDBrightnessTask
2024-12-09 03:31:07,UDPListenerSendTask
2024-12-09 03:31:07,LEDBrightnessTask
2024-12-09 03:31:07,Temperature: 38 °C	Humidity: 42 %
2024-12-09 03:31:07,LEDBrightnessTask
2024-12-09 03:31:07,LEDBrightnessTask
2024-12-09 03:31:07,LEDBrightnessTask
2024-12-09 03:31:07,LEDBrightnessTask
2024-12-09 03:31:08,LEDBrightnessTask
2024-12-09 03:31:08,OLEDDisplayTask
2024-12-09 03:31:08,LEDBrightnessTask
2024-12-09 03:31:08,LEDBrightnessTask
2024-12-09 03:31:08,Mq2Task
2024-12-09 03:31:08,MQ-2 Gas Concentration: 10.05 PPM
2024-12-09 03:31:08,LEDBrightnessTask
2024-12-09 03:31:08,LEDBrightnessTask
2024-12-09 03:31:08,LEDBrightnessTask
2024-12-09 03:31:08,LEDBrightnessTask
2024-12-09 03:31:08,LEDBrightnessTask
2024-12-09 03:31:08,LEDBrightnessTask
2024-12-09 03:31:08,LEDBrightnessTask
2024-12-09 03:31:09,LEDBrightnessTask
2024-12-09 03:31:09,LEDBrightnessTask
2024-12-09 03:31:09,OLEDDisplayTask
2024-12-09 03:31:09,LEDBrightnessTask
2024-12-09 03:31:09,LEDBrightnessTask
2024-12-09 03:31:09,LEDBrightnessTask
2024-12-09 03:31:09,UDPListenerSendTask
2024-12-09 03:31:09,ReadDHT11Task
2024-12-09 03:31:09,LEDBrightnessTask
2024-12-09 03:31:09,LEDBrightnessTask
2024-12-09 03:31:09,LEDBrightnessTask
2024-12-09 03:31:09,LEDBrightnessTask
2024-12-09 03:31:10,LEDBrightnessTask
2024-12-09 03:31:10,Temperature: 38 °C	Humidity: 42 %
2024-12-09 03:31:10,LEDBrightnessTask
2024-12-09 03:31:10,LEDBrightnessTask
2024-12-09 03:31:10,LEDBrightnessTask
2024-12-09 03:31:10,Mq2Task
2024-12-09 03:31:10,MQ-2 Gas Concentration: 10.02 PPM
2024-12-09 03:31:10,LEDBrightnessTask
2024-12-09 03:31:10,OLEDDisplayTask
2024-12-09 03:31:10,LEDBrightnessTask
2024-12-09 03:31:10,LEDBrightnessTask
2024-12-09 03:31:10,LEDBrightnessTask
2024-12-09 03:31:10,LEDBrightnessTask
2024-12-09 03:31:10,LEDBrightnessTask
2024-12-09 03:31:11,LEDBrightnessTask
2024-12-09 03:31:11,LEDBrightnessTask
2024-12-09 03:31:11,LEDBrightnessTask
2024-12-09 03:31:11,LEDBrightnessTask
2024-12-09 03:31:11,LEDBrightnessTask
2024-12-09 03:31:11,LEDBrightnessTask
2024-12-09 03:31:11,UDPListenerSendTask
2024-12-09 03:31:11,OLEDDisplayTask
2024-12-09 03:31:11,LEDBrightnessTask
2024-12-09 03:31:11,LEDBrightnessTask
2024-12-09 03:31:11,LEDBrightnessTask
2024-12-09 03:31:11,LEDBrightnessTask
2024-12-09 03:31:12,LEDBrightnessTask
2024-12-09 03:31:12,ReadDHT11Task
2024-12-09 03:31:12,LEDBrightnessTask
2024-12-09 03:31:12,LEDBrightnessTask
2024-12-09 03:31:12,LEDBrightnessTask
2024-12-09 03:31:12,Mq2Task
2024-12-09 03:31:12,LEDBrightnessTask
2024-12-09 03:31:12,MQ-2 Gas Concentration: 9.89 PPM
2024-12-09 03:31:12,LEDBrightnessTask
2024-12-09 03:31:12,Temperature: 38 °C	Humidity: 42 %
2024-12-09 03:31:12,OLEDDisplayTask
2024-12-09 03:31:12,LEDBrightnessTask
2024-12-09 03:31:12,LEDBrightnessTask
2024-12-09 03:31:12,LEDBrightnessTask
2024-12-09 03:31:12,LEDBrightnessTask
2024-12-09 03:31:13,LEDBrightnessTask
2024-12-09 03:31:13,LEDBrightnessTask
2024-12-09 03:31:13,LEDBrightnessTask
2024-12-09 03:31:13,LEDBrightnessTask
2024-12-09 03:31:13,LEDBrightnessTask
2024-12-09 03:31:13,UDPListenerSendTask
2024-12-09 03:31:13,LEDBrightnessTask
2024-12-09 03:31:13,LEDBrightnessTask
2024-12-09 03:31:13,LEDBrightnessTask
2024-12-09 03:31:13,OLEDDisplayTask
2024-12-09 03:31:13,LEDBrightnessTask
2024-12-09 03:31:14,LEDBrightnessTask
2024-12-09 03:31:14,LEDBrightnessTask
2024-12-09 03:31:14,LEDBrightnessTask
2024-12-09 03:31:14,LEDBrightnessTask
2024-12-09 03:31:14,LEDBrightnessTask
2024-12-09 03:31:14,Mq2Task
2024-12-09 03:31:14,MQ-2 Gas Concentration: 10.21 PPM
2024-12-09 03:31:14,LEDBrightnessTask
2024-12-09 03:31:14,ReadDHT11Task
2024-12-09 03:31:14,LEDBrightnessTask
2024-12-09 03:31:14,LEDBrightnessTask
2024-12-09 03:31:14,LEDBrightnessTask
2024-12-09 03:31:14,LEDBrightnessTask
2024-12-09 03:31:15,LEDBrightnessTask
2024-12-09 03:31:15,OLEDDisplayTask
2024-12-09 03:31:15,Temperature: 38 °C	Humidity: 42 %
2024-12-09 03:31:15,LEDBrightnessTask
2024-12-09 03:31:15,LEDBrightnessTask
2024-12-09 03:31:15,LEDBrightnessTask
2024-12-09 03:31:15,LEDBrightnessTask
2024-12-09 03:31:15,UDPListenerSendTask
2024-12-09 03:31:15,LEDBrightnessTask
2024-12-09 03:31:15,LEDBrightnessTask
2024-12-09 03:31:15,LEDBrightnessTask
2024-12-09 03:31:15,LEDBrightnessTask
2024-12-09 03:31:15,LEDBrightnessTask
2024-12-09 03:31:16,LEDBrightnessTask
2024-12-09 03:31:16,LEDBrightnessTask
2024-12-09 03:31:16,OLEDDisplayTask
2024-12-09 03:31:16,LEDBrightnessTask
2024-12-09 03:31:16,LEDBrightnessTask
2024-12-09 03:31:16,LEDBrightnessTask
2024-12-09 03:31:16,Mq2Task
2024-12-09 03:31:16,MQ-2 Gas Concentration: 10.23 PPM
2024-12-09 03:31:16,LEDBrightnessTask
2024-12-09 03:31:16,LEDBrightnessTask
2024-12-09 03:31:16,LEDBrightnessTask
2024-12-09 03:31:16,LEDBrightnessTask
2024-12-09 03:31:16,LEDBrightnessTask
2024-12-09 03:31:17,LEDBrightnessTask
2024-12-09 03:31:17,ReadDHT11Task
2024-12-09 03:31:17,LEDBrightnessTask
2024-12-09 03:31:17,OLEDDisplayTask
2024-12-09 03:31:17,LEDBrightnessTask
2024-12-09 03:31:17,LEDBrightnessTask
2024-12-09 03:31:17,LEDBrightnessTask
2024-12-09 03:31:17,UDPListenerSendTask
2024-12-09 03:31:17,LEDBrightnessTask
2024-12-09 03:31:17,Temperature: 38 °C	Humidity: 42 %
2024-12-09 03:31:17,LEDBrightnessTask
2024-12-09 03:31:17,LEDBrightnessTask
2024-12-09 03:31:17,LEDBrightnessTask
2024-12-09 03:31:18,LEDBrightnessTask
2024-12-09 03:31:18,LEDBrightnessTask
