Timestamp,Log
2024-12-07 15:53:20,ets Jun  8 2016 00:22:57
2024-12-07 15:53:20,"rst:0x1 (POWERON_RESET),boot:0x13 (SPI_FAST_FLASH_BOOT)"
2024-12-07 15:53:20,"configsip: 0, SPIWP:0xee"
2024-12-07 15:53:20,"clk_drv:0x00,q_drv:0x00,d_drv:0x00,cs0_drv:0x00,hd_drv:0x00,wp_drv:0x00"
2024-12-07 15:53:20,"mode:DIO, clock div:1"
2024-12-07 15:53:20,"load:0x3fff0030,len:1344"
2024-12-07 15:53:20,"load:0x40078000,len:13964"
2024-12-07 15:53:20,"load:0x40080400,len:3600"
2024-12-07 15:53:20,entry 0x400805f0
2024-12-07 15:53:20,Setup OLED
2024-12-07 15:53:22,Connecting to WiFi...
2024-12-07 15:53:22,Connected to WiFi
2024-12-07 15:53:23,OLEDDisplayTask
2024-12-07 15:53:23,semaphoreButtonTask
2024-12-07 15:53:23,ReadDHT11Task
2024-12-07 15:53:23,Calibrating please wait...OLEDDisplayTask
2024-12-07 15:53:23,...OLEDDisplayTask
2024-12-07 15:53:24,...OLEDDisplayTask
2024-12-07 15:53:24,..  done!.
2024-12-07 15:53:24,Mq2Task
2024-12-07 15:53:24,OLEDDisplayTask
2024-12-07 15:53:24,MQ-2 Gas Concentration: 6.52 PPM
2024-12-07 15:53:24,Temperature: 39 °C	Humidity: 45 %
2024-12-07 15:53:24,OLEDDisplayTask
2024-12-07 15:53:24,OLEDDisplayTask
2024-12-07 15:53:24,OLEDDisplayTask
2024-12-07 15:53:24,OLEDDisplayTask
2024-12-07 15:53:24,OLEDDisplayTask
2024-12-07 15:53:24,OLEDDisplayTask
2024-12-07 15:53:24,OLEDDisplayTask
2024-12-07 15:53:25,OLEDDisplayTask
2024-12-07 15:53:25,OLEDDisplayTask
2024-12-07 15:53:25,OLEDDisplayTask
2024-12-07 15:53:25,OLEDDisplayTask
2024-12-07 15:53:25,OLEDDisplayTask
2024-12-07 15:53:25,OLEDDisplayTask
2024-12-07 15:53:25,OLEDDisplayTask
2024-12-07 15:53:25,OLEDDisplayTask
2024-12-07 15:53:25,OLEDDisplayTask
2024-12-07 15:53:26,OLEDDisplayTask
2024-12-07 15:53:26,Mq2Task
2024-12-07 15:53:26,OLEDDisplayTask
2024-12-07 15:53:26,MQ-2 Gas Concentration: 8.56 PPM
2024-12-07 15:53:26,ReadDHT11Task
2024-12-07 15:53:26,OLEDDisplayTask
2024-12-07 15:53:26,OLEDDisplayTask
2024-12-07 15:53:26,OLEDDisplayTask
2024-12-07 15:53:26,OLEDDisplayTask
2024-12-07 15:53:26,Temperature: 39 °C	Humidity: 45 %
2024-12-07 15:53:26,OLEDDisplayTask
2024-12-07 15:53:26,OLEDDisplayTask
2024-12-07 15:53:27,OLEDDisplayTask
2024-12-07 15:53:27,OLEDDisplayTask
2024-12-07 15:53:27,OLEDDisplayTask
2024-12-07 15:53:27,OLEDDisplayTask
2024-12-07 15:53:27,OLEDDisplayTask
2024-12-07 15:53:27,OLEDDisplayTask
2024-12-07 15:53:27,OLEDDisplayTask
2024-12-07 15:53:27,OLEDDisplayTask
2024-12-07 15:53:27,OLEDDisplayTask
2024-12-07 15:53:28,OLEDDisplayTask
2024-12-07 15:53:28,OLEDDisplayTask
2024-12-07 15:53:28,Mq2Task
2024-12-07 15:53:28,OLEDDisplayTask
2024-12-07 15:53:28,MQ-2 Gas Concentration: 8.71 PPM
2024-12-07 15:53:28,OLEDDisplayTask
2024-12-07 15:53:28,OLEDDisplayTask
2024-12-07 15:53:28,OLEDDisplayTask
2024-12-07 15:53:28,OLEDDisplayTask
2024-12-07 15:53:28,ReadDHT11Task
2024-12-07 15:53:28,OLEDDisplayTask
2024-12-07 15:53:28,OLEDDisplayTask
2024-12-07 15:53:29,OLEDDisplayTask
2024-12-07 15:53:29,OLEDDisplayTask
2024-12-07 15:53:29,OLEDDisplayTask
2024-12-07 15:53:29,Temperature: 39 °C	Humidity: 45 %
2024-12-07 15:53:29,OLEDDisplayTask
2024-12-07 15:53:29,OLEDDisplayTask
2024-12-07 15:53:29,OLEDDisplayTask
2024-12-07 15:53:29,OLEDDisplayTask
2024-12-07 15:53:29,OLEDDisplayTask
2024-12-07 15:53:29,OLEDDisplayTask
2024-12-07 15:53:30,OLEDDisplayTask
2024-12-07 15:53:30,OLEDDisplayTask
2024-12-07 15:53:30,Mq2Task
2024-12-07 15:53:30,OLEDDisplayTask
2024-12-07 15:53:30,MQ-2 Gas Concentration: 8.56 PPM
2024-12-07 15:53:30,OLEDDisplayTask
2024-12-07 15:53:30,OLEDDisplayTask
2024-12-07 15:53:30,OLEDDisplayTask
2024-12-07 15:53:30,OLEDDisplayTask
2024-12-07 15:53:30,OLEDDisplayTask
2024-12-07 15:53:30,OLEDDisplayTask
2024-12-07 15:53:31,OLEDDisplayTask
2024-12-07 15:53:31,OLEDDisplayTask
2024-12-07 15:53:31,ReadDHT11Task
2024-12-07 15:53:31,OLEDDisplayTask
2024-12-07 15:53:31,OLEDDisplayTask
2024-12-07 15:53:31,OLEDDisplayTask
2024-12-07 15:53:31,OLEDDisplayTask
2024-12-07 15:53:31,OLEDDisplayTask
2024-12-07 15:53:31,Button pressed 2 time(s) in 1 second
2024-12-07 15:53:31,semaphoreButtonTask
2024-12-07 15:53:31,Error 253 Reading from DHT11 timed out.
2024-12-07 15:53:31,OLEDDisplayTask
2024-12-07 15:53:31,OLEDDisplayTask
2024-12-07 15:53:32,OLEDDisplayTask
2024-12-07 15:53:32,OLEDDisplayTask
2024-12-07 15:53:32,Mq2Task
2024-12-07 15:53:32,OLEDDisplayTask
2024-12-07 15:53:32,MQ-2 Gas Concentration: 3.30 PPM
2024-12-07 15:53:32,OLEDDisplayTask
2024-12-07 15:53:32,OLEDDisplayTask
2024-12-07 15:53:32,OLEDDisplayTask
2024-12-07 15:53:32,OLEDDisplayTask
2024-12-07 15:53:32,OLEDDisplayTask
2024-12-07 15:53:32,OLEDDisplayTask
2024-12-07 15:53:33,OLEDDisplayTask
2024-12-07 15:53:33,OLEDDisplayTask
2024-12-07 15:53:33,OLEDDisplayTask
2024-12-07 15:53:33,OLEDDisplayTask
2024-12-07 15:53:33,OLEDDisplayTask
2024-12-07 15:53:33,OLEDDisplayTask
2024-12-07 15:53:33,OLEDDisplayTask
2024-12-07 15:53:33,ReadDHT11Task
2024-12-07 15:53:33,OLEDDisplayTask
2024-12-07 15:53:34,OLEDDisplayTask
2024-12-07 15:53:34,OLEDDisplayTask
2024-12-07 15:53:34,OLEDDisplayTask
2024-12-07 15:53:34,Temperature: 39 °C	Humidity: 45 %
2024-12-07 15:53:34,Mq2Task
2024-12-07 15:53:34,OLEDDisplayTask
2024-12-07 15:53:34,MQ-2 Gas Concentration: 3.37 PPM
2024-12-07 15:53:34,OLEDDisplayTask
2024-12-07 15:53:34,OLEDDisplayTask
2024-12-07 15:53:34,OLEDDisplayTask
2024-12-07 15:53:34,OLEDDisplayTask
2024-12-07 15:53:34,OLEDDisplayTask
2024-12-07 15:53:35,OLEDDisplayTask
2024-12-07 15:53:35,OLEDDisplayTask
2024-12-07 15:53:35,OLEDDisplayTask
2024-12-07 15:53:35,OLEDDisplayTask
2024-12-07 15:53:35,OLEDDisplayTask
2024-12-07 15:53:35,OLEDDisplayTask
2024-12-07 15:53:35,OLEDDisplayTask
2024-12-07 15:53:35,OLEDDisplayTask
2024-12-07 15:53:35,OLEDDisplayTask
2024-12-07 15:53:36,OLEDDisplayTask
2024-12-07 15:53:36,OLEDDisplayTask
2024-12-07 15:53:36,OLEDDisplayTask
2024-12-07 15:53:36,ReadDHT11Task
2024-12-07 15:53:36,OLEDDisplayTask
2024-12-07 15:53:36,Mq2Task
2024-12-07 15:53:36,MQ-2 Gas Concentration: 3.19 PPM
2024-12-07 15:53:36,OLEDDisplayTask
2024-12-07 15:53:36,OLEDDisplayTask
2024-12-07 15:53:36,OLEDDisplayTask
2024-12-07 15:53:36,OLEDDisplayTask
2024-12-07 15:53:36,Temperature: 39 °C	Humidity: 45 %
2024-12-07 15:53:36,OLEDDisplayTask
2024-12-07 15:53:37,OLEDDisplayTask
2024-12-07 15:53:37,OLEDDisplayTask
2024-12-07 15:53:37,OLEDDisplayTask
2024-12-07 15:53:37,OLEDDisplayTask
2024-12-07 15:53:37,OLEDDisplayTask
2024-12-07 15:53:37,OLEDDisplayTask
2024-12-07 15:53:37,OLEDDisplayTask
2024-12-07 15:53:37,OLEDDisplayTask
2024-12-07 15:53:37,OLEDDisplayTask
2024-12-07 15:53:38,OLEDDisplayTask
2024-12-07 15:53:38,OLEDDisplayTask
2024-12-07 15:53:38,OLEDDisplayTask
2024-12-07 15:53:38,OLEDDisplayTask
2024-12-07 15:53:38,Mq2Task
2024-12-07 15:53:38,MQ-2 Gas Concentration: 3.16 PPM
2024-12-07 15:53:38,OLEDDisplayTask
2024-12-07 15:53:38,OLEDDisplayTask
2024-12-07 15:53:38,OLEDDisplayTask
2024-12-07 15:53:38,ReadDHT11Task
2024-12-07 15:53:38,OLEDDisplayTask
2024-12-07 15:53:38,OLEDDisplayTask
2024-12-07 15:53:39,OLEDDisplayTask
2024-12-07 15:53:39,OLEDDisplayTask
2024-12-07 15:53:39,OLEDDisplayTask
2024-12-07 15:53:39,Temperature: 39 °C	Humidity: 45 %
2024-12-07 15:53:39,OLEDDisplayTask
2024-12-07 15:53:39,OLEDDisplayTask
2024-12-07 15:53:39,OLEDDisplayTask
2024-12-07 15:53:39,OLEDDisplayTask
2024-12-07 15:53:39,OLEDDisplayTask
2024-12-07 15:53:39,OLEDDisplayTask
2024-12-07 15:53:40,OLEDDisplayTask
2024-12-07 15:53:40,OLEDDisplayTask
2024-12-07 15:53:40,OLEDDisplayTask
2024-12-07 15:53:40,OLEDDisplayTask
2024-12-07 15:53:40,Mq2Task
2024-12-07 15:53:40,MQ-2 Gas Concentration: 3.38 PPM
2024-12-07 15:53:40,OLEDDisplayTask
2024-12-07 15:53:40,OLEDDisplayTask
2024-12-07 15:53:40,OLEDDisplayTask
2024-12-07 15:53:40,OLEDDisplayTask
2024-12-07 15:53:41,OLEDDisplayTask
2024-12-07 15:53:41,OLEDDisplayTask
2024-12-07 15:53:41,OLEDDisplayTask
2024-12-07 15:53:41,OLEDDisplayTask
2024-12-07 15:53:41,ReadDHT11Task
2024-12-07 15:53:41,OLEDDisplayTask
2024-12-07 15:53:41,OLEDDisplayTask
2024-12-07 15:53:41,OLEDDisplayTask
2024-12-07 15:53:41,OLEDDisplayTask
2024-12-07 15:53:41,Temperature: 39 °C	Humidity: 45 %
2024-12-07 15:53:41,OLEDDisplayTask
2024-12-07 15:53:42,OLEDDisplayTask
2024-12-07 15:53:42,OLEDDisplayTask
2024-12-07 15:53:42,OLEDDisplayTask
2024-12-07 15:53:42,OLEDDisplayTask
2024-12-07 15:53:42,OLEDDisplayTask
2024-12-07 15:53:42,Mq2Task
2024-12-07 15:53:42,MQ-2 Gas Concentration: 3.42 PPM
2024-12-07 15:53:42,OLEDDisplayTask
2024-12-07 15:53:42,OLEDDisplayTask
2024-12-07 15:53:42,OLEDDisplayTask
2024-12-07 15:53:42,OLEDDisplayTask
2024-12-07 15:53:43,OLEDDisplayTask
2024-12-07 15:53:43,OLEDDisplayTask
2024-12-07 15:53:43,OLEDDisplayTask
2024-12-07 15:53:43,OLEDDisplayTask
2024-12-07 15:53:43,OLEDDisplayTask
2024-12-07 15:53:43,OLEDDisplayTask
2024-12-07 15:53:43,OLEDDisplayTask
2024-12-07 15:53:43,OLEDDisplayTask
2024-12-07 15:53:43,ReadDHT11Task
2024-12-07 15:53:43,OLEDDisplayTask
2024-12-07 15:53:44,OLEDDisplayTask
2024-12-07 15:53:44,OLEDDisplayTask
2024-12-07 15:53:44,OLEDDisplayTask
2024-12-07 15:53:44,OLEDDisplayTask
2024-12-07 15:53:44,Error 253 Reading from DHT11 timed out.
2024-12-07 15:53:44,OLEDDisplayTask
2024-12-07 15:53:44,Mq2Task
2024-12-07 15:53:44,MQ-2 Gas Concentration: 3.28 PPM
2024-12-07 15:53:44,OLEDDisplayTask
2024-12-07 15:53:44,OLEDDisplayTask
2024-12-07 15:53:44,OLEDDisplayTask
2024-12-07 15:53:44,OLEDDisplayTask
2024-12-07 15:53:45,OLEDDisplayTask
2024-12-07 15:53:45,OLEDDisplayTask
2024-12-07 15:53:45,OLEDDisplayTask
2024-12-07 15:53:45,OLEDDisplayTask
2024-12-07 15:53:45,OLEDDisplayTask
2024-12-07 15:53:45,OLEDDisplayTask
2024-12-07 15:53:45,OLEDDisplayTask
2024-12-07 15:53:45,OLEDDisplayTask
2024-12-07 15:53:45,OLEDDisplayTask
2024-12-07 15:53:46,OLEDDisplayTask
2024-12-07 15:53:46,OLEDDisplayTask
2024-12-07 15:53:46,OLEDDisplayTask
2024-12-07 15:53:46,ReadDHT11Task
2024-12-07 15:53:46,OLEDDisplayTask
2024-12-07 15:53:46,OLEDDisplayTask
2024-12-07 15:53:46,Mq2Task
2024-12-07 15:53:46,MQ-2 Gas Concentration: 3.47 PPM
2024-12-07 15:53:46,OLEDDisplayTask
2024-12-07 15:53:46,OLEDDisplayTask
2024-12-07 15:53:46,OLEDDisplayTask
2024-12-07 15:53:46,Temperature: 39 °C	Humidity: 45 %
2024-12-07 15:53:47,OLEDDisplayTask
2024-12-07 15:53:47,OLEDDisplayTask
2024-12-07 15:53:47,OLEDDisplayTask
2024-12-07 15:53:47,OLEDDisplayTask
2024-12-07 15:53:47,OLEDDisplayTask
2024-12-07 15:53:47,OLEDDisplayTask
2024-12-07 15:53:47,OLEDDisplayTask
2024-12-07 15:53:47,OLEDDisplayTask
2024-12-07 15:53:47,OLEDDisplayTask
2024-12-07 15:53:48,OLEDDisplayTask
2024-12-07 15:53:48,OLEDDisplayTask
2024-12-07 15:53:48,OLEDDisplayTask
2024-12-07 15:53:48,OLEDDisplayTask
2024-12-07 15:53:48,OLEDDisplayTask
2024-12-07 15:53:48,OLEDDisplayTask
2024-12-07 15:53:48,Mq2Task
2024-12-07 15:53:48,MQ-2 Gas Concentration: 3.46 PPM
2024-12-07 15:53:48,OLEDDisplayTask
2024-12-07 15:53:48,OLEDDisplayTask
2024-12-07 15:53:48,OLEDDisplayTask
2024-12-07 15:53:48,ReadDHT11Task
2024-12-07 15:53:49,OLEDDisplayTask
2024-12-07 15:53:49,OLEDDisplayTask
2024-12-07 15:53:49,OLEDDisplayTask
2024-12-07 15:53:49,OLEDDisplayTask
2024-12-07 15:53:49,Temperature: 39 °C	Humidity: 45 %
2024-12-07 15:53:49,OLEDDisplayTask
2024-12-07 15:53:49,OLEDDisplayTask
2024-12-07 15:53:49,OLEDDisplayTask
2024-12-07 15:53:49,OLEDDisplayTask
2024-12-07 15:53:49,OLEDDisplayTask
2024-12-07 15:53:50,OLEDDisplayTask
2024-12-07 15:53:50,OLEDDisplayTask
2024-12-07 15:53:50,OLEDDisplayTask
2024-12-07 15:53:50,OLEDDisplayTask
2024-12-07 15:53:50,OLEDDisplayTask
2024-12-07 15:53:50,OLEDDisplayTask
2024-12-07 15:53:50,Mq2Task
2024-12-07 15:53:50,MQ-2 Gas Concentration: 3.44 PPM
2024-12-07 15:53:50,OLEDDisplayTask
2024-12-07 15:53:50,OLEDDisplayTask
2024-12-07 15:53:50,OLEDDisplayTask
2024-12-07 15:53:51,OLEDDisplayTask
2024-12-07 15:53:51,OLEDDisplayTask
2024-12-07 15:53:51,OLEDDisplayTask
2024-12-07 15:53:51,OLEDDisplayTask
2024-12-07 15:53:51,ReadDHT11Task
2024-12-07 15:53:51,OLEDDisplayTask
2024-12-07 15:53:51,OLEDDisplayTask
2024-12-07 15:53:51,OLEDDisplayTask
2024-12-07 15:53:51,OLEDDisplayTask
2024-12-07 15:53:51,OLEDDisplayTask
2024-12-07 15:53:51,Temperature: 39 °C	Humidity: 45 %
2024-12-07 15:53:52,OLEDDisplayTask
2024-12-07 15:53:52,OLEDDisplayTask
2024-12-07 15:53:52,OLEDDisplayTask
2024-12-07 15:53:52,OLEDDisplayTask
2024-12-07 15:53:52,OLEDDisplayTask
2024-12-07 15:53:52,OLEDDisplayTask
2024-12-07 15:53:52,Mq2Task
2024-12-07 15:53:52,MQ-2 Gas Concentration: 3.49 PPM
2024-12-07 15:53:52,OLEDDisplayTask
2024-12-07 15:53:52,OLEDDisplayTask
2024-12-07 15:53:52,OLEDDisplayTask
2024-12-07 15:53:53,OLEDDisplayTask
2024-12-07 15:53:53,OLEDDisplayTask
2024-12-07 15:53:53,OLEDDisplayTask
2024-12-07 15:53:53,OLEDDisplayTask
2024-12-07 15:53:53,OLEDDisplayTask
2024-12-07 15:53:53,OLEDDisplayTask
2024-12-07 15:53:53,OLEDDisplayTask
2024-12-07 15:53:53,OLEDDisplayTask
2024-12-07 15:53:53,ReadDHT11Task
2024-12-07 15:53:54,OLEDDisplayTask
2024-12-07 15:53:54,OLEDDisplayTask
2024-12-07 15:53:54,OLEDDisplayTask
2024-12-07 15:53:54,OLEDDisplayTask
2024-12-07 15:53:54,OLEDDisplayTask
2024-12-07 15:53:54,Temperature: 39 °C	Humidity: 45 %
2024-12-07 15:53:54,OLEDDisplayTask
2024-12-07 15:53:54,OLEDDisplayTask
2024-12-07 15:53:54,Mq2Task
2024-12-07 15:53:54,OLEDDisplayTask
2024-12-07 15:53:54,MQ-2 Gas Concentration: 3.38 PPM
2024-12-07 15:53:54,OLEDDisplayTask
2024-12-07 15:53:55,OLEDDisplayTask
2024-12-07 15:53:55,OLEDDisplayTask
2024-12-07 15:53:55,OLEDDisplayTask
2024-12-07 15:53:55,OLEDDisplayTask
2024-12-07 15:53:55,OLEDDisplayTask
2024-12-07 15:53:55,OLEDDisplayTask
2024-12-07 15:53:55,OLEDDisplayTask
2024-12-07 15:53:55,OLEDDisplayTask
2024-12-07 15:53:55,OLEDDisplayTask
2024-12-07 15:53:56,OLEDDisplayTask
2024-12-07 15:53:56,OLEDDisplayTask
2024-12-07 15:53:56,OLEDDisplayTask
2024-12-07 15:53:56,OLEDDisplayTask
2024-12-07 15:53:56,OLEDDisplayTask
2024-12-07 15:53:56,ReadDHT11Task
2024-12-07 15:53:56,OLEDDisplayTask
2024-12-07 15:53:56,OLEDDisplayTask
2024-12-07 15:53:56,Mq2Task
2024-12-07 15:53:56,OLEDDisplayTask
2024-12-07 15:53:56,MQ-2 Gas Concentration: 3.54 PPM
2024-12-07 15:53:56,OLEDDisplayTask
2024-12-07 15:53:57,Temperature: 39 °C	Humidity: 45 %
2024-12-07 15:53:57,OLEDDisplayTask
2024-12-07 15:53:57,OLEDDisplayTask
2024-12-07 15:53:57,OLEDDisplayTask
2024-12-07 15:53:57,OLEDDisplayTask
2024-12-07 15:53:57,OLEDDisplayTask
2024-12-07 15:53:57,OLEDDisplayTask
2024-12-07 15:53:57,OLEDDisplayTask
2024-12-07 15:53:57,OLEDDisplayTask
2024-12-07 15:53:57,OLEDDisplayTask
2024-12-07 15:53:58,OLEDDisplayTask
2024-12-07 15:53:58,OLEDDisplayTask
2024-12-07 15:53:58,OLEDDisplayTask
2024-12-07 15:53:58,OLEDDisplayTask
2024-12-07 15:53:58,OLEDDisplayTask
2024-12-07 15:53:58,OLEDDisplayTask
2024-12-07 15:53:58,OLEDDisplayTask
2024-12-07 15:53:58,Mq2Task
2024-12-07 15:53:58,OLEDDisplayTask
2024-12-07 15:53:58,MQ-2 Gas Concentration: 3.31 PPM
2024-12-07 15:53:58,OLEDDisplayTask
2024-12-07 15:53:59,ReadDHT11Task
2024-12-07 15:53:59,OLEDDisplayTask
2024-12-07 15:53:59,OLEDDisplayTask
2024-12-07 15:53:59,OLEDDisplayTask
2024-12-07 15:53:59,OLEDDisplayTask
2024-12-07 15:53:59,OLEDDisplayTask
2024-12-07 15:53:59,Temperature: 39 °C	Humidity: 45 %
2024-12-07 15:53:59,OLEDDisplayTask
2024-12-07 15:53:59,OLEDDisplayTask
2024-12-07 15:53:59,OLEDDisplayTask
2024-12-07 15:54:00,OLEDDisplayTask
2024-12-07 15:54:00,OLEDDisplayTask
2024-12-07 15:54:00,OLEDDisplayTask
2024-12-07 15:54:00,OLEDDisplayTask
2024-12-07 15:54:00,OLEDDisplayTask
2024-12-07 15:54:00,OLEDDisplayTask
2024-12-07 15:54:00,OLEDDisplayTask
2024-12-07 15:54:00,OLEDDisplayTask
2024-12-07 15:54:00,Mq2Task
2024-12-07 15:54:00,OLEDDisplayTask
2024-12-07 15:54:00,MQ-2 Gas Concentration: 3.35 PPM
2024-12-07 15:54:01,OLEDDisplayTask
2024-12-07 15:54:01,OLEDDisplayTask
2024-12-07 15:54:01,OLEDDisplayTask
2024-12-07 15:54:01,OLEDDisplayTask
2024-12-07 15:54:01,OLEDDisplayTask
2024-12-07 15:54:01,ReadDHT11Task
2024-12-07 15:54:01,OLEDDisplayTask
2024-12-07 15:54:01,OLEDDisplayTask
2024-12-07 15:54:01,OLEDDisplayTask
2024-12-07 15:54:01,OLEDDisplayTask
2024-12-07 15:54:02,OLEDDisplayTask
2024-12-07 15:54:02,Temperature: 39 °C	Humidity: 45 %
2024-12-07 15:54:02,OLEDDisplayTask
2024-12-07 15:54:02,OLEDDisplayTask
2024-12-07 15:54:02,OLEDDisplayTask
2024-12-07 15:54:02,OLEDDisplayTask
2024-12-07 15:54:02,OLEDDisplayTask
2024-12-07 15:54:02,OLEDDisplayTask
2024-12-07 15:54:02,OLEDDisplayTask
2024-12-07 15:54:02,Mq2Task
2024-12-07 15:54:02,OLEDDisplayTask
2024-12-07 15:54:02,MQ-2 Gas Concentration: 3.47 PPM
2024-12-07 15:54:03,OLEDDisplayTask
2024-12-07 15:54:03,OLEDDisplayTask
2024-12-07 15:54:03,OLEDDisplayTask
2024-12-07 15:54:03,OLEDDisplayTask
2024-12-07 15:54:03,OLEDDisplayTask
2024-12-07 15:54:03,OLEDDisplayTask
2024-12-07 15:54:03,OLEDDisplayTask
2024-12-07 15:54:03,OLEDDisplayTask
2024-12-07 15:54:03,OLEDDisplayTask
2024-12-07 15:54:04,OLEDDisplayTask
2024-12-07 15:54:04,ReadDHT11Task
2024-12-07 15:54:04,OLEDDisplayTask
2024-12-07 15:54:04,OLEDDisplayTask
2024-12-07 15:54:04,OLEDDisplayTask
2024-12-07 15:54:04,OLEDDisplayTask
2024-12-07 15:54:04,Temperature: 39 °C	Humidity: 45 %
2024-12-07 15:54:04,OLEDDisplayTask
2024-12-07 15:54:04,OLEDDisplayTask
2024-12-07 15:54:04,OLEDDisplayTask
2024-12-07 15:54:04,Mq2Task
2024-12-07 15:54:04,OLEDDisplayTask
2024-12-07 15:54:05,MQ-2 Gas Concentration: 3.41 PPM
2024-12-07 15:54:05,OLEDDisplayTask
2024-12-07 15:54:05,OLEDDisplayTask
2024-12-07 15:54:05,OLEDDisplayTask
2024-12-07 15:54:05,OLEDDisplayTask
2024-12-07 15:54:05,OLEDDisplayTask
2024-12-07 15:54:05,OLEDDisplayTask
2024-12-07 15:54:05,OLEDDisplayTask
2024-12-07 15:54:05,OLEDDisplayTask
2024-12-07 15:54:05,OLEDDisplayTask
2024-12-07 15:54:06,OLEDDisplayTask
2024-12-07 15:54:06,OLEDDisplayTask
2024-12-07 15:54:06,OLEDDisplayTask
2024-12-07 15:54:06,OLEDDisplayTask
2024-12-07 15:54:06,OLEDDisplayTask
2024-12-07 15:54:06,ReadDHT11Task
2024-12-07 15:54:06,OLEDDisplayTask
2024-12-07 15:54:06,OLEDDisplayTask
2024-12-07 15:54:06,OLEDDisplayTask
2024-12-07 15:54:07,OLEDDisplayTask
2024-12-07 15:54:07,Mq2Task
2024-12-07 15:54:07,MQ-2 Gas Concentration: 3.51 PPM
2024-12-07 15:54:07,OLEDDisplayTask
2024-12-07 15:54:07,Temperature: 39 °C	Humidity: 45 %
2024-12-07 15:54:07,OLEDDisplayTask
2024-12-07 15:54:07,OLEDDisplayTask
2024-12-07 15:54:07,OLEDDisplayTask
2024-12-07 15:54:07,OLEDDisplayTask
2024-12-07 15:54:07,OLEDDisplayTask
2024-12-07 15:54:07,OLEDDisplayTask
2024-12-07 15:54:07,OLEDDisplayTask
2024-12-07 15:54:08,OLEDDisplayTask
2024-12-07 15:54:08,OLEDDisplayTask
2024-12-07 15:54:08,OLEDDisplayTask
2024-12-07 15:54:08,OLEDDisplayTask
2024-12-07 15:54:08,OLEDDisplayTask
2024-12-07 15:54:08,OLEDDisplayTask
2024-12-07 15:54:08,OLEDDisplayTask
2024-12-07 15:54:08,OLEDDisplayTask
2024-12-07 15:54:08,OLEDDisplayTask
2024-12-07 15:54:09,OLEDDisplayTask
2024-12-07 15:54:09,Mq2Task
2024-12-07 15:54:09,MQ-2 Gas Concentration: 3.30 PPM
2024-12-07 15:54:09,ReadDHT11Task
2024-12-07 15:54:09,OLEDDisplayTask
2024-12-07 15:54:09,OLEDDisplayTask
2024-12-07 15:54:09,OLEDDisplayTask
2024-12-07 15:54:09,OLEDDisplayTask
2024-12-07 15:54:09,OLEDDisplayTask
2024-12-07 15:54:09,Temperature: 39 °C	Humidity: 45 %
2024-12-07 15:54:09,OLEDDisplayTask
2024-12-07 15:54:09,OLEDDisplayTask
2024-12-07 15:54:09,OLEDDisplayTask
2024-12-07 15:54:10,OLEDDisplayTask
2024-12-07 15:54:10,OLEDDisplayTask
2024-12-07 15:54:10,OLEDDisplayTask
2024-12-07 15:54:10,OLEDDisplayTask
2024-12-07 15:54:10,OLEDDisplayTask
2024-12-07 15:54:10,OLEDDisplayTask
2024-12-07 15:54:10,OLEDDisplayTask
2024-12-07 15:54:10,OLEDDisplayTask
2024-12-07 15:54:10,OLEDDisplayTask
2024-12-07 15:54:11,OLEDDisplayTask
2024-12-07 15:54:11,Mq2Task
2024-12-07 15:54:11,MQ-2 Gas Concentration: 3.44 PPM
2024-12-07 15:54:11,OLEDDisplayTask
2024-12-07 15:54:11,OLEDDisplayTask
2024-12-07 15:54:11,OLEDDisplayTask
2024-12-07 15:54:11,OLEDDisplayTask
2024-12-07 15:54:11,OLEDDisplayTask
2024-12-07 15:54:11,ReadDHT11Task
2024-12-07 15:54:11,OLEDDisplayTask
2024-12-07 15:54:11,OLEDDisplayTask
2024-12-07 15:54:11,OLEDDisplayTask
2024-12-07 15:54:12,OLEDDisplayTask
2024-12-07 15:54:12,Temperature: 39 °C	Humidity: 45 %
2024-12-07 15:54:12,OLEDDisplayTask
2024-12-07 15:54:12,OLEDDisplayTask
2024-12-07 15:54:12,OLEDDisplayTask
2024-12-07 15:54:12,OLEDDisplayTask
2024-12-07 15:54:12,OLEDDisplayTask
2024-12-07 15:54:12,OLEDDisplayTask
2024-12-07 15:54:12,OLEDDisplayTask
2024-12-07 15:54:12,OLEDDisplayTask
2024-12-07 15:54:13,OLEDDisplayTask
2024-12-07 15:54:13,Mq2Task
2024-12-07 15:54:13,MQ-2 Gas Concentration: 3.52 PPM
2024-12-07 15:54:13,OLEDDisplayTask
2024-12-07 15:54:13,OLEDDisplayTask
2024-12-07 15:54:13,OLEDDisplayTask
2024-12-07 15:54:13,OLEDDisplayTask
2024-12-07 15:54:13,OLEDDisplayTask
2024-12-07 15:54:13,OLEDDisplayTask
2024-12-07 15:54:13,OLEDDisplayTask
2024-12-07 15:54:14,OLEDDisplayTask
2024-12-07 15:54:14,OLEDDisplayTask
2024-12-07 15:54:14,ReadDHT11Task
2024-12-07 15:54:14,OLEDDisplayTask
2024-12-07 15:54:14,OLEDDisplayTask
2024-12-07 15:54:14,OLEDDisplayTask
2024-12-07 15:54:14,OLEDDisplayTask
2024-12-07 15:54:14,OLEDDisplayTask
2024-12-07 15:54:14,Temperature: 39 °C	Humidity: 45 %
2024-12-07 15:54:14,OLEDDisplayTask
2024-12-07 15:54:14,OLEDDisplayTask
2024-12-07 15:54:15,OLEDDisplayTask
2024-12-07 15:54:15,OLEDDisplayTask
2024-12-07 15:54:15,Mq2Task
2024-12-07 15:54:15,MQ-2 Gas Concentration: 3.42 PPM
2024-12-07 15:54:15,OLEDDisplayTask
2024-12-07 15:54:15,OLEDDisplayTask
2024-12-07 15:54:15,OLEDDisplayTask
2024-12-07 15:54:15,OLEDDisplayTask
2024-12-07 15:54:15,OLEDDisplayTask
2024-12-07 15:54:15,OLEDDisplayTask
2024-12-07 15:54:15,OLEDDisplayTask
2024-12-07 15:54:16,OLEDDisplayTask
2024-12-07 15:54:16,OLEDDisplayTask
2024-12-07 15:54:16,OLEDDisplayTask
2024-12-07 15:54:16,OLEDDisplayTask
2024-12-07 15:54:16,OLEDDisplayTask
2024-12-07 15:54:16,OLEDDisplayTask
2024-12-07 15:54:16,ReadDHT11Task
2024-12-07 15:54:16,OLEDDisplayTask
2024-12-07 15:54:16,OLEDDisplayTask
2024-12-07 15:54:16,OLEDDisplayTask
2024-12-07 15:54:17,OLEDDisplayTask
2024-12-07 15:54:17,OLEDDisplayTask
2024-12-07 15:54:17,Mq2Task
2024-12-07 15:54:17,Temperature: 39 °C	Humidity: 45 %
2024-12-07 15:54:17,MQ-2 Gas Concentration: 3.42 PPM
2024-12-07 15:54:17,OLEDDisplayTask
2024-12-07 15:54:17,OLEDDisplayTask
2024-12-07 15:54:17,OLEDDisplayTask
2024-12-07 15:54:17,OLEDDisplayTask
2024-12-07 15:54:17,OLEDDisplayTask
2024-12-07 15:54:17,OLEDDisplayTask
2024-12-07 15:54:17,OLEDDisplayTask
2024-12-07 15:54:18,OLEDDisplayTask
2024-12-07 15:54:18,OLEDDisplayTask
2024-12-07 15:54:18,OLEDDisplayTask
2024-12-07 15:54:18,OLEDDisplayTask
2024-12-07 15:54:18,OLEDDisplayTask
2024-12-07 15:54:18,OLEDDisplayTask
2024-12-07 15:54:18,OLEDDisplayTask
2024-12-07 15:54:18,OLEDDisplayTask
2024-12-07 15:54:18,OLEDDisplayTask
2024-12-07 15:54:19,OLEDDisplayTask
2024-12-07 15:54:19,OLEDDisplayTask
2024-12-07 15:54:19,ReadDHT11Task
2024-12-07 15:54:19,Mq2Task
2024-12-07 15:54:19,MQ-2 Gas Concentration: 3.49 PPM
2024-12-07 15:54:19,OLEDDisplayTask
2024-12-07 15:54:19,OLEDDisplayTask
2024-12-07 15:54:19,OLEDDisplayTask
2024-12-07 15:54:19,OLEDDisplayTask
2024-12-07 15:54:19,Error 253 Reading from DHT11 timed out.
2024-12-07 15:54:19,OLEDDisplayTask
2024-12-07 15:54:19,OLEDDisplayTask
2024-12-07 15:54:20,OLEDDisplayTask
2024-12-07 15:54:20,OLEDDisplayTask
2024-12-07 15:54:20,OLEDDisplayTask
2024-12-07 15:54:20,OLEDDisplayTask
2024-12-07 15:54:20,OLEDDisplayTask
2024-12-07 15:54:20,OLEDDisplayTask
2024-12-07 15:54:20,OLEDDisplayTask
2024-12-07 15:54:20,OLEDDisplayTask
2024-12-07 15:54:20,OLEDDisplayTask
2024-12-07 15:54:21,OLEDDisplayTask
2024-12-07 15:54:21,OLEDDisplayTask
2024-12-07 15:54:21,OLEDDisplayTask
2024-12-07 15:54:21,Mq2Task
2024-12-07 15:54:21,MQ-2 Gas Concentration: 3.35 PPM
2024-12-07 15:54:21,OLEDDisplayTask
2024-12-07 15:54:21,OLEDDisplayTask
2024-12-07 15:54:21,OLEDDisplayTask
2024-12-07 15:54:21,OLEDDisplayTask
2024-12-07 15:54:21,ReadDHT11Task
2024-12-07 15:54:21,OLEDDisplayTask
2024-12-07 15:54:21,OLEDDisplayTask
2024-12-07 15:54:22,OLEDDisplayTask
2024-12-07 15:54:22,OLEDDisplayTask
2024-12-07 15:54:22,Temperature: 39 °C	Humidity: 45OLEDDisplayTask
2024-12-07 15:54:22,%
2024-12-07 15:54:22,OLEDDisplayTask
2024-12-07 15:54:22,OLEDDisplayTask
2024-12-07 15:54:22,OLEDDisplayTask
2024-12-07 15:54:22,OLEDDisplayTask
2024-12-07 15:54:22,OLEDDisplayTask
2024-12-07 15:54:22,OLEDDisplayTask
2024-12-07 15:54:23,OLEDDisplayTask
2024-12-07 15:54:23,OLEDDisplayTask
2024-12-07 15:54:23,OLEDDisplayTask
2024-12-07 15:54:23,Mq2Task
2024-12-07 15:54:23,MQ-2 Gas Concentration: 3.35 PPM
2024-12-07 15:54:23,OLEDDisplayTask
2024-12-07 15:54:23,OLEDDisplayTask
2024-12-07 15:54:23,OLEDDisplayTask
2024-12-07 15:54:23,OLEDDisplayTask
2024-12-07 15:54:23,OLEDDisplayTask
2024-12-07 15:54:23,OLEDDisplayTask
2024-12-07 15:54:24,OLEDDisplayTask
2024-12-07 15:54:24,OLEDDisplayTask
2024-12-07 15:54:24,ReadDHT11Task
2024-12-07 15:54:24,OLEDDisplayTask
2024-12-07 15:54:24,OLEDDisplayTask
2024-12-07 15:54:24,OLEDDisplayTask
2024-12-07 15:54:24,OLEDDisplayTask
2024-12-07 15:54:24,OLEDDisplayTask
2024-12-07 15:54:24,Temperature: 39 °C	Humidity: 45 %
2024-12-07 15:54:24,OLEDDisplayTask
2024-12-07 15:54:24,OLEDDisplayTask
2024-12-07 15:54:25,OLEDDisplayTask
2024-12-07 15:54:25,OLEDDisplayTask
2024-12-07 15:54:25,OLEDDisplayTask
2024-12-07 15:54:25,Mq2Task
2024-12-07 15:54:25,OLEDDisplayTask
2024-12-07 15:54:25,MQ-2 Gas Concentration: 3.90 PPM
2024-12-07 15:54:25,OLEDDisplayTask
2024-12-07 15:54:25,OLEDDisplayTask
2024-12-07 15:54:25,OLEDDisplayTask
2024-12-07 15:54:25,OLEDDisplayTask
2024-12-07 15:54:25,OLEDDisplayTask
2024-12-07 15:54:26,OLEDDisplayTask
2024-12-07 15:54:26,OLEDDisplayTask
2024-12-07 15:54:26,OLEDDisplayTask
2024-12-07 15:54:26,OLEDDisplayTask
2024-12-07 15:54:26,OLEDDisplayTask
2024-12-07 15:54:26,OLEDDisplayTask
2024-12-07 15:54:26,OLEDDisplayTask
2024-12-07 15:54:26,ReadDHT11Task
2024-12-07 15:54:26,OLEDDisplayTask
2024-12-07 15:54:27,OLEDDisplayTask
2024-12-07 15:54:27,OLEDDisplayTask
2024-12-07 15:54:27,OLEDDisplayTask
2024-12-07 15:54:27,Temperature: 39 °C	Humidity: 45 %
2024-12-07 15:54:27,OLEDDisplayTask
2024-12-07 15:54:27,Mq2Task
2024-12-07 15:54:27,OLEDDisplayTask
2024-12-07 15:54:27,MQ-2 Gas Concentration: 3.58 PPM
2024-12-07 15:54:27,OLEDDisplayTask
2024-12-07 15:54:27,OLEDDisplayTask
2024-12-07 15:54:27,OLEDDisplayTask
2024-12-07 15:54:27,OLEDDisplayTask
2024-12-07 15:54:28,OLEDDisplayTask
2024-12-07 15:54:28,OLEDDisplayTask
2024-12-07 15:54:28,OLEDDisplayTask
2024-12-07 15:54:28,OLEDDisplayTask
2024-12-07 15:54:28,OLEDDisplayTask
2024-12-07 15:54:28,OLEDDisplayTask
2024-12-07 15:54:28,OLEDDisplayTask
2024-12-07 15:54:28,OLEDDisplayTask
2024-12-07 15:54:28,OLEDDisplayTask
2024-12-07 15:54:29,OLEDDisplayTask
2024-12-07 15:54:29,OLEDDisplayTask
2024-12-07 15:54:29,OLEDDisplayTask
2024-12-07 15:54:29,ReadDHT11Task
2024-12-07 15:54:29,OLEDDisplayTask
2024-12-07 15:54:29,Mq2Task
2024-12-07 15:54:29,OLEDDisplayTask
2024-12-07 15:54:29,MQ-2 Gas Concentration: 3.59 PPM
2024-12-07 15:54:29,OLEDDisplayTask
2024-12-07 15:54:29,OLEDDisplayTask
2024-12-07 15:54:29,OLEDDisplayTask
2024-12-07 15:54:29,Temperature: 39 °C	Humidity: 45 %
2024-12-07 15:54:29,OLEDDisplayTask
2024-12-07 15:54:30,OLEDDisplayTask
2024-12-07 15:54:30,OLEDDisplayTask
2024-12-07 15:54:30,OLEDDisplayTask
2024-12-07 15:54:30,OLEDDisplayTask
2024-12-07 15:54:30,OLEDDisplayTask
2024-12-07 15:54:30,OLEDDisplayTask
2024-12-07 15:54:30,OLEDDisplayTask
2024-12-07 15:54:30,OLEDDisplayTask
2024-12-07 15:54:30,OLEDDisplayTask
2024-12-07 15:54:31,OLEDDisplayTask
2024-12-07 15:54:31,OLEDDisplayTask
2024-12-07 15:54:31,OLEDDisplayTask
2024-12-07 15:54:31,OLEDDisplayTask
2024-12-07 15:54:31,Mq2Task
2024-12-07 15:54:31,OLEDDisplayTask
2024-12-07 15:54:31,MQ-2 Gas Concentration: 3.46 PPM
2024-12-07 15:54:31,OLEDDisplayTask
2024-12-07 15:54:31,OLEDDisplayTask
2024-12-07 15:54:31,ReadDHT11Task
2024-12-07 15:54:31,OLEDDisplayTask
2024-12-07 15:54:31,OLEDDisplayTask
2024-12-07 15:54:32,OLEDDisplayTask
2024-12-07 15:54:32,OLEDDisplayTask
2024-12-07 15:54:32,OLEDDisplayTask
2024-12-07 15:54:32,Temperature: 39 °C	Humidity: 45 %
2024-12-07 15:54:32,OLEDDisplayTask
2024-12-07 15:54:32,OLEDDisplayTask
2024-12-07 15:54:32,OLEDDisplayTask
2024-12-07 15:54:32,OLEDDisplayTask
2024-12-07 15:54:32,OLEDDisplayTask
2024-12-07 15:54:32,OLEDDisplayTask
2024-12-07 15:54:33,OLEDDisplayTask
2024-12-07 15:54:33,OLEDDisplayTask
2024-12-07 15:54:33,OLEDDisplayTask
2024-12-07 15:54:33,OLEDDisplayTask
2024-12-07 15:54:33,Mq2Task
2024-12-07 15:54:33,OLEDDisplayTask
2024-12-07 15:54:33,MQ-2 Gas Concentration: 3.40 PPM
2024-12-07 15:54:33,OLEDDisplayTask
2024-12-07 15:54:33,OLEDDisplayTask
2024-12-07 15:54:33,OLEDDisplayTask
2024-12-07 15:54:34,OLEDDisplayTask
2024-12-07 15:54:34,OLEDDisplayTask
2024-12-07 15:54:34,OLEDDisplayTask
2024-12-07 15:54:34,OLEDDisplayTask
2024-12-07 15:54:34,ReadDHT11Task
2024-12-07 15:54:34,OLEDDisplayTask
2024-12-07 15:54:34,OLEDDisplayTask
2024-12-07 15:54:34,OLEDDisplayTask
2024-12-07 15:54:34,OLEDDisplayTask
2024-12-07 15:54:34,Temperature: 39 °C	Humidity: 45 %
2024-12-07 15:54:34,OLEDDisplayTask
2024-12-07 15:54:35,OLEDDisplayTask
2024-12-07 15:54:35,OLEDDisplayTask
2024-12-07 15:54:35,OLEDDisplayTask
2024-12-07 15:54:35,OLEDDisplayTask
2024-12-07 15:54:35,OLEDDisplayTask
2024-12-07 15:54:35,OLEDDisplayTask
2024-12-07 15:54:35,Mq2Task
2024-12-07 15:54:35,MQ-2 Gas Concentration: 3.74 PPM
2024-12-07 15:54:35,OLEDDisplayTask
2024-12-07 15:54:35,OLEDDisplayTask
2024-12-07 15:54:35,OLEDDisplayTask
2024-12-07 15:54:36,OLEDDisplayTask
2024-12-07 15:54:36,OLEDDisplayTask
2024-12-07 15:54:36,OLEDDisplayTask
2024-12-07 15:54:36,OLEDDisplayTask
2024-12-07 15:54:36,OLEDDisplayTask
2024-12-07 15:54:36,OLEDDisplayTask
2024-12-07 15:54:36,OLEDDisplayTask
2024-12-07 15:54:36,OLEDDisplayTask
2024-12-07 15:54:36,ReadDHT11Task
2024-12-07 15:54:36,OLEDDisplayTask
2024-12-07 15:54:37,OLEDDisplayTask
2024-12-07 15:54:37,OLEDDisplayTask
2024-12-07 15:54:37,OLEDDisplayTask
2024-12-07 15:54:37,OLEDDisplayTask
2024-12-07 15:54:37,Temperature: 39 °C	Humidity: 45 %
2024-12-07 15:54:37,OLEDDisplayTask
2024-12-07 15:54:37,OLEDDisplayTask
2024-12-07 15:54:37,Mq2Task
2024-12-07 15:54:37,MQ-2 Gas Concentration: 3.36 PPM
2024-12-07 15:54:37,OLEDDisplayTask
2024-12-07 15:54:37,OLEDDisplayTask
2024-12-07 15:54:37,OLEDDisplayTask
2024-12-07 15:54:38,OLEDDisplayTask
2024-12-07 15:54:38,OLEDDisplayTask
2024-12-07 15:54:38,OLEDDisplayTask
2024-12-07 15:54:38,OLEDDisplayTask
2024-12-07 15:54:38,OLEDDisplayTask
2024-12-07 15:54:38,OLEDDisplayTask
2024-12-07 15:54:38,OLEDDisplayTask
2024-12-07 15:54:38,OLEDDisplayTask
2024-12-07 15:54:38,OLEDDisplayTask
2024-12-07 15:54:39,OLEDDisplayTask
2024-12-07 15:54:39,OLEDDisplayTask
2024-12-07 15:54:39,OLEDDisplayTask
2024-12-07 15:54:39,ReadDHT11Task
2024-12-07 15:54:39,OLEDDisplayTask
2024-12-07 15:54:39,OLEDDisplayTask
2024-12-07 15:54:39,OLEDDisplayTask
2024-12-07 15:54:39,Mq2Task
2024-12-07 15:54:39,MQ-2 Gas Concentration: 3.37 PPM
2024-12-07 15:54:39,OLEDDisplayTask
2024-12-07 15:54:39,OLEDDisplayTask
2024-12-07 15:54:39,Temperature: 39 °C	Humidity: 45 %
2024-12-07 15:54:40,OLEDDisplayTask
2024-12-07 15:54:40,OLEDDisplayTask
2024-12-07 15:54:40,OLEDDisplayTask
2024-12-07 15:54:40,OLEDDisplayTask
2024-12-07 15:54:40,OLEDDisplayTask
2024-12-07 15:54:40,OLEDDisplayTask
2024-12-07 15:54:40,OLEDDisplayTask
2024-12-07 15:54:40,OLEDDisplayTask
2024-12-07 15:54:40,OLEDDisplayTask
2024-12-07 15:54:41,OLEDDisplayTask
2024-12-07 15:54:41,OLEDDisplayTask
2024-12-07 15:54:41,OLEDDisplayTask
2024-12-07 15:54:41,OLEDDisplayTask
2024-12-07 15:54:41,OLEDDisplayTask
2024-12-07 15:54:41,OLEDDisplayTask
2024-12-07 15:54:41,OLEDDisplayTask
2024-12-07 15:54:41,Mq2Task
2024-12-07 15:54:41,MQ-2 Gas Concentration: 3.44 PPM
2024-12-07 15:54:41,OLEDDisplayTask
2024-12-07 15:54:41,OLEDDisplayTask
2024-12-07 15:54:41,ReadDHT11Task
2024-12-07 15:54:42,OLEDDisplayTask
2024-12-07 15:54:42,OLEDDisplayTask
2024-12-07 15:54:42,OLEDDisplayTask
2024-12-07 15:54:42,OLEDDisplayTask
2024-12-07 15:54:42,Temperature: 39 °C	Humidity: 45 %
2024-12-07 15:54:42,OLEDDisplayTask
2024-12-07 15:54:42,OLEDDisplayTask
2024-12-07 15:54:42,OLEDDisplayTask
2024-12-07 15:54:42,OLEDDisplayTask
2024-12-07 15:54:42,OLEDDisplayTask
2024-12-07 15:54:43,OLEDDisplayTask
2024-12-07 15:54:43,OLEDDisplayTask
2024-12-07 15:54:43,OLEDDisplayTask
2024-12-07 15:54:43,OLEDDisplayTask
2024-12-07 15:54:43,OLEDDisplayTask
2024-12-07 15:54:43,OLEDDisplayTask
2024-12-07 15:54:43,OLEDDisplayTask
2024-12-07 15:54:43,Mq2Task
2024-12-07 15:54:43,MQ-2 Gas Concentration: 3.49 PPM
2024-12-07 15:54:43,OLEDDisplayTask
2024-12-07 15:54:43,OLEDDisplayTask
2024-12-07 15:54:44,OLEDDisplayTask
2024-12-07 15:54:44,OLEDDisplayTask
2024-12-07 15:54:44,OLEDDisplayTask
2024-12-07 15:54:44,OLEDDisplayTask
2024-12-07 15:54:44,ReadDHT11Task
2024-12-07 15:54:44,OLEDDisplayTask
2024-12-07 15:54:44,OLEDDisplayTask
2024-12-07 15:54:44,OLEDDisplayTask
2024-12-07 15:54:44,OLEDDisplayTask
2024-12-07 15:54:44,Temperature: 39 °C	Humidity: 45 %
2024-12-07 15:54:44,OLEDDisplayTask
2024-12-07 15:54:45,OLEDDisplayTask
2024-12-07 15:54:45,OLEDDisplayTask
2024-12-07 15:54:45,OLEDDisplayTask
2024-12-07 15:54:45,OLEDDisplayTask
2024-12-07 15:54:45,OLEDDisplayTask
2024-12-07 15:54:45,OLEDDisplayTask
2024-12-07 15:54:45,OLEDDisplayTask
2024-12-07 15:54:45,Mq2Task
2024-12-07 15:54:45,MQ-2 Gas Concentration: 3.42 PPM
2024-12-07 15:54:45,OLEDDisplayTask
2024-12-07 15:54:45,OLEDDisplayTask
2024-12-07 15:54:46,OLEDDisplayTask
2024-12-07 15:54:46,OLEDDisplayTask
2024-12-07 15:54:46,OLEDDisplayTask
2024-12-07 15:54:46,OLEDDisplayTask
2024-12-07 15:54:46,OLEDDisplayTask
2024-12-07 15:54:46,OLEDDisplayTask
2024-12-07 15:54:46,OLEDDisplayTask
2024-12-07 15:54:46,OLEDDisplayTask
2024-12-07 15:54:46,ReadDHT11Task
2024-12-07 15:54:47,OLEDDisplayTask
2024-12-07 15:54:47,OLEDDisplayTask
2024-12-07 15:54:47,OLEDDisplayTask
2024-12-07 15:54:47,OLEDDisplayTask
2024-12-07 15:54:47,OLEDDisplayTask
2024-12-07 15:54:47,Temperature: 39 °C	Humidity: 45 %
2024-12-07 15:54:47,OLEDDisplayTask
2024-12-07 15:54:47,OLEDDisplayTask
2024-12-07 15:54:47,OLEDDisplayTask
2024-12-07 15:54:47,Mq2Task
2024-12-07 15:54:47,MQ-2 Gas Concentration: 3.58 PPM
2024-12-07 15:54:47,OLEDDisplayTask
2024-12-07 15:54:48,OLEDDisplayTask
2024-12-07 15:54:48,OLEDDisplayTask
2024-12-07 15:54:48,OLEDDisplayTask
2024-12-07 15:54:48,OLEDDisplayTask
2024-12-07 15:54:48,OLEDDisplayTask
2024-12-07 15:54:48,OLEDDisplayTask
2024-12-07 15:54:48,OLEDDisplayTask
2024-12-07 15:54:48,OLEDDisplayTask
2024-12-07 15:54:48,OLEDDisplayTask
2024-12-07 15:54:49,OLEDDisplayTask
2024-12-07 15:54:49,OLEDDisplayTask
2024-12-07 15:54:49,OLEDDisplayTask
2024-12-07 15:54:49,OLEDDisplayTask
2024-12-07 15:54:49,OLEDDisplayTask
2024-12-07 15:54:49,ReadDHT11Task
2024-12-07 15:54:49,OLEDDisplayTask
2024-12-07 15:54:49,OLEDDisplayTask
2024-12-07 15:54:49,OLEDDisplayTask
2024-12-07 15:54:49,Mq2Task
2024-12-07 15:54:49,MQ-2 Gas Concentration: 3.49 PPM
2024-12-07 15:54:49,OLEDDisplayTask
2024-12-07 15:54:50,Temperature: 39 °C	Humidity: 45 %
2024-12-07 15:54:50,OLEDDisplayTask
2024-12-07 15:54:50,OLEDDisplayTask
2024-12-07 15:54:50,OLEDDisplayTask
2024-12-07 15:54:50,OLEDDisplayTask
2024-12-07 15:54:50,OLEDDisplayTask
2024-12-07 15:54:50,OLEDDisplayTask
2024-12-07 15:54:50,OLEDDisplayTask
2024-12-07 15:54:50,OLEDDisplayTask
2024-12-07 15:54:50,OLEDDisplayTask
2024-12-07 15:54:51,OLEDDisplayTask
2024-12-07 15:54:51,OLEDDisplayTask
2024-12-07 15:54:51,OLEDDisplayTask
2024-12-07 15:54:51,OLEDDisplayTask
2024-12-07 15:54:51,OLEDDisplayTask
2024-12-07 15:54:51,OLEDDisplayTask
2024-12-07 15:54:51,OLEDDisplayTask
2024-12-07 15:54:51,OLEDDisplayTask
2024-12-07 15:54:51,Mq2Task
2024-12-07 15:54:51,MQ-2 Gas Concentration: 3.36 PPM
2024-12-07 15:54:51,OLEDDisplayTask
2024-12-07 15:54:52,ReadDHT11Task
2024-12-07 15:54:52,OLEDDisplayTask
2024-12-07 15:54:52,OLEDDisplayTask
2024-12-07 15:54:52,OLEDDisplayTask
2024-12-07 15:54:52,OLEDDisplayTask
2024-12-07 15:54:52,Temperature: 39 °C	Humidity: 45 %
2024-12-07 15:54:52,OLEDDisplayTask
2024-12-07 15:54:52,OLEDDisplayTask
2024-12-07 15:54:52,OLEDDisplayTask
2024-12-07 15:54:52,OLEDDisplayTask
2024-12-07 15:54:52,OLEDDisplayTask
2024-12-07 15:54:53,OLEDDisplayTask
2024-12-07 15:54:53,OLEDDisplayTask
2024-12-07 15:54:53,OLEDDisplayTask
2024-12-07 15:54:53,OLEDDisplayTask
2024-12-07 15:54:53,OLEDDisplayTask
2024-12-07 15:54:53,OLEDDisplayTask
2024-12-07 15:54:53,OLEDDisplayTask
2024-12-07 15:54:53,OLEDDisplayTask
2024-12-07 15:54:53,Mq2Task
2024-12-07 15:54:54,MQ-2 Gas Concentration: 3.55 PPM
2024-12-07 15:54:54,OLEDDisplayTask
2024-12-07 15:54:54,OLEDDisplayTask
2024-12-07 15:54:54,OLEDDisplayTask
2024-12-07 15:54:54,OLEDDisplayTask
2024-12-07 15:54:54,OLEDDisplayTask
2024-12-07 15:54:54,ReadDHT11Task
2024-12-07 15:54:54,OLEDDisplayTask
2024-12-07 15:54:54,OLEDDisplayTask
2024-12-07 15:54:54,OLEDDisplayTask
2024-12-07 15:54:54,OLEDDisplayTask
2024-12-07 15:54:55,OLEDDisplayTask
2024-12-07 15:54:55,OLEDDisplayTask
2024-12-07 15:54:55,OLEDDisplayTask
2024-12-07 15:54:55,OLEDDisplayTask
2024-12-07 15:54:55,OLEDDisplayTask
2024-12-07 15:54:55,OLEDDisplayTask
2024-12-07 15:54:55,OLEDDisplayTask
2024-12-07 15:54:55,OLEDDisplayTask
2024-12-07 15:54:55,OLEDDisplayTask
2024-12-07 15:54:56,Mq2Task
2024-12-07 15:54:56,OLEDDisplayTask
2024-12-07 15:54:56,MQ-2 Gas Concentration: 3.48 PPM
2024-12-07 15:54:56,OLEDDisplayTask
2024-12-07 15:54:56,OLEDDisplayTask
2024-12-07 15:54:56,OLEDDisplayTask
2024-12-07 15:54:56,OLEDDisplayTask
2024-12-07 15:54:56,OLEDDisplayTask
2024-12-07 15:54:56,OLEDDisplayTask
2024-12-07 15:54:56,OLEDDisplayTask
2024-12-07 15:54:56,OLEDDisplayTask
2024-12-07 15:54:57,OLEDDisplayTask
2024-12-07 15:54:57,OLEDDisplayTask
2024-12-07 15:54:57,OLEDDisplayTask
2024-12-07 15:54:57,OLEDDisplayTask
2024-12-07 15:54:57,OLEDDisplayTask
2024-12-07 15:54:57,OLEDDisplayTask
2024-12-07 15:54:57,OLEDDisplayTask
2024-12-07 15:54:57,OLEDDisplayTask
2024-12-07 15:54:57,OLEDDisplayTask
2024-12-07 15:54:58,Mq2Task
2024-12-07 15:54:58,OLEDDisplayTask
2024-12-07 15:54:58,MQ-2 Gas Concentration: 3.54 PPM
2024-12-07 15:54:58,OLEDDisplayTask
2024-12-07 15:54:58,OLEDDisplayTask
2024-12-07 15:54:58,OLEDDisplayTask
2024-12-07 15:54:58,OLEDDisplayTask
2024-12-07 15:54:58,OLEDDisplayTask
2024-12-07 15:54:58,OLEDDisplayTask
2024-12-07 15:54:58,OLEDDisplayTask
2024-12-07 15:54:58,OLEDDisplayTask
2024-12-07 15:54:59,OLEDDisplayTask
2024-12-07 15:54:59,OLEDDisplayTask
2024-12-07 15:54:59,OLEDDisplayTask
2024-12-07 15:54:59,OLEDDisplayTask
2024-12-07 15:54:59,OLEDDisplayTask
2024-12-07 15:54:59,OLEDDisplayTask
2024-12-07 15:54:59,OLEDDisplayTask
2024-12-07 15:54:59,OLEDDisplayTask
2024-12-07 15:55:00,OLEDDisplayTask
2024-12-07 15:55:00,Mq2Task
2024-12-07 15:55:00,OLEDDisplayTask
2024-12-07 15:55:00,MQ-2 Gas Concentration: 3.52 PPM
2024-12-07 15:55:00,OLEDDisplayTask
2024-12-07 15:55:00,OLEDDisplayTask
2024-12-07 15:55:00,OLEDDisplayTask
2024-12-07 15:55:00,OLEDDisplayTask
2024-12-07 15:55:00,OLEDDisplayTask
2024-12-07 15:55:00,OLEDDisplayTask
2024-12-07 15:55:00,OLEDDisplayTask
2024-12-07 15:55:01,OLEDDisplayTask
2024-12-07 15:55:01,OLEDDisplayTask
2024-12-07 15:55:01,OLEDDisplayTask
2024-12-07 15:55:01,OLEDDisplayTask
2024-12-07 15:55:01,OLEDDisplayTask
2024-12-07 15:55:01,OLEDDisplayTask
2024-12-07 15:55:01,OLEDDisplayTask
2024-12-07 15:55:01,OLEDDisplayTask
2024-12-07 15:55:01,OLEDDisplayTask
2024-12-07 15:55:02,OLEDDisplayTask
2024-12-07 15:55:02,Mq2Task
2024-12-07 15:55:02,OLEDDisplayTask
2024-12-07 15:55:02,MQ-2 Gas Concentration: 3.38 PPM
2024-12-07 15:55:02,OLEDDisplayTask
2024-12-07 15:55:02,OLEDDisplayTask
2024-12-07 15:55:02,OLEDDisplayTask
2024-12-07 15:55:02,OLEDDisplayTask
2024-12-07 15:55:02,OLEDDisplayTask
2024-12-07 15:55:02,OLEDDisplayTask
2024-12-07 15:55:02,OLEDDisplayTask
2024-12-07 15:55:03,OLEDDisplayTask
2024-12-07 15:55:03,OLEDDisplayTask
2024-12-07 15:55:03,OLEDDisplayTask
2024-12-07 15:55:03,OLEDDisplayTask
2024-12-07 15:55:03,OLEDDisplayTask
2024-12-07 15:55:03,OLEDDisplayTask
2024-12-07 15:55:03,OLEDDisplayTask
2024-12-07 15:55:03,OLEDDisplayTask
2024-12-07 15:55:03,OLEDDisplayTask
2024-12-07 15:55:04,OLEDDisplayTask
2024-12-07 15:55:04,Mq2Task
2024-12-07 15:55:04,OLEDDisplayTask
2024-12-07 15:55:04,MQ-2 Gas Concentration: 3.78 PPM
2024-12-07 15:55:04,OLEDDisplayTask
2024-12-07 15:55:04,OLEDDisplayTask
2024-12-07 15:55:04,OLEDDisplayTask
2024-12-07 15:55:04,OLEDDisplayTask
2024-12-07 15:55:04,OLEDDisplayTask
2024-12-07 15:55:04,OLEDDisplayTask
2024-12-07 15:55:04,OLEDDisplayTask
2024-12-07 15:55:05,E (119681) task_wdt: Task watchdog got triggered. The following tasks did not reset the watchdog in time:
2024-12-07 15:55:05,E (119681) task_wdt:  - IDLE0 (CPU 0)
2024-12-07 15:55:05,E (119681) task_wdt: Tasks currently running:
2024-12-07 15:55:05,E (119681) task_wdt: CPU 0: Read DHT11 Task
2024-12-07 15:55:05,E (119681) task_wdt: CPU 1: loopTask
2024-12-07 15:55:05,E (119681) task_wdt: Aborting.
2024-12-07 15:55:05,abort() was called at PC 0x400e3439 on core 0
2024-12-07 15:55:05,Backtrace: 0x40083cbd:0x3ffbed0c |<-CORRUPTED
2024-12-07 15:55:05,ELF file SHA256: 35823fc91f1468de
2024-12-07 15:55:05,Rebooting...
2024-12-07 15:55:05,ets Jun  8 2016 00:22:57
2024-12-07 15:55:05,"rst:0xc (SW_CPU_RESET),boot:0x13 (SPI_FAST_FLASH_BOOT)"
2024-12-07 15:55:05,"configsip: 0, SPIWP:0xee"
2024-12-07 15:55:05,"clk_drv:0x00,q_drv:0x00,d_drv:0x00,cs0_drv:0x00,hd_drv:0x00,wp_drv:0x00"
2024-12-07 15:55:05,"mode:DIO, clock div:1"
2024-12-07 15:55:05,"load:0x3fff0030,len:1344"
2024-12-07 15:55:05,"load:0x40078000,len:13964"
2024-12-07 15:55:05,"load:0x40080400,len:3600"
2024-12-07 15:55:05,entry 0x400805f0
2024-12-07 15:55:05,Setup OLED
2024-12-07 15:55:07,Connecting to WiFi...
2024-12-07 15:55:07,Connected to WiFi
2024-12-07 15:55:08,OLEDDisplayTask
2024-12-07 15:55:08,semaphoreButtonTask
2024-12-07 15:55:08,ReadDHT11Task
2024-12-07 15:55:08,Calibrating please wait...OLEDDisplayTask
2024-12-07 15:55:08,...OLEDDisplayTask
2024-12-07 15:55:09,...OLEDDisplayTask
2024-12-07 15:55:09,..  done!.
2024-12-07 15:55:09,Mq2Task
2024-12-07 15:55:09,OLEDDisplayTask
2024-12-07 15:55:09,MQ-2 Gas Concentration: 7.50 PPM
2024-12-07 15:55:09,Temperature: 40 °C	Humidity: 44 %
2024-12-07 15:55:09,OLEDDisplayTask
2024-12-07 15:55:09,OLEDDisplayTask
2024-12-07 15:55:09,OLEDDisplayTask
2024-12-07 15:55:09,OLEDDisplayTask
2024-12-07 15:55:09,OLEDDisplayTask
2024-12-07 15:55:09,OLEDDisplayTask
2024-12-07 15:55:09,OLEDDisplayTask
2024-12-07 15:55:10,OLEDDisplayTask
2024-12-07 15:55:10,OLEDDisplayTask
2024-12-07 15:55:10,OLEDDisplayTask
2024-12-07 15:55:10,OLEDDisplayTask
2024-12-07 15:55:10,OLEDDisplayTask
2024-12-07 15:55:10,OLEDDisplayTask
2024-12-07 15:55:10,OLEDDisplayTask
2024-12-07 15:55:10,OLEDDisplayTask
2024-12-07 15:55:11,OLEDDisplayTask
2024-12-07 15:55:11,OLEDDisplayTask
2024-12-07 15:55:11,Mq2Task
2024-12-07 15:55:11,OLEDDisplayTask
2024-12-07 15:55:11,MQ-2 Gas Concentration: 11.31 PPM
2024-12-07 15:55:11,ReadDHT11Task
2024-12-07 15:55:11,OLEDDisplayTask
2024-12-07 15:55:11,OLEDDisplayTask
2024-12-07 15:55:11,OLEDDisplayTask
2024-12-07 15:55:11,OLEDDisplayTask
2024-12-07 15:55:11,Temperature: 39 °C	Humidity: 45 %
2024-12-07 15:55:11,OLEDDisplayTask
2024-12-07 15:55:11,OLEDDisplayTask
2024-12-07 15:55:12,OLEDDisplayTask
2024-12-07 15:55:12,OLEDDisplayTask
2024-12-07 15:55:12,OLEDDisplayTask
2024-12-07 15:55:12,OLEDDisplayTask
2024-12-07 15:55:12,OLEDDisplayTask
2024-12-07 15:55:12,OLEDDisplayTask
2024-12-07 15:55:12,OLEDDisplayTask
2024-12-07 15:55:12,OLEDDisplayTask
2024-12-07 15:55:12,OLEDDisplayTask
2024-12-07 15:55:13,OLEDDisplayTask
2024-12-07 15:55:13,OLEDDisplayTask
2024-12-07 15:55:13,Mq2Task
2024-12-07 15:55:13,OLEDDisplayTask
2024-12-07 15:55:13,MQ-2 Gas Concentration: 11.39 PPM
2024-12-07 15:55:13,OLEDDisplayTask
2024-12-07 15:55:13,OLEDDisplayTask
2024-12-07 15:55:13,OLEDDisplayTask
2024-12-07 15:55:13,OLEDDisplayTask
2024-12-07 15:55:13,ReadDHT11Task
2024-12-07 15:55:13,OLEDDisplayTask
2024-12-07 15:55:13,OLEDDisplayTask
2024-12-07 15:55:14,OLEDDisplayTask
2024-12-07 15:55:14,OLEDDisplayTask
2024-12-07 15:55:14,OLEDDisplayTask
2024-12-07 15:55:14,Temperature: 39 °C	Humidity: 45 %
2024-12-07 15:55:14,OLEDDisplayTask
2024-12-07 15:55:14,OLEDDisplayTask
2024-12-07 15:55:14,OLEDDisplayTask
2024-12-07 15:55:14,OLEDDisplayTask
2024-12-07 15:55:14,OLEDDisplayTask
2024-12-07 15:55:14,OLEDDisplayTask
2024-12-07 15:55:15,OLEDDisplayTask
2024-12-07 15:55:15,OLEDDisplayTask
2024-12-07 15:55:15,Mq2Task
2024-12-07 15:55:15,OLEDDisplayTask
2024-12-07 15:55:15,MQ-2 Gas Concentration: 19.49 PPM
2024-12-07 15:55:15,OLEDDisplayTask
2024-12-07 15:55:15,OLEDDisplayTask
2024-12-07 15:55:15,OLEDDisplayTask
2024-12-07 15:55:15,OLEDDisplayTask
2024-12-07 15:55:15,OLEDDisplayTask
2024-12-07 15:55:15,OLEDDisplayTask
2024-12-07 15:55:16,OLEDDisplayTask
2024-12-07 15:55:16,OLEDDisplayTask
2024-12-07 15:55:16,ReadDHT11Task
2024-12-07 15:55:16,OLEDDisplayTask
2024-12-07 15:55:16,OLEDDisplayTask
2024-12-07 15:55:16,OLEDDisplayTask
2024-12-07 15:55:16,OLEDDisplayTask
2024-12-07 15:55:16,OLEDDisplayTask
2024-12-07 15:55:16,Temperature: 40 °C	Humidity: 44 %
2024-12-07 15:55:16,OLEDDisplayTask
2024-12-07 15:55:16,OLEDDisplayTask
2024-12-07 15:55:17,OLEDDisplayTask
2024-12-07 15:55:17,OLEDDisplayTask
2024-12-07 15:55:17,Mq2Task
2024-12-07 15:55:17,OLEDDisplayTask
2024-12-07 15:55:17,MQ-2 Gas Concentration: 11.31 PPM
2024-12-07 15:55:17,OLEDDisplayTask
2024-12-07 15:55:17,OLEDDisplayTask
2024-12-07 15:55:17,OLEDDisplayTask
2024-12-07 15:55:17,OLEDDisplayTask
2024-12-07 15:55:17,OLEDDisplayTask
2024-12-07 15:55:18,OLEDDisplayTask
2024-12-07 15:55:18,OLEDDisplayTask
2024-12-07 15:55:18,OLEDDisplayTask
2024-12-07 15:55:18,OLEDDisplayTask
2024-12-07 15:55:18,OLEDDisplayTask
2024-12-07 15:55:18,OLEDDisplayTask
2024-12-07 15:55:18,OLEDDisplayTask
2024-12-07 15:55:18,OLEDDisplayTask
2024-12-07 15:55:18,ReadDHT11Task
2024-12-07 15:55:18,OLEDDisplayTask
2024-12-07 15:55:19,OLEDDisplayTask
2024-12-07 15:55:19,OLEDDisplayTask
2024-12-07 15:55:19,OLEDDisplayTask
2024-12-07 15:55:19,Temperature: 40 °C	Humidity: 44 %
2024-12-07 15:55:19,OLEDDisplayTask
2024-12-07 15:55:19,Mq2Task
2024-12-07 15:55:19,MQ-2 Gas Concentration: 12.58 PPM
2024-12-07 15:55:19,OLEDDisplayTask
2024-12-07 15:55:19,OLEDDisplayTask
2024-12-07 15:55:19,OLEDDisplayTask
2024-12-07 15:55:19,OLEDDisplayTask
2024-12-07 15:55:19,OLEDDisplayTask
2024-12-07 15:55:20,OLEDDisplayTask
2024-12-07 15:55:20,OLEDDisplayTask
2024-12-07 15:55:20,OLEDDisplayTask
2024-12-07 15:55:20,OLEDDisplayTask
2024-12-07 15:55:20,OLEDDisplayTask
2024-12-07 15:55:20,OLEDDisplayTask
2024-12-07 15:55:20,OLEDDisplayTask
2024-12-07 15:55:20,OLEDDisplayTask
2024-12-07 15:55:20,OLEDDisplayTask
2024-12-07 15:55:21,OLEDDisplayTask
2024-12-07 15:55:21,OLEDDisplayTask
2024-12-07 15:55:21,OLEDDisplayTask
2024-12-07 15:55:21,ReadDHT11Task
2024-12-07 15:55:21,OLEDDisplayTask
2024-12-07 15:55:21,Mq2Task
2024-12-07 15:55:21,MQ-2 Gas Concentration: 11.11 PPM
2024-12-07 15:55:21,OLEDDisplayTask
2024-12-07 15:55:21,OLEDDisplayTask
2024-12-07 15:55:21,OLEDDisplayTask
2024-12-07 15:55:21,OLEDDisplayTask
2024-12-07 15:55:21,Temperature: 40 °C	Humidity: 44 %
2024-12-07 15:55:21,OLEDDisplayTask
2024-12-07 15:55:22,OLEDDisplayTask
2024-12-07 15:55:22,OLEDDisplayTask
2024-12-07 15:55:22,OLEDDisplayTask
2024-12-07 15:55:22,OLEDDisplayTask
2024-12-07 15:55:22,OLEDDisplayTask
2024-12-07 15:55:22,OLEDDisplayTask
2024-12-07 15:55:22,OLEDDisplayTask
2024-12-07 15:55:22,OLEDDisplayTask
2024-12-07 15:55:22,OLEDDisplayTask
2024-12-07 15:55:23,OLEDDisplayTask
2024-12-07 15:55:23,OLEDDisplayTask
2024-12-07 15:55:23,OLEDDisplayTask
2024-12-07 15:55:23,OLEDDisplayTask
2024-12-07 15:55:23,Mq2Task
2024-12-07 15:55:23,MQ-2 Gas Concentration: 11.27 PPM
2024-12-07 15:55:23,OLEDDisplayTask
2024-12-07 15:55:23,OLEDDisplayTask
2024-12-07 15:55:23,OLEDDisplayTask
2024-12-07 15:55:23,ReadDHT11Task
2024-12-07 15:55:23,OLEDDisplayTask
2024-12-07 15:55:23,OLEDDisplayTask
2024-12-07 15:55:24,OLEDDisplayTask
2024-12-07 15:55:24,OLEDDisplayTask
2024-12-07 15:55:24,OLEDDisplayTask
2024-12-07 15:55:24,Temperature: 40 °C	Humidity: 44 %
2024-12-07 15:55:24,OLEDDisplayTask
2024-12-07 15:55:24,OLEDDisplayTask
2024-12-07 15:55:24,OLEDDisplayTask
2024-12-07 15:55:24,OLEDDisplayTask
2024-12-07 15:55:24,OLEDDisplayTask
2024-12-07 15:55:25,OLEDDisplayTask
2024-12-07 15:55:25,OLEDDisplayTask
2024-12-07 15:55:25,OLEDDisplayTask
2024-12-07 15:55:25,OLEDDisplayTask
2024-12-07 15:55:25,OLEDDisplayTask
2024-12-07 15:55:25,Mq2Task
2024-12-07 15:55:25,MQ-2 Gas Concentration: 11.55 PPM
2024-12-07 15:55:25,OLEDDisplayTask
2024-12-07 15:55:25,OLEDDisplayTask
2024-12-07 15:55:25,OLEDDisplayTask
2024-12-07 15:55:25,OLEDDisplayTask
2024-12-07 15:55:26,OLEDDisplayTask
2024-12-07 15:55:26,OLEDDisplayTask
2024-12-07 15:55:26,OLEDDisplayTask
2024-12-07 15:55:26,OLEDDisplayTask
2024-12-07 15:55:26,ReadDHT11Task
2024-12-07 15:55:26,OLEDDisplayTask
2024-12-07 15:55:26,OLEDDisplayTask
2024-12-07 15:55:26,OLEDDisplayTask
2024-12-07 15:55:26,OLEDDisplayTask
2024-12-07 15:55:26,Temperature: 40 °C	Humidity: 44 %
2024-12-07 15:55:26,OLEDDisplayTask
2024-12-07 15:55:27,OLEDDisplayTask
2024-12-07 15:55:27,OLEDDisplayTask
2024-12-07 15:55:27,OLEDDisplayTask
2024-12-07 15:55:27,OLEDDisplayTask
2024-12-07 15:55:27,OLEDDisplayTask
2024-12-07 15:55:27,Mq2Task
2024-12-07 15:55:27,MQ-2 Gas Concentration: 12.50 PPM
2024-12-07 15:55:27,OLEDDisplayTask
2024-12-07 15:55:27,OLEDDisplayTask
2024-12-07 15:55:27,OLEDDisplayTask
2024-12-07 15:55:27,OLEDDisplayTask
2024-12-07 15:55:28,OLEDDisplayTask
2024-12-07 15:55:28,OLEDDisplayTask
2024-12-07 15:55:28,OLEDDisplayTask
2024-12-07 15:55:28,OLEDDisplayTask
2024-12-07 15:55:28,OLEDDisplayTask
2024-12-07 15:55:28,OLEDDisplayTask
2024-12-07 15:55:28,OLEDDisplayTask
2024-12-07 15:55:28,OLEDDisplayTask
2024-12-07 15:55:28,ReadDHT11Task
2024-12-07 15:55:28,OLEDDisplayTask
2024-12-07 15:55:29,OLEDDisplayTask
2024-12-07 15:55:29,OLEDDisplayTask
2024-12-07 15:55:29,OLEDDisplayTask
2024-12-07 15:55:29,OLEDDisplayTask
2024-12-07 15:55:29,Temperature: 40 °C	Humidity: 44 %
2024-12-07 15:55:29,OLEDDisplayTask
2024-12-07 15:55:29,Mq2Task
2024-12-07 15:55:29,MQ-2 Gas Concentration: 11.27 PPM
2024-12-07 15:55:29,OLEDDisplayTask
2024-12-07 15:55:29,OLEDDisplayTask
2024-12-07 15:55:29,OLEDDisplayTask
2024-12-07 15:55:29,OLEDDisplayTask
2024-12-07 15:55:30,OLEDDisplayTask
2024-12-07 15:55:30,OLEDDisplayTask
2024-12-07 15:55:30,OLEDDisplayTask
2024-12-07 15:55:30,OLEDDisplayTask
2024-12-07 15:55:30,OLEDDisplayTask
2024-12-07 15:55:30,OLEDDisplayTask
2024-12-07 15:55:30,OLEDDisplayTask
2024-12-07 15:55:30,OLEDDisplayTask
2024-12-07 15:55:31,OLEDDisplayTask
2024-12-07 15:55:31,OLEDDisplayTask
2024-12-07 15:55:31,OLEDDisplayTask
2024-12-07 15:55:31,OLEDDisplayTask
2024-12-07 15:55:31,ReadDHT11Task
2024-12-07 15:55:31,OLEDDisplayTask
2024-12-07 15:55:31,OLEDDisplayTask
2024-12-07 15:55:31,Mq2Task
2024-12-07 15:55:31,MQ-2 Gas Concentration: 11.11 PPM
2024-12-07 15:55:31,OLEDDisplayTask
2024-12-07 15:55:31,OLEDDisplayTask
2024-12-07 15:55:31,OLEDDisplayTask
2024-12-07 15:55:31,Temperature: 40 °C	Humidity: 44 %
2024-12-07 15:55:32,OLEDDisplayTask
2024-12-07 15:55:32,OLEDDisplayTask
2024-12-07 15:55:32,OLEDDisplayTask
2024-12-07 15:55:32,OLEDDisplayTask
2024-12-07 15:55:32,OLEDDisplayTask
2024-12-07 15:55:32,OLEDDisplayTask
2024-12-07 15:55:32,OLEDDisplayTask
2024-12-07 15:55:32,OLEDDisplayTask
2024-12-07 15:55:32,OLEDDisplayTask
2024-12-07 15:55:33,OLEDDisplayTask
2024-12-07 15:55:33,OLEDDisplayTask
2024-12-07 15:55:33,OLEDDisplayTask
2024-12-07 15:55:33,OLEDDisplayTask
2024-12-07 15:55:33,OLEDDisplayTask
2024-12-07 15:55:33,OLEDDisplayTask
2024-12-07 15:55:33,Mq2Task
2024-12-07 15:55:33,MQ-2 Gas Concentration: 11.19 PPM
2024-12-07 15:55:33,OLEDDisplayTask
2024-12-07 15:55:33,OLEDDisplayTask
2024-12-07 15:55:33,OLEDDisplayTask
2024-12-07 15:55:33,ReadDHT11Task
2024-12-07 15:55:34,OLEDDisplayTask
2024-12-07 15:55:34,OLEDDisplayTask
2024-12-07 15:55:34,OLEDDisplayTask
2024-12-07 15:55:34,OLEDDisplayTask
2024-12-07 15:55:34,Temperature: 40 °C	Humidity: 44 %
2024-12-07 15:55:34,OLEDDisplayTask
2024-12-07 15:55:34,OLEDDisplayTask
2024-12-07 15:55:34,OLEDDisplayTask
2024-12-07 15:55:34,OLEDDisplayTask
2024-12-07 15:55:34,OLEDDisplayTask
2024-12-07 15:55:35,OLEDDisplayTask
2024-12-07 15:55:35,OLEDDisplayTask
2024-12-07 15:55:35,OLEDDisplayTask
2024-12-07 15:55:35,OLEDDisplayTask
2024-12-07 15:55:35,OLEDDisplayTask
2024-12-07 15:55:35,OLEDDisplayTask
2024-12-07 15:55:35,Mq2Task
2024-12-07 15:55:35,MQ-2 Gas Concentration: 11.15 PPM
2024-12-07 15:55:35,OLEDDisplayTask
2024-12-07 15:55:35,OLEDDisplayTask
2024-12-07 15:55:35,OLEDDisplayTask
2024-12-07 15:55:36,OLEDDisplayTask
2024-12-07 15:55:36,OLEDDisplayTask
2024-12-07 15:55:36,OLEDDisplayTask
2024-12-07 15:55:36,OLEDDisplayTask
2024-12-07 15:55:36,ReadDHT11Task
2024-12-07 15:55:36,OLEDDisplayTask
2024-12-07 15:55:36,OLEDDisplayTask
2024-12-07 15:55:36,OLEDDisplayTask
2024-12-07 15:55:36,OLEDDisplayTask
2024-12-07 15:55:37,OLEDDisplayTask
2024-12-07 15:55:37,Temperature: 40 °C	Humidity: 44 %
2024-12-07 15:55:37,OLEDDisplayTask
2024-12-07 15:55:37,OLEDDisplayTask
2024-12-07 15:55:37,OLEDDisplayTask
2024-12-07 15:55:37,OLEDDisplayTask
2024-12-07 15:55:37,OLEDDisplayTask
2024-12-07 15:55:37,OLEDDisplayTask
2024-12-07 15:55:37,Mq2Task
2024-12-07 15:55:37,OLEDDisplayTask
2024-12-07 15:55:37,MQ-2 Gas Concentration: 10.84 PPM
2024-12-07 15:55:37,OLEDDisplayTask
2024-12-07 15:55:38,OLEDDisplayTask
2024-12-07 15:55:38,OLEDDisplayTask
2024-12-07 15:55:38,OLEDDisplayTask
2024-12-07 15:55:38,OLEDDisplayTask
2024-12-07 15:55:38,OLEDDisplayTask
2024-12-07 15:55:38,OLEDDisplayTask
2024-12-07 15:55:38,OLEDDisplayTask
2024-12-07 15:55:38,OLEDDisplayTask
2024-12-07 15:55:38,OLEDDisplayTask
2024-12-07 15:55:39,ReadDHT11Task
2024-12-07 15:55:39,OLEDDisplayTask
2024-12-07 15:55:39,OLEDDisplayTask
2024-12-07 15:55:39,OLEDDisplayTask
2024-12-07 15:55:39,OLEDDisplayTask
2024-12-07 15:55:39,OLEDDisplayTask
2024-12-07 15:55:39,Temperature: 40 °C	Humidity: 44 %
2024-12-07 15:55:39,OLEDDisplayTask
2024-12-07 15:55:39,OLEDDisplayTask
2024-12-07 15:55:39,Mq2Task
2024-12-07 15:55:39,OLEDDisplayTask
2024-12-07 15:55:39,MQ-2 Gas Concentration: 11.35 PPM
2024-12-07 15:55:39,OLEDDisplayTask
2024-12-07 15:55:40,OLEDDisplayTask
2024-12-07 15:55:40,OLEDDisplayTask
2024-12-07 15:55:40,OLEDDisplayTask
2024-12-07 15:55:40,OLEDDisplayTask
2024-12-07 15:55:40,OLEDDisplayTask
2024-12-07 15:55:40,OLEDDisplayTask
2024-12-07 15:55:40,OLEDDisplayTask
2024-12-07 15:55:40,OLEDDisplayTask
2024-12-07 15:55:40,OLEDDisplayTask
2024-12-07 15:55:41,OLEDDisplayTask
2024-12-07 15:55:41,OLEDDisplayTask
2024-12-07 15:55:41,OLEDDisplayTask
2024-12-07 15:55:41,OLEDDisplayTask
2024-12-07 15:55:41,OLEDDisplayTask
2024-12-07 15:55:41,ReadDHT11Task
2024-12-07 15:55:41,OLEDDisplayTask
2024-12-07 15:55:41,OLEDDisplayTask
2024-12-07 15:55:41,Mq2Task
2024-12-07 15:55:41,OLEDDisplayTask
2024-12-07 15:55:41,MQ-2 Gas Concentration: 10.72 PPM
2024-12-07 15:55:41,OLEDDisplayTask
2024-12-07 15:55:42,Temperature: 40 °C	Humidity: 44 %
2024-12-07 15:55:42,OLEDDisplayTask
2024-12-07 15:55:42,OLEDDisplayTask
2024-12-07 15:55:42,OLEDDisplayTask
2024-12-07 15:55:42,OLEDDisplayTask
2024-12-07 15:55:42,OLEDDisplayTask
2024-12-07 15:55:42,OLEDDisplayTask
2024-12-07 15:55:42,OLEDDisplayTask
2024-12-07 15:55:42,OLEDDisplayTask
2024-12-07 15:55:42,OLEDDisplayTask
2024-12-07 15:55:43,OLEDDisplayTask
2024-12-07 15:55:43,OLEDDisplayTask
2024-12-07 15:55:43,OLEDDisplayTask
2024-12-07 15:55:43,OLEDDisplayTask
2024-12-07 15:55:43,OLEDDisplayTask
2024-12-07 15:55:43,OLEDDisplayTask
2024-12-07 15:55:43,OLEDDisplayTask
2024-12-07 15:55:43,Mq2Task
2024-12-07 15:55:43,OLEDDisplayTask
2024-12-07 15:55:43,MQ-2 Gas Concentration: 11.47 PPM
2024-12-07 15:55:43,OLEDDisplayTask
2024-12-07 15:55:44,ReadDHT11Task
2024-12-07 15:55:44,OLEDDisplayTask
2024-12-07 15:55:44,OLEDDisplayTask
2024-12-07 15:55:44,OLEDDisplayTask
2024-12-07 15:55:44,OLEDDisplayTask
2024-12-07 15:55:44,OLEDDisplayTask
2024-12-07 15:55:44,Temperature: 40 °C	Humidity: 44 %
2024-12-07 15:55:44,OLEDDisplayTask
2024-12-07 15:55:44,OLEDDisplayTask
2024-12-07 15:55:44,OLEDDisplayTask
2024-12-07 15:55:45,OLEDDisplayTask
2024-12-07 15:55:45,OLEDDisplayTask
2024-12-07 15:55:45,OLEDDisplayTask
2024-12-07 15:55:45,OLEDDisplayTask
2024-12-07 15:55:45,OLEDDisplayTask
2024-12-07 15:55:45,OLEDDisplayTask
2024-12-07 15:55:45,OLEDDisplayTask
2024-12-07 15:55:45,OLEDDisplayTask
2024-12-07 15:55:45,Mq2Task
2024-12-07 15:55:45,OLEDDisplayTask
2024-12-07 15:55:45,MQ-2 Gas Concentration: 11.71 PPM
2024-12-07 15:55:46,OLEDDisplayTask
2024-12-07 15:55:46,OLEDDisplayTask
2024-12-07 15:55:46,OLEDDisplayTask
2024-12-07 15:55:46,OLEDDisplayTask
2024-12-07 15:55:46,OLEDDisplayTask
2024-12-07 15:55:46,ReadDHT11Task
2024-12-07 15:55:46,OLEDDisplayTask
2024-12-07 15:55:46,OLEDDisplayTask
2024-12-07 15:55:46,OLEDDisplayTask
2024-12-07 15:55:46,OLEDDisplayTask
2024-12-07 15:55:47,OLEDDisplayTask
2024-12-07 15:55:47,Temperature: 40 °C	Humidity: 44 %
2024-12-07 15:55:47,OLEDDisplayTask
2024-12-07 15:55:47,OLEDDisplayTask
2024-12-07 15:55:47,OLEDDisplayTask
2024-12-07 15:55:47,OLEDDisplayTask
2024-12-07 15:55:47,OLEDDisplayTask
2024-12-07 15:55:47,OLEDDisplayTask
2024-12-07 15:55:47,OLEDDisplayTask
2024-12-07 15:55:47,Mq2Task
2024-12-07 15:55:47,OLEDDisplayTask
2024-12-07 15:55:47,MQ-2 Gas Concentration: 12.16 PPM
2024-12-07 15:55:48,OLEDDisplayTask
2024-12-07 15:55:48,OLEDDisplayTask
2024-12-07 15:55:48,OLEDDisplayTask
2024-12-07 15:55:48,OLEDDisplayTask
2024-12-07 15:55:48,OLEDDisplayTask
2024-12-07 15:55:48,OLEDDisplayTask
2024-12-07 15:55:48,OLEDDisplayTask
2024-12-07 15:55:48,OLEDDisplayTask
2024-12-07 15:55:48,OLEDDisplayTask
2024-12-07 15:55:49,OLEDDisplayTask
2024-12-07 15:55:49,ReadDHT11Task
2024-12-07 15:55:49,OLEDDisplayTask
2024-12-07 15:55:49,OLEDDisplayTask
2024-12-07 15:55:49,OLEDDisplayTask
2024-12-07 15:55:49,OLEDDisplayTask
2024-12-07 15:55:49,Temperature: 40 °C	Humidity: 44 %
2024-12-07 15:55:49,OLEDDisplayTask
2024-12-07 15:55:49,OLEDDisplayTask
2024-12-07 15:55:49,OLEDDisplayTask
2024-12-07 15:55:49,OLEDDisplayTask
2024-12-07 15:55:49,Mq2Task
2024-12-07 15:55:50,MQ-2 Gas Concentration: 12.08 PPM
2024-12-07 15:55:50,OLEDDisplayTask
2024-12-07 15:55:50,OLEDDisplayTask
2024-12-07 15:55:50,OLEDDisplayTask
2024-12-07 15:55:50,OLEDDisplayTask
2024-12-07 15:55:50,OLEDDisplayTask
2024-12-07 15:55:50,OLEDDisplayTask
2024-12-07 15:55:50,OLEDDisplayTask
2024-12-07 15:55:50,OLEDDisplayTask
2024-12-07 15:55:51,OLEDDisplayTask
2024-12-07 15:55:51,OLEDDisplayTask
2024-12-07 15:55:51,OLEDDisplayTask
2024-12-07 15:55:51,OLEDDisplayTask
2024-12-07 15:55:51,OLEDDisplayTask
2024-12-07 15:55:51,OLEDDisplayTask
2024-12-07 15:55:51,ReadDHT11Task
2024-12-07 15:55:51,OLEDDisplayTask
2024-12-07 15:55:51,OLEDDisplayTask
2024-12-07 15:55:51,OLEDDisplayTask
2024-12-07 15:55:52,OLEDDisplayTask
2024-12-07 15:55:52,Mq2Task
2024-12-07 15:55:52,MQ-2 Gas Concentration: 11.27 PPM
2024-12-07 15:55:52,OLEDDisplayTask
2024-12-07 15:55:52,Temperature: 40 °C	Humidity: 44 %
2024-12-07 15:55:52,OLEDDisplayTask
2024-12-07 15:55:52,OLEDDisplayTask
2024-12-07 15:55:52,OLEDDisplayTask
2024-12-07 15:55:52,OLEDDisplayTask
2024-12-07 15:55:52,OLEDDisplayTask
2024-12-07 15:55:52,OLEDDisplayTask
2024-12-07 15:55:52,OLEDDisplayTask
2024-12-07 15:55:53,OLEDDisplayTask
2024-12-07 15:55:53,OLEDDisplayTask
2024-12-07 15:55:53,OLEDDisplayTask
2024-12-07 15:55:53,OLEDDisplayTask
2024-12-07 15:55:53,OLEDDisplayTask
2024-12-07 15:55:53,OLEDDisplayTask
2024-12-07 15:55:53,OLEDDisplayTask
2024-12-07 15:55:53,OLEDDisplayTask
2024-12-07 15:55:53,OLEDDisplayTask
2024-12-07 15:55:54,OLEDDisplayTask
2024-12-07 15:55:54,Mq2Task
2024-12-07 15:55:54,MQ-2 Gas Concentration: 12.46 PPM
2024-12-07 15:55:54,ReadDHT11Task
2024-12-07 15:55:54,OLEDDisplayTask
2024-12-07 15:55:54,OLEDDisplayTask
2024-12-07 15:55:54,OLEDDisplayTask
2024-12-07 15:55:54,OLEDDisplayTask
2024-12-07 15:55:54,OLEDDisplayTask
2024-12-07 15:55:54,Error 253 Reading from DHT11 timed out.
2024-12-07 15:55:54,OLEDDisplayTask
2024-12-07 15:55:54,OLEDDisplayTask
2024-12-07 15:55:54,OLEDDisplayTask
2024-12-07 15:55:55,OLEDDisplayTask
2024-12-07 15:55:55,OLEDDisplayTask
2024-12-07 15:55:55,OLEDDisplayTask
2024-12-07 15:55:55,OLEDDisplayTask
2024-12-07 15:55:55,OLEDDisplayTask
2024-12-07 15:55:55,OLEDDisplayTask
2024-12-07 15:55:55,OLEDDisplayTask
2024-12-07 15:55:55,OLEDDisplayTask
2024-12-07 15:55:55,OLEDDisplayTask
2024-12-07 15:55:56,OLEDDisplayTask
2024-12-07 15:55:56,Mq2Task
2024-12-07 15:55:56,MQ-2 Gas Concentration: 11.75 PPM
2024-12-07 15:55:56,OLEDDisplayTask
2024-12-07 15:55:56,OLEDDisplayTask
2024-12-07 15:55:56,OLEDDisplayTask
2024-12-07 15:55:56,OLEDDisplayTask
2024-12-07 15:55:56,OLEDDisplayTask
2024-12-07 15:55:56,ReadDHT11Task
2024-12-07 15:55:56,OLEDDisplayTask
2024-12-07 15:55:56,OLEDDisplayTask
2024-12-07 15:55:56,OLEDDisplayTask
2024-12-07 15:55:57,OLEDDisplayTask
2024-12-07 15:55:57,Temperature: 40 °C	Humidity: 44 %
2024-12-07 15:55:57,OLEDDisplayTask
2024-12-07 15:55:57,OLEDDisplayTask
2024-12-07 15:55:57,OLEDDisplayTask
2024-12-07 15:55:57,OLEDDisplayTask
2024-12-07 15:55:57,OLEDDisplayTask
2024-12-07 15:55:57,OLEDDisplayTask
2024-12-07 15:55:57,OLEDDisplayTask
2024-12-07 15:55:58,OLEDDisplayTask
2024-12-07 15:55:58,OLEDDisplayTask
2024-12-07 15:55:58,Mq2Task
2024-12-07 15:55:58,MQ-2 Gas Concentration: 11.63 PPM
2024-12-07 15:55:58,OLEDDisplayTask
2024-12-07 15:55:58,OLEDDisplayTask
2024-12-07 15:55:58,OLEDDisplayTask
2024-12-07 15:55:58,OLEDDisplayTask
2024-12-07 15:55:58,OLEDDisplayTask
2024-12-07 15:55:58,OLEDDisplayTask
2024-12-07 15:55:58,OLEDDisplayTask
2024-12-07 15:55:59,OLEDDisplayTask
2024-12-07 15:55:59,OLEDDisplayTask
2024-12-07 15:55:59,ReadDHT11Task
2024-12-07 15:55:59,OLEDDisplayTask
2024-12-07 15:55:59,OLEDDisplayTask
2024-12-07 15:55:59,OLEDDisplayTask
2024-12-07 15:55:59,OLEDDisplayTask
2024-12-07 15:55:59,OLEDDisplayTask
2024-12-07 15:55:59,Temperature: 40 °C	Humidity: 44 %
2024-12-07 15:55:59,OLEDDisplayTask
2024-12-07 15:55:59,OLEDDisplayTask
2024-12-07 15:56:00,OLEDDisplayTask
2024-12-07 15:56:00,OLEDDisplayTask
2024-12-07 15:56:00,Mq2Task
2024-12-07 15:56:00,MQ-2 Gas Concentration: 19.05 PPM
2024-12-07 15:56:00,OLEDDisplayTask
2024-12-07 15:56:00,OLEDDisplayTask
2024-12-07 15:56:00,OLEDDisplayTask
2024-12-07 15:56:00,Button pressed 1 time(s) in 1 second
2024-12-07 15:56:00,semaphoreButtonTask
2024-12-07 15:56:00,OLEDDisplayTask
2024-12-07 15:56:01,ReadDHT11Task
2024-12-07 15:56:01,OLEDDisplayTask
2024-12-07 15:56:02,Temperature: 40 °C	Humidity: 44 %
2024-12-07 15:56:02,Mq2Task
2024-12-07 15:56:02,MQ-2 Gas Concentration: 30.07 PPM
2024-12-07 15:56:03,OLEDDisplayTask
2024-12-07 15:56:04,OLEDDisplayTask
2024-12-07 15:56:04,ReadDHT11Task
2024-12-07 15:56:04,Mq2Task
2024-12-07 15:56:04,MQ-2 Gas Concentration: 25.06 PPM
2024-12-07 15:56:04,Temperature: 40 °C	Humidity: 44 %
2024-12-07 15:56:05,OLEDDisplayTask
2024-12-07 15:56:06,Mq2Task
2024-12-07 15:56:06,MQ-2 Gas Concentration: 24.60 PPM
2024-12-07 15:56:06,OLEDDisplayTask
2024-12-07 15:56:06,ReadDHT11Task
2024-12-07 15:56:07,Temperature: 40 °C	Humidity: 44 %
2024-12-07 15:56:07,OLEDDisplayTask
2024-12-07 15:56:08,Mq2Task
2024-12-07 15:56:08,MQ-2 Gas Concentration: 24.41 PPM
2024-12-07 15:56:09,OLEDDisplayTask
2024-12-07 15:56:09,ReadDHT11Task
2024-12-07 15:56:09,Temperature: 40 °C	Humidity: 44 %
2024-12-07 15:56:10,OLEDDisplayTask
2024-12-07 15:56:10,Mq2Task
2024-12-07 15:56:10,MQ-2 Gas Concentration: 24.03 PPM
2024-12-07 15:56:11,OLEDDisplayTask
2024-12-07 15:56:11,ReadDHT11Task
2024-12-07 15:56:12,Temperature: 40 °C	Humidity: 44 %
2024-12-07 15:56:12,Mq2Task
2024-12-07 15:56:12,MQ-2 Gas Concentration: 24.67 PPM
2024-12-07 15:56:12,OLEDDisplayTask
2024-12-07 15:56:13,OLEDDisplayTask
2024-12-07 15:56:14,ReadDHT11Task
2024-12-07 15:56:14,Mq2Task
2024-12-07 15:56:14,MQ-2 Gas Concentration: 24.09 PPM
2024-12-07 15:56:14,OLEDDisplayTask
2024-12-07 15:56:14,Temperature: 40 °C	Humidity: 44 %
2024-12-07 15:56:16,Mq2Task
2024-12-07 15:56:16,MQ-2 Gas Concentration: 26.66 PPM
2024-12-07 15:56:16,ReadDHT11Task
2024-12-07 15:56:18,Mq2Task
2024-12-07 15:56:18,MQ-2 Gas Concentration: 25.72 PPM
2024-12-07 15:56:20,Mq2Task
2024-12-07 15:56:20,MQ-2 Gas Concentration: 24.80 PPM
2024-12-07 15:56:22,Mq2Task
2024-12-07 15:56:22,MQ-2 Gas Concentration: 25.59 PPM
2024-12-07 15:56:22,OLEDDisplayTask
2024-12-07 15:56:24,Mq2Task
2024-12-07 15:56:24,MQ-2 Gas Concentration: 25.13 PPM
2024-12-07 15:56:26,Mq2Task
2024-12-07 15:56:26,MQ-2 Gas Concentration: 26.39 PPM
2024-12-07 15:56:27,E (92195) task_wdt: Task watchdog got triggered. The following tasks did not reset the watchdog in time:
2024-12-07 15:56:27,E (92195) task_wdt:  - IDLE0 (CPU 0)
2024-12-07 15:56:27,E (92195) task_wdt: Tasks currently running:
2024-12-07 15:56:27,E (92195) task_wdt: CPU 0: Read DHT11 Task
2024-12-07 15:56:27,E (92195) task_wdt: CPU 1: loopTask
2024-12-07 15:56:27,E (92195) task_wdt: Aborting.
2024-12-07 15:56:27,abort() was called at PC 0x400e3439 on core 0
2024-12-07 15:56:27,Backtrace: 0x40083cbd:0x3ffbed0c |<-CORRUPTED
2024-12-07 15:56:27,ELF file SHA256: 35823fc91f1468de
2024-12-07 15:56:27,Rebooting...
2024-12-07 15:56:27,ets Jun  8 2016 00:22:57
2024-12-07 15:56:27,"rst:0xc (SW_CPU_RESET),boot:0x13 (SPI_FAST_FLASH_BOOT)"
2024-12-07 15:56:27,"configsip: 0, SPIWP:0xee"
2024-12-07 15:56:27,"clk_drv:0x00,q_drv:0x00,d_drv:0x00,cs0_drv:0x00,hd_drv:0x00,wp_drv:0x00"
2024-12-07 15:56:27,"mode:DIO, clock div:1"
2024-12-07 15:56:27,"load:0x3fff0030,len:1344"
2024-12-07 15:56:27,"load:0x40078000,len:13964"
2024-12-07 15:56:27,"load:0x40080400,len:3600"
2024-12-07 15:56:27,entry 0x400805f0
2024-12-07 15:56:27,Setup OLED
2024-12-07 15:56:30,Connecting to WiFi...
2024-12-07 15:56:30,Connected to WiFi
2024-12-07 15:56:31,OLEDDisplayTask
2024-12-07 15:56:31,semaphoreButtonTask
2024-12-07 15:56:31,ReadDHT11Task
2024-12-07 15:56:31,Calibrating please wait...OLEDDisplayTask
2024-12-07 15:56:31,...OLEDDisplayTask
2024-12-07 15:56:31,...OLEDDisplayTask
2024-12-07 15:56:31,..  done!.
2024-12-07 15:56:31,Mq2Task
2024-12-07 15:56:31,OLEDDisplayTask
2024-12-07 15:56:31,MQ-2 Gas Concentration: 7.92 PPM
2024-12-07 15:56:31,Temperature: 40 °C	Humidity: 44 %
2024-12-07 15:56:31,OLEDDisplayTask
2024-12-07 15:56:31,OLEDDisplayTask
2024-12-07 15:56:31,OLEDDisplayTask
2024-12-07 15:56:31,OLEDDisplayTask
2024-12-07 15:56:32,OLEDDisplayTask
2024-12-07 15:56:32,OLEDDisplayTask
2024-12-07 15:56:32,OLEDDisplayTask
2024-12-07 15:56:32,OLEDDisplayTask
2024-12-07 15:56:32,OLEDDisplayTask
2024-12-07 15:56:32,OLEDDisplayTask
2024-12-07 15:56:32,OLEDDisplayTask
2024-12-07 15:56:32,OLEDDisplayTask
2024-12-07 15:56:32,OLEDDisplayTask
2024-12-07 15:56:33,OLEDDisplayTask
2024-12-07 15:56:33,OLEDDisplayTask
2024-12-07 15:56:33,OLEDDisplayTask
2024-12-07 15:56:33,OLEDDisplayTask
2024-12-07 15:56:33,Mq2Task
2024-12-07 15:56:33,OLEDDisplayTask
2024-12-07 15:56:33,MQ-2 Gas Concentration: 10.76 PPM
2024-12-07 15:56:33,ReadDHT11Task
2024-12-07 15:56:33,OLEDDisplayTask
2024-12-07 15:56:33,OLEDDisplayTask
2024-12-07 15:56:33,OLEDDisplayTask
2024-12-07 15:56:34,OLEDDisplayTask
2024-12-07 15:56:34,Temperature: 40 °C	Humidity: 43 %
2024-12-07 15:56:34,OLEDDisplayTask
2024-12-07 15:56:34,OLEDDisplayTask
2024-12-07 15:56:34,OLEDDisplayTask
2024-12-07 15:56:34,OLEDDisplayTask
2024-12-07 15:56:34,OLEDDisplayTask
2024-12-07 15:56:34,OLEDDisplayTask
2024-12-07 15:56:34,OLEDDisplayTask
2024-12-07 15:56:34,OLEDDisplayTask
2024-12-07 15:56:35,OLEDDisplayTask
2024-12-07 15:56:35,OLEDDisplayTask
2024-12-07 15:56:35,OLEDDisplayTask
2024-12-07 15:56:35,OLEDDisplayTask
2024-12-07 15:56:35,OLEDDisplayTask
2024-12-07 15:56:35,Mq2Task
2024-12-07 15:56:35,OLEDDisplayTask
2024-12-07 15:56:35,MQ-2 Gas Concentration: 6.19 PPM
2024-12-07 15:56:35,OLEDDisplayTask
2024-12-07 15:56:35,OLEDDisplayTask
2024-12-07 15:56:35,OLEDDisplayTask
2024-12-07 15:56:36,OLEDDisplayTask
2024-12-07 15:56:36,ReadDHT11Task
2024-12-07 15:56:36,OLEDDisplayTask
2024-12-07 15:56:36,OLEDDisplayTask
2024-12-07 15:56:36,OLEDDisplayTask
2024-12-07 15:56:36,OLEDDisplayTask
2024-12-07 15:56:36,OLEDDisplayTask
2024-12-07 15:56:36,Temperature: 40 °C	Humidity: 43 %
2024-12-07 15:56:36,OLEDDisplayTask
2024-12-07 15:56:36,OLEDDisplayTask
2024-12-07 15:56:36,OLEDDisplayTask
2024-12-07 15:56:37,OLEDDisplayTask
2024-12-07 15:56:37,OLEDDisplayTask
2024-12-07 15:56:37,OLEDDisplayTask
2024-12-07 15:56:37,OLEDDisplayTask
2024-12-07 15:56:37,OLEDDisplayTask
2024-12-07 15:56:37,Mq2Task
2024-12-07 15:56:37,OLEDDisplayTask
2024-12-07 15:56:37,MQ-2 Gas Concentration: 10.71 PPM
2024-12-07 15:56:37,OLEDDisplayTask
2024-12-07 15:56:37,OLEDDisplayTask
2024-12-07 15:56:37,OLEDDisplayTask
2024-12-07 15:56:38,OLEDDisplayTask
2024-12-07 15:56:38,OLEDDisplayTask
2024-12-07 15:56:38,OLEDDisplayTask
2024-12-07 15:56:38,OLEDDisplayTask
2024-12-07 15:56:38,OLEDDisplayTask
2024-12-07 15:56:38,ReadDHT11Task
2024-12-07 15:56:38,OLEDDisplayTask
2024-12-07 15:56:38,OLEDDisplayTask
2024-12-07 15:56:38,OLEDDisplayTask
2024-12-07 15:56:38,OLEDDisplayTask
2024-12-07 15:56:39,OLEDDisplayTask
2024-12-07 15:56:39,Temperature: 40 °C	Humidity: 43 %
2024-12-07 15:56:39,OLEDDisplayTask
2024-12-07 15:56:39,OLEDDisplayTask
2024-12-07 15:56:39,OLEDDisplayTask
2024-12-07 15:56:39,OLEDDisplayTask
2024-12-07 15:56:39,Mq2Task
2024-12-07 15:56:39,OLEDDisplayTask
2024-12-07 15:56:39,MQ-2 Gas Concentration: 11.84 PPM
2024-12-07 15:56:39,OLEDDisplayTask
2024-12-07 15:56:39,OLEDDisplayTask
2024-12-07 15:56:40,OLEDDisplayTask
2024-12-07 15:56:40,OLEDDisplayTask
2024-12-07 15:56:40,OLEDDisplayTask
2024-12-07 15:56:40,OLEDDisplayTask
2024-12-07 15:56:40,OLEDDisplayTask
2024-12-07 15:56:40,OLEDDisplayTask
2024-12-07 15:56:40,OLEDDisplayTask
2024-12-07 15:56:40,OLEDDisplayTask
2024-12-07 15:56:40,OLEDDisplayTask
2024-12-07 15:56:41,OLEDDisplayTask
2024-12-07 15:56:41,OLEDDisplayTask
2024-12-07 15:56:41,ReadDHT11Task
2024-12-07 15:56:41,OLEDDisplayTask
2024-12-07 15:56:41,OLEDDisplayTask
2024-12-07 15:56:41,OLEDDisplayTask
2024-12-07 15:56:41,OLEDDisplayTask
2024-12-07 15:56:41,Temperature: 40 °C	Humidity: 43 %
2024-12-07 15:56:41,Mq2Task
2024-12-07 15:56:41,OLEDDisplayTask
2024-12-07 15:56:41,MQ-2 Gas Concentration: 12.16 PPM
2024-12-07 15:56:41,OLEDDisplayTask
2024-12-07 15:56:41,OLEDDisplayTask
2024-12-07 15:56:42,OLEDDisplayTask
2024-12-07 15:56:42,OLEDDisplayTask
2024-12-07 15:56:42,OLEDDisplayTask
2024-12-07 15:56:42,OLEDDisplayTask
2024-12-07 15:56:42,OLEDDisplayTask
2024-12-07 15:56:42,OLEDDisplayTask
2024-12-07 15:56:42,OLEDDisplayTask
2024-12-07 15:56:42,OLEDDisplayTask
2024-12-07 15:56:42,OLEDDisplayTask
2024-12-07 15:56:43,OLEDDisplayTask
2024-12-07 15:56:43,OLEDDisplayTask
2024-12-07 15:56:43,OLEDDisplayTask
2024-12-07 15:56:43,OLEDDisplayTask
2024-12-07 15:56:43,OLEDDisplayTask
2024-12-07 15:56:43,OLEDDisplayTask
2024-12-07 15:56:43,ReadDHT11Task
2024-12-07 15:56:43,OLEDDisplayTask
2024-12-07 15:56:43,Mq2Task
2024-12-07 15:56:43,MQ-2 Gas Concentration: 12.13 PPM
2024-12-07 15:56:43,OLEDDisplayTask
2024-12-07 15:56:43,OLEDDisplayTask
2024-12-07 15:56:44,OLEDDisplayTask
2024-12-07 15:56:44,OLEDDisplayTask
2024-12-07 15:56:44,Temperature: 40 °C	Humidity: 43 %
2024-12-07 15:56:44,OLEDDisplayTask
2024-12-07 15:56:44,OLEDDisplayTask
2024-12-07 15:56:44,OLEDDisplayTask
2024-12-07 15:56:44,OLEDDisplayTask
2024-12-07 15:56:44,OLEDDisplayTask
2024-12-07 15:56:44,OLEDDisplayTask
2024-12-07 15:56:44,OLEDDisplayTask
2024-12-07 15:56:45,OLEDDisplayTask
2024-12-07 15:56:45,OLEDDisplayTask
2024-12-07 15:56:45,OLEDDisplayTask
2024-12-07 15:56:45,OLEDDisplayTask
2024-12-07 15:56:45,OLEDDisplayTask
2024-12-07 15:56:45,OLEDDisplayTask
2024-12-07 15:56:45,OLEDDisplayTask
2024-12-07 15:56:45,Mq2Task
2024-12-07 15:56:45,MQ-2 Gas Concentration: 12.27 PPM
2024-12-07 15:56:45,OLEDDisplayTask
2024-12-07 15:56:45,OLEDDisplayTask
2024-12-07 15:56:46,OLEDDisplayTask
2024-12-07 15:56:46,ReadDHT11Task
2024-12-07 15:56:46,OLEDDisplayTask
2024-12-07 15:56:46,OLEDDisplayTask
2024-12-07 15:56:46,OLEDDisplayTask
2024-12-07 15:56:46,OLEDDisplayTask
2024-12-07 15:56:46,OLEDDisplayTask
2024-12-07 15:56:46,Temperature: 40 °C	Humidity: 43 %
2024-12-07 15:56:46,OLEDDisplayTask
2024-12-07 15:56:46,OLEDDisplayTask
2024-12-07 15:56:47,OLEDDisplayTask
2024-12-07 15:56:47,OLEDDisplayTask
2024-12-07 15:56:47,OLEDDisplayTask
2024-12-07 15:56:47,OLEDDisplayTask
2024-12-07 15:56:47,OLEDDisplayTask
2024-12-07 15:56:47,OLEDDisplayTask
2024-12-07 15:56:47,OLEDDisplayTask
2024-12-07 15:56:47,OLEDDisplayTask
2024-12-07 15:56:47,Mq2Task
2024-12-07 15:56:47,MQ-2 Gas Concentration: 13.20 PPM
2024-12-07 15:56:47,OLEDDisplayTask
2024-12-07 15:56:48,OLEDDisplayTask
2024-12-07 15:56:48,OLEDDisplayTask
2024-12-07 15:56:48,OLEDDisplayTask
2024-12-07 15:56:48,OLEDDisplayTask
2024-12-07 15:56:48,OLEDDisplayTask
2024-12-07 15:56:48,OLEDDisplayTask
2024-12-07 15:56:48,OLEDDisplayTask
2024-12-07 15:56:48,ReadDHT11Task
2024-12-07 15:56:48,OLEDDisplayTask
2024-12-07 15:56:48,OLEDDisplayTask
2024-12-07 15:56:49,OLEDDisplayTask
2024-12-07 15:56:49,OLEDDisplayTask
2024-12-07 15:56:49,Temperature: 40 °C	Humidity: 43 %
2024-12-07 15:56:49,OLEDDisplayTask
2024-12-07 15:56:49,OLEDDisplayTask
2024-12-07 15:56:49,OLEDDisplayTask
2024-12-07 15:56:49,OLEDDisplayTask
2024-12-07 15:56:49,OLEDDisplayTask
2024-12-07 15:56:49,OLEDDisplayTask
2024-12-07 15:56:49,Mq2Task
2024-12-07 15:56:49,MQ-2 Gas Concentration: 13.69 PPM
2024-12-07 15:56:49,OLEDDisplayTask
2024-12-07 15:56:50,OLEDDisplayTask
2024-12-07 15:56:50,OLEDDisplayTask
2024-12-07 15:56:50,OLEDDisplayTask
2024-12-07 15:56:50,OLEDDisplayTask
2024-12-07 15:56:50,OLEDDisplayTask
2024-12-07 15:56:50,OLEDDisplayTask
2024-12-07 15:56:50,OLEDDisplayTask
2024-12-07 15:56:50,OLEDDisplayTask
2024-12-07 15:56:50,OLEDDisplayTask
2024-12-07 15:56:51,OLEDDisplayTask
2024-12-07 15:56:51,OLEDDisplayTask
2024-12-07 15:56:51,ReadDHT11Task
2024-12-07 15:56:51,OLEDDisplayTask
2024-12-07 15:56:51,OLEDDisplayTask
2024-12-07 15:56:51,OLEDDisplayTask
2024-12-07 15:56:51,OLEDDisplayTask
2024-12-07 15:56:51,OLEDDisplayTask
2024-12-07 15:56:51,Temperature: 40 °C	Humidity: 43 %
2024-12-07 15:56:51,OLEDDisplayTask
2024-12-07 15:56:51,Mq2Task
2024-12-07 15:56:51,MQ-2 Gas Concentration: 13.14 PPM
2024-12-07 15:56:51,OLEDDisplayTask
2024-12-07 15:56:52,OLEDDisplayTask
2024-12-07 15:56:52,OLEDDisplayTask
2024-12-07 15:56:52,OLEDDisplayTask
2024-12-07 15:56:52,OLEDDisplayTask
2024-12-07 15:56:52,OLEDDisplayTask
2024-12-07 15:56:52,OLEDDisplayTask
2024-12-07 15:56:52,OLEDDisplayTask
2024-12-07 15:56:52,OLEDDisplayTask
2024-12-07 15:56:52,OLEDDisplayTask
2024-12-07 15:56:53,OLEDDisplayTask
2024-12-07 15:56:53,OLEDDisplayTask
2024-12-07 15:56:53,OLEDDisplayTask
2024-12-07 15:56:53,OLEDDisplayTask
2024-12-07 15:56:53,OLEDDisplayTask
2024-12-07 15:56:53,OLEDDisplayTask
2024-12-07 15:56:53,ReadDHT11Task
2024-12-07 15:56:53,OLEDDisplayTask
2024-12-07 15:56:53,OLEDDisplayTask
2024-12-07 15:56:53,Mq2Task
2024-12-07 15:56:53,MQ-2 Gas Concentration: 13.54 PPM
2024-12-07 15:56:54,OLEDDisplayTask
2024-12-07 15:56:54,OLEDDisplayTask
2024-12-07 15:56:54,OLEDDisplayTask
2024-12-07 15:56:54,Temperature: 40 °C	Humidity: 43 %
2024-12-07 15:56:54,OLEDDisplayTask
2024-12-07 15:56:54,OLEDDisplayTask
2024-12-07 15:56:54,OLEDDisplayTask
2024-12-07 15:56:54,OLEDDisplayTask
2024-12-07 15:56:54,OLEDDisplayTask
2024-12-07 15:56:54,OLEDDisplayTask
2024-12-07 15:56:55,OLEDDisplayTask
2024-12-07 15:56:55,OLEDDisplayTask
2024-12-07 15:56:55,OLEDDisplayTask
2024-12-07 15:56:55,OLEDDisplayTask
2024-12-07 15:56:55,OLEDDisplayTask
2024-12-07 15:56:55,OLEDDisplayTask
2024-12-07 15:56:55,OLEDDisplayTask
2024-12-07 15:56:55,OLEDDisplayTask
2024-12-07 15:56:55,OLEDDisplayTask
2024-12-07 15:56:55,Mq2Task
2024-12-07 15:56:56,MQ-2 Gas Concentration: 13.73 PPM
2024-12-07 15:56:56,OLEDDisplayTask
2024-12-07 15:56:56,OLEDDisplayTask
2024-12-07 15:56:56,OLEDDisplayTask
2024-12-07 15:56:56,ReadDHT11Task
2024-12-07 15:56:56,OLEDDisplayTask
2024-12-07 15:56:56,OLEDDisplayTask
2024-12-07 15:56:56,OLEDDisplayTask
2024-12-07 15:56:56,OLEDDisplayTask
2024-12-07 15:56:56,Temperature: 40 °C	Humidity: 43 %
2024-12-07 15:56:56,OLEDDisplayTask
2024-12-07 15:56:56,OLEDDisplayTask
2024-12-07 15:56:57,OLEDDisplayTask
2024-12-07 15:56:57,OLEDDisplayTask
2024-12-07 15:56:57,OLEDDisplayTask
2024-12-07 15:56:57,OLEDDisplayTask
2024-12-07 15:56:57,OLEDDisplayTask
2024-12-07 15:56:57,OLEDDisplayTask
2024-12-07 15:56:57,OLEDDisplayTask
2024-12-07 15:56:57,OLEDDisplayTask
2024-12-07 15:56:57,OLEDDisplayTask
2024-12-07 15:56:58,Mq2Task
2024-12-07 15:56:58,MQ-2 Gas Concentration: 12.33 PPM
2024-12-07 15:56:58,OLEDDisplayTask
2024-12-07 15:56:58,OLEDDisplayTask
2024-12-07 15:56:58,OLEDDisplayTask
2024-12-07 15:56:58,OLEDDisplayTask
2024-12-07 15:56:58,OLEDDisplayTask
2024-12-07 15:56:58,OLEDDisplayTask
2024-12-07 15:56:58,OLEDDisplayTask
2024-12-07 15:56:58,ReadDHT11Task
2024-12-07 15:56:58,OLEDDisplayTask
2024-12-07 15:56:58,OLEDDisplayTask
2024-12-07 15:56:59,OLEDDisplayTask
2024-12-07 15:56:59,OLEDDisplayTask
2024-12-07 15:56:59,OLEDDisplayTask
2024-12-07 15:56:59,Temperature: 40 °C	Humidity: 43 %
2024-12-07 15:56:59,OLEDDisplayTask
2024-12-07 15:56:59,OLEDDisplayTask
2024-12-07 15:56:59,OLEDDisplayTask
2024-12-07 15:56:59,OLEDDisplayTask
2024-12-07 15:56:59,OLEDDisplayTask
2024-12-07 15:57:00,OLEDDisplayTask
2024-12-07 15:57:00,Mq2Task
2024-12-07 15:57:00,MQ-2 Gas Concentration: 12.90 PPM
2024-12-07 15:57:00,OLEDDisplayTask
2024-12-07 15:57:00,OLEDDisplayTask
2024-12-07 15:57:00,OLEDDisplayTask
2024-12-07 15:57:00,OLEDDisplayTask
2024-12-07 15:57:00,OLEDDisplayTask
2024-12-07 15:57:00,OLEDDisplayTask
2024-12-07 15:57:00,OLEDDisplayTask
2024-12-07 15:57:00,OLEDDisplayTask
2024-12-07 15:57:01,OLEDDisplayTask
2024-12-07 15:57:01,OLEDDisplayTask
2024-12-07 15:57:01,OLEDDisplayTask
2024-12-07 15:57:01,ReadDHT11Task
2024-12-07 15:57:01,OLEDDisplayTask
2024-12-07 15:57:01,OLEDDisplayTask
2024-12-07 15:57:01,OLEDDisplayTask
2024-12-07 15:57:01,OLEDDisplayTask
2024-12-07 15:57:01,OLEDDisplayTask
2024-12-07 15:57:01,Temperature: 40 °C	Humidity: 43 %
2024-12-07 15:57:01,OLEDDisplayTask
2024-12-07 15:57:02,OLEDDisplayTask
2024-12-07 15:57:02,Mq2Task
2024-12-07 15:57:02,OLEDDisplayTask
2024-12-07 15:57:02,MQ-2 Gas Concentration: 12.81 PPM
2024-12-07 15:57:02,OLEDDisplayTask
2024-12-07 15:57:02,OLEDDisplayTask
2024-12-07 15:57:02,OLEDDisplayTask
2024-12-07 15:57:02,OLEDDisplayTask
2024-12-07 15:57:02,OLEDDisplayTask
2024-12-07 15:57:02,OLEDDisplayTask
2024-12-07 15:57:02,OLEDDisplayTask
2024-12-07 15:57:03,OLEDDisplayTask
2024-12-07 15:57:03,OLEDDisplayTask
2024-12-07 15:57:03,OLEDDisplayTask
2024-12-07 15:57:03,OLEDDisplayTask
2024-12-07 15:57:03,OLEDDisplayTask
2024-12-07 15:57:03,OLEDDisplayTask
2024-12-07 15:57:03,OLEDDisplayTask
2024-12-07 15:57:03,OLEDDisplayTask
2024-12-07 15:57:03,ReadDHT11Task
2024-12-07 15:57:03,OLEDDisplayTask
2024-12-07 15:57:04,OLEDDisplayTask
2024-12-07 15:57:04,Mq2Task
2024-12-07 15:57:04,OLEDDisplayTask
2024-12-07 15:57:04,MQ-2 Gas Concentration: 13.29 PPM
2024-12-07 15:57:04,OLEDDisplayTask
2024-12-07 15:57:04,Error 253 Reading from DHT11 timed out.
2024-12-07 15:57:04,OLEDDisplayTask
2024-12-07 15:57:04,OLEDDisplayTask
2024-12-07 15:57:04,OLEDDisplayTask
2024-12-07 15:57:04,OLEDDisplayTask
2024-12-07 15:57:04,OLEDDisplayTask
2024-12-07 15:57:04,OLEDDisplayTask
2024-12-07 15:57:05,OLEDDisplayTask
2024-12-07 15:57:05,OLEDDisplayTask
2024-12-07 15:57:05,OLEDDisplayTask
2024-12-07 15:57:05,OLEDDisplayTask
2024-12-07 15:57:05,OLEDDisplayTask
2024-12-07 15:57:05,OLEDDisplayTask
2024-12-07 15:57:05,OLEDDisplayTask
2024-12-07 15:57:05,OLEDDisplayTask
2024-12-07 15:57:05,OLEDDisplayTask
2024-12-07 15:57:06,OLEDDisplayTask
2024-12-07 15:57:06,Mq2Task
2024-12-07 15:57:06,OLEDDisplayTask
2024-12-07 15:57:06,MQ-2 Gas Concentration: 12.90 PPM
2024-12-07 15:57:06,OLEDDisplayTask
2024-12-07 15:57:06,ReadDHT11Task
2024-12-07 15:57:06,OLEDDisplayTask
2024-12-07 15:57:06,OLEDDisplayTask
2024-12-07 15:57:06,OLEDDisplayTask
2024-12-07 15:57:06,OLEDDisplayTask
2024-12-07 15:57:06,OLEDDisplayTask
2024-12-07 15:57:06,Error 253 Reading from DHT11 timed out.
2024-12-07 15:57:07,OLEDDisplayTask
2024-12-07 15:57:07,OLEDDisplayTask
2024-12-07 15:57:07,OLEDDisplayTask
2024-12-07 15:57:07,OLEDDisplayTask
2024-12-07 15:57:07,OLEDDisplayTask
2024-12-07 15:57:07,OLEDDisplayTask
2024-12-07 15:57:07,OLEDDisplayTask
2024-12-07 15:57:07,OLEDDisplayTask
2024-12-07 15:57:07,OLEDDisplayTask
2024-12-07 15:57:08,OLEDDisplayTask
2024-12-07 15:57:08,OLEDDisplayTask
2024-12-07 15:57:08,Mq2Task
2024-12-07 15:57:08,OLEDDisplayTask
2024-12-07 15:57:08,MQ-2 Gas Concentration: 12.84 PPM
2024-12-07 15:57:08,OLEDDisplayTask
2024-12-07 15:57:08,OLEDDisplayTask
2024-12-07 15:57:08,OLEDDisplayTask
2024-12-07 15:57:08,OLEDDisplayTask
2024-12-07 15:57:08,OLEDDisplayTask
2024-12-07 15:57:08,ReadDHT11Task
2024-12-07 15:57:08,OLEDDisplayTask
2024-12-07 15:57:09,OLEDDisplayTask
2024-12-07 15:57:09,OLEDDisplayTask
2024-12-07 15:57:09,OLEDDisplayTask
2024-12-07 15:57:09,OLEDDisplayTask
2024-12-07 15:57:09,Error 253 Reading from DHT11 timed out.
2024-12-07 15:57:09,OLEDDisplayTask
2024-12-07 15:57:09,OLEDDisplayTask
2024-12-07 15:57:09,OLEDDisplayTask
2024-12-07 15:57:09,OLEDDisplayTask
2024-12-07 15:57:09,OLEDDisplayTask
2024-12-07 15:57:10,OLEDDisplayTask
2024-12-07 15:57:10,OLEDDisplayTask
2024-12-07 15:57:10,Mq2Task
2024-12-07 15:57:10,OLEDDisplayTask
2024-12-07 15:57:10,MQ-2 Gas Concentration: 9.98 PPM
2024-12-07 15:57:10,OLEDDisplayTask
2024-12-07 15:57:10,OLEDDisplayTask
2024-12-07 15:57:10,OLEDDisplayTask
2024-12-07 15:57:10,OLEDDisplayTask
2024-12-07 15:57:10,OLEDDisplayTask
2024-12-07 15:57:10,OLEDDisplayTask
2024-12-07 15:57:11,OLEDDisplayTask
2024-12-07 15:57:11,OLEDDisplayTask
2024-12-07 15:57:11,OLEDDisplayTask
2024-12-07 15:57:11,OLEDDisplayTask
2024-12-07 15:57:11,ReadDHT11Task
2024-12-07 15:57:11,OLEDDisplayTask
2024-12-07 15:57:11,OLEDDisplayTask
2024-12-07 15:57:11,OLEDDisplayTask
2024-12-07 15:57:11,OLEDDisplayTask
2024-12-07 15:57:11,Error 253 Reading from DHT11 timed out.
2024-12-07 15:57:11,OLEDDisplayTask
2024-12-07 15:57:12,OLEDDisplayTask
2024-12-07 15:57:12,OLEDDisplayTask
2024-12-07 15:57:12,Mq2Task
2024-12-07 15:57:12,OLEDDisplayTask
2024-12-07 15:57:12,MQ-2 Gas Concentration: 13.26 PPM
2024-12-07 15:57:12,OLEDDisplayTask
2024-12-07 15:57:12,OLEDDisplayTask
2024-12-07 15:57:12,OLEDDisplayTask
2024-12-07 15:57:12,OLEDDisplayTask
2024-12-07 15:57:12,OLEDDisplayTask
2024-12-07 15:57:13,OLEDDisplayTask
2024-12-07 15:57:13,OLEDDisplayTask
2024-12-07 15:57:13,OLEDDisplayTask
2024-12-07 15:57:13,OLEDDisplayTask
2024-12-07 15:57:13,OLEDDisplayTask
2024-12-07 15:57:13,OLEDDisplayTask
2024-12-07 15:57:13,OLEDDisplayTask
2024-12-07 15:57:13,OLEDDisplayTask
2024-12-07 15:57:13,OLEDDisplayTask
2024-12-07 15:57:13,ReadDHT11Task
2024-12-07 15:57:14,OLEDDisplayTask
2024-12-07 15:57:14,OLEDDisplayTask
2024-12-07 15:57:14,OLEDDisplayTask
2024-12-07 15:57:14,Mq2Task
2024-12-07 15:57:14,OLEDDisplayTask
2024-12-07 15:57:14,MQ-2 Gas Concentration: 12.90 PPM
2024-12-07 15:57:14,OLEDDisplayTask
2024-12-07 15:57:14,OLEDDisplayTask
2024-12-07 15:57:14,OLEDDisplayTask
2024-12-07 15:57:14,OLEDDisplayTask
2024-12-07 15:57:14,OLEDDisplayTask
2024-12-07 15:57:15,OLEDDisplayTask
2024-12-07 15:57:15,OLEDDisplayTask
2024-12-07 15:57:15,OLEDDisplayTask
2024-12-07 15:57:15,OLEDDisplayTask
2024-12-07 15:57:15,OLEDDisplayTask
2024-12-07 15:57:15,OLEDDisplayTask
2024-12-07 15:57:15,OLEDDisplayTask
2024-12-07 15:57:15,OLEDDisplayTask
2024-12-07 15:57:15,OLEDDisplayTask
2024-12-07 15:57:16,OLEDDisplayTask
2024-12-07 15:57:16,OLEDDisplayTask
2024-12-07 15:57:16,OLEDDisplayTask
2024-12-07 15:57:16,OLEDDisplayTask
2024-12-07 15:57:16,Mq2Task
2024-12-07 15:57:16,MQ-2 Gas Concentration: 13.45 PPM
2024-12-07 15:57:16,OLEDDisplayTask
2024-12-07 15:57:16,OLEDDisplayTask
2024-12-07 15:57:16,OLEDDisplayTask
2024-12-07 15:57:16,OLEDDisplayTask
2024-12-07 15:57:16,OLEDDisplayTask
2024-12-07 15:57:17,OLEDDisplayTask
2024-12-07 15:57:17,OLEDDisplayTask
2024-12-07 15:57:17,OLEDDisplayTask
2024-12-07 15:57:17,OLEDDisplayTask
2024-12-07 15:57:17,OLEDDisplayTask
2024-12-07 15:57:17,OLEDDisplayTask
2024-12-07 15:57:17,OLEDDisplayTask
2024-12-07 15:57:17,OLEDDisplayTask
2024-12-07 15:57:17,OLEDDisplayTask
2024-12-07 15:57:18,OLEDDisplayTask
2024-12-07 15:57:18,OLEDDisplayTask
2024-12-07 15:57:18,OLEDDisplayTask
2024-12-07 15:57:18,OLEDDisplayTask
2024-12-07 15:57:18,Mq2Task
2024-12-07 15:57:18,MQ-2 Gas Concentration: 13.17 PPM
2024-12-07 15:57:18,OLEDDisplayTask
2024-12-07 15:57:18,OLEDDisplayTask
2024-12-07 15:57:18,OLEDDisplayTask
2024-12-07 15:57:18,OLEDDisplayTask
2024-12-07 15:57:18,OLEDDisplayTask
2024-12-07 15:57:19,OLEDDisplayTask
2024-12-07 15:57:19,OLEDDisplayTask
2024-12-07 15:57:19,OLEDDisplayTask
2024-12-07 15:57:19,OLEDDisplayTask
2024-12-07 15:57:19,OLEDDisplayTask
2024-12-07 15:57:19,OLEDDisplayTask
2024-12-07 15:57:19,OLEDDisplayTask
2024-12-07 15:57:19,OLEDDisplayTask
2024-12-07 15:57:20,OLEDDisplayTask
2024-12-07 15:57:20,OLEDDisplayTask
2024-12-07 15:57:20,OLEDDisplayTask
2024-12-07 15:57:20,OLEDDisplayTask
2024-12-07 15:57:20,OLEDDisplayTask
2024-12-07 15:57:20,Mq2Task
2024-12-07 15:57:20,MQ-2 Gas Concentration: 12.66 PPM
2024-12-07 15:57:20,OLEDDisplayTask
2024-12-07 15:57:20,OLEDDisplayTask
2024-12-07 15:57:20,OLEDDisplayTask
2024-12-07 15:57:20,OLEDDisplayTask
2024-12-07 15:57:21,OLEDDisplayTask
2024-12-07 15:57:21,OLEDDisplayTask
2024-12-07 15:57:21,OLEDDisplayTask
2024-12-07 15:57:21,OLEDDisplayTask
2024-12-07 15:57:21,OLEDDisplayTask
2024-12-07 15:57:21,OLEDDisplayTask
2024-12-07 15:57:21,OLEDDisplayTask
2024-12-07 15:57:21,OLEDDisplayTask
2024-12-07 15:57:21,OLEDDisplayTask
2024-12-07 15:57:22,OLEDDisplayTask
2024-12-07 15:57:22,OLEDDisplayTask
2024-12-07 15:57:22,OLEDDisplayTask
2024-12-07 15:57:22,OLEDDisplayTask
2024-12-07 15:57:22,OLEDDisplayTask
2024-12-07 15:57:22,Mq2Task
2024-12-07 15:57:22,MQ-2 Gas Concentration: 13.32 PPM
2024-12-07 15:57:22,OLEDDisplayTask
2024-12-07 15:57:22,OLEDDisplayTask
2024-12-07 15:57:22,OLEDDisplayTask
2024-12-07 15:57:22,OLEDDisplayTask
2024-12-07 15:57:23,OLEDDisplayTask
2024-12-07 15:57:23,OLEDDisplayTask
2024-12-07 15:57:23,OLEDDisplayTask
2024-12-07 15:57:23,OLEDDisplayTask
2024-12-07 15:57:23,OLEDDisplayTask
2024-12-07 15:57:23,OLEDDisplayTask
2024-12-07 15:57:23,OLEDDisplayTask
2024-12-07 15:57:23,OLEDDisplayTask
2024-12-07 15:57:23,OLEDDisplayTask
2024-12-07 15:57:24,OLEDDisplayTask
2024-12-07 15:57:24,OLEDDisplayTask
2024-12-07 15:57:24,OLEDDisplayTask
2024-12-07 15:57:24,OLEDDisplayTask
2024-12-07 15:57:24,E (59573) task_wdt: Task watchdog got triggered. The following tasks did not reset the watchdog in time:
2024-12-07 15:57:24,E (59573) task_wdt:  - IDLE0 (CPU 0)
2024-12-07 15:57:24,E (59573) task_wdt: Tasks currently running:
2024-12-07 15:57:24,E (59573) task_wdt: CPU 0: Read DHT11 Task
2024-12-07 15:57:24,E (59573) task_wdt: CPU 1: loopTask
2024-12-07 15:57:24,E (59573) task_wdt: Aborting.
2024-12-07 15:57:24,abort() was called at PC 0x400e3439 on core 0
2024-12-07 15:57:24,Backtrace: 0x40083cbd:0x3ffbed0c |<-CORRUPTED
2024-12-07 15:57:24,ELF file SHA256: 35823fc91f1468de
2024-12-07 15:57:24,Rebooting...
2024-12-07 15:57:24,ets Jun  8 2016 00:22:57
2024-12-07 15:57:24,"rst:0xc (SW_CPU_RESET),boot:0x13 (SPI_FAST_FLASH_BOOT)"
2024-12-07 15:57:24,"configsip: 0, SPIWP:0xee"
2024-12-07 15:57:24,"clk_drv:0x00,q_drv:0x00,d_drv:0x00,cs0_drv:0x00,hd_drv:0x00,wp_drv:0x00"
2024-12-07 15:57:24,"mode:DIO, clock div:1"
2024-12-07 15:57:24,"load:0x3fff0030,len:1344"
2024-12-07 15:57:24,"load:0x40078000,len:13964"
2024-12-07 15:57:24,"load:0x40080400,len:3600"
2024-12-07 15:57:24,entry 0x400805f0
2024-12-07 15:57:25,Setup OLED
2024-12-07 15:57:27,Connecting to WiFi...
2024-12-07 15:57:28,Connecting to WiFi...
2024-12-07 15:57:29,Connecting to WiFi...
2024-12-07 15:57:30,Connecting to WiFi...
2024-12-07 15:57:31,Connecting to WiFi...
2024-12-07 15:57:32,Connecting to WiFi...
2024-12-07 15:57:33,Connecting to WiFi...
2024-12-07 15:57:34,Connecting to WiFi...
2024-12-07 15:57:35,Connecting to WiFi...
2024-12-07 15:57:36,Connecting to WiFi...
2024-12-07 15:57:37,Connecting to WiFi...
2024-12-07 15:57:38,Connecting to WiFi...
2024-12-07 15:57:39,Connecting to WiFi...
2024-12-07 15:57:40,Connecting to WiFi...
2024-12-07 15:57:41,Connecting to WiFi...
2024-12-07 15:57:42,Connecting to WiFi...
2024-12-07 15:57:43,Connecting to WiFi...
2024-12-07 15:57:44,Connecting to WiFi...
2024-12-07 15:57:45,Connecting to WiFi...
2024-12-07 15:57:46,Connecting to WiFi...
2024-12-07 15:57:47,Connecting to WiFi...
2024-12-07 15:57:48,Connecting to WiFi...
2024-12-07 15:57:49,Connecting to WiFi...
2024-12-07 15:57:50,Connecting to WiFi...
2024-12-07 15:57:51,Connecting to WiFi...
2024-12-07 15:57:52,Connecting to WiFi...
2024-12-07 15:57:53,Connecting to WiFi...
2024-12-07 15:57:54,Connecting to WiFi...
2024-12-07 15:57:55,Connecting to WiFi...
2024-12-07 15:57:56,Connecting to WiFi...
2024-12-07 15:57:57,Connecting to WiFi...
2024-12-07 15:57:58,Connecting to WiFi...
2024-12-07 15:57:59,Connecting to WiFi...
2024-12-07 15:58:00,Connecting to WiFi...
2024-12-07 15:58:01,Connecting to WiFi...
2024-12-07 15:58:02,Connecting to WiFi...
2024-12-07 15:58:03,Connecting to WiFi...
2024-12-07 15:58:04,Connecting to WiFi...
2024-12-07 15:58:05,Connecting to WiFi...
2024-12-07 15:58:06,Connecting to WiFi...
2024-12-07 15:58:07,Connecting to WiFi...
2024-12-07 15:58:08,Connecting to WiFi...
2024-12-07 15:58:09,Connecting to WiFi...
2024-12-07 15:58:10,Connecting to WiFi...
2024-12-07 15:58:11,Connecting to WiFi...
2024-12-07 15:58:12,Connecting to WiFi...
2024-12-07 15:58:13,Connecting to WiFi...
2024-12-07 15:58:14,Connecting to WiFi...
2024-12-07 15:58:15,Connecting to WiFi...
2024-12-07 15:58:16,Connecting to WiFi...
2024-12-07 15:58:17,Connecting to WiFi...
2024-12-07 15:58:18,Connecting to WiFi...
2024-12-07 15:58:19,Connecting to WiFi...
2024-12-07 15:58:20,Connecting to WiFi...
2024-12-07 15:58:21,Connecting to WiFi...
2024-12-07 15:58:22,Connecting to WiFi...
2024-12-07 15:58:23,Connecting to WiFi...
2024-12-07 15:58:24,Connecting to WiFi...
2024-12-07 15:58:25,Connecting to WiFi...
2024-12-07 15:58:26,Connecting to WiFi...
2024-12-07 15:58:27,Connecting to WiFi...
2024-12-07 15:58:28,Connecting to WiFi...
2024-12-07 15:58:29,Connecting to WiFi...
2024-12-07 15:58:30,Connecting to WiFi...
2024-12-07 15:58:31,Connecting to WiFi...
2024-12-07 15:58:32,Connecting to WiFi...
2024-12-07 15:58:33,Connecting to WiFi...
2024-12-07 15:58:34,Connecting to WiFi...
2024-12-07 15:58:35,Connecting to WiFi...
2024-12-07 15:58:36,Connecting to WiFi...
2024-12-07 15:58:37,Connecting to WiFi...
2024-12-07 15:58:38,Connecting to WiFi...
2024-12-07 15:58:39,Connecting to WiFi...
2024-12-07 15:58:40,Connecting to WiFi...
2024-12-07 15:58:41,Connecting to WiFi...
2024-12-07 15:58:42,Connecting to WiFi...
2024-12-07 15:58:43,Connecting to WiFi...
2024-12-07 15:58:44,Connecting to WiFi...
2024-12-07 15:58:45,Connecting to WiFi...
2024-12-07 15:58:46,Connecting to WiFi...
2024-12-07 15:58:47,Connecting to WiFi...
2024-12-07 15:58:48,Connecting to WiFi...
2024-12-07 15:58:49,Connecting to WiFi...
2024-12-07 15:58:50,Connecting to WiFi...
2024-12-07 15:58:51,Connecting to WiFi...
2024-12-07 15:58:52,Connecting to WiFi...
2024-12-07 15:58:53,Connecting to WiFi...
2024-12-07 15:58:54,Connecting to WiFi...
2024-12-07 15:58:55,Connecting to WiFi...
2024-12-07 15:58:56,Connecting to WiFi...
2024-12-07 15:58:57,Connecting to WiFi...
2024-12-07 15:58:58,Connecting to WiFi...
2024-12-07 15:58:59,Connecting to WiFi...
2024-12-07 15:59:00,Connecting to WiFi...
2024-12-07 15:59:01,Connecting to WiFi...
2024-12-07 15:59:02,Connecting to WiFi...
2024-12-07 15:59:03,Connecting to WiFi...
2024-12-07 15:59:04,Connecting to WiFi...
2024-12-07 15:59:05,Connecting to WiFi...
2024-12-07 15:59:06,Connecting to WiFi...
2024-12-07 15:59:07,Connecting to WiFi...
2024-12-07 15:59:08,Connecting to WiFi...
2024-12-07 15:59:09,Connecting to WiFi...
2024-12-07 15:59:10,Connecting to WiFi...
2024-12-07 15:59:11,Connecting to WiFi...
2024-12-07 15:59:12,Connecting to WiFi...
2024-12-07 15:59:13,Connecting to WiFi...
2024-12-07 15:59:14,Connecting to WiFi...
2024-12-07 15:59:15,Connecting to WiFi...
2024-12-07 15:59:16,Connecting to WiFi...
2024-12-07 15:59:17,Connecting to WiFi...
2024-12-07 15:59:18,Connecting to WiFi...
2024-12-07 15:59:19,Connecting to WiFi...
2024-12-07 15:59:20,Connecting to WiFi...
2024-12-07 15:59:21,Connecting to WiFi...
2024-12-07 15:59:22,Connecting to WiFi...
2024-12-07 15:59:23,Connecting to WiFi...
2024-12-07 15:59:24,Connecting to WiFi...
2024-12-07 15:59:25,Connecting to WiFi...
2024-12-07 15:59:26,Connecting to WiFi...
2024-12-07 15:59:27,Connecting to WiFi...
2024-12-07 15:59:28,Connecting to WiFi...
2024-12-07 15:59:29,Connecting to WiFi...
2024-12-07 15:59:30,Connecting to WiFi...
2024-12-07 15:59:31,Connecting to WiFi...
2024-12-07 15:59:32,Connecting to WiFi...
2024-12-07 15:59:33,Connecting to WiFi...
2024-12-07 15:59:34,Connecting to WiFi...
2024-12-07 15:59:35,Connecting to WiFi...
2024-12-07 15:59:36,Connecting to WiFi...
2024-12-07 15:59:37,Connecting to WiFi...
2024-12-07 15:59:38,Connecting to WiFi...
2024-12-07 15:59:39,Connecting to WiFi...
2024-12-07 15:59:40,Connecting to WiFi...
2024-12-07 15:59:41,Connecting to WiFi...
2024-12-07 15:59:42,Connecting to WiFi...
2024-12-07 15:59:43,Connecting to WiFi...
2024-12-07 15:59:44,Connecting to WiFi...
2024-12-07 15:59:45,Connecting to WiFi...
2024-12-07 15:59:46,Connecting to WiFi...
2024-12-07 15:59:47,Connecting to WiFi...
2024-12-07 15:59:48,Connecting to WiFi...
2024-12-07 15:59:49,Connecting to WiFi...
2024-12-07 15:59:50,Connecting to WiFi...
2024-12-07 15:59:51,Connecting to WiFi...
2024-12-07 15:59:52,Connecting to WiFi...
2024-12-07 15:59:53,Connecting to WiFi...
2024-12-07 15:59:54,Connecting to WiFi...
2024-12-07 15:59:55,Connecting to WiFi...
2024-12-07 15:59:56,Connecting to WiFi...
2024-12-07 15:59:57,Connecting to WiFi...
2024-12-07 15:59:58,Connecting to WiFi...
2024-12-07 15:59:59,Connecting to WiFi...
2024-12-07 16:00:00,Connecting to WiFi...
2024-12-07 16:00:01,Connecting to WiFi...
2024-12-07 16:00:02,Connecting to WiFi...
2024-12-07 16:00:03,Connecting to WiFi...
2024-12-07 16:00:04,Connecting to WiFi...
2024-12-07 16:00:05,Connecting to WiFi...
2024-12-07 16:00:06,Connecting to WiFi...
2024-12-07 16:00:07,Connecting to WiFi...
2024-12-07 16:00:08,Connecting to WiFi...
2024-12-07 16:00:09,Connecting to WiFi...
2024-12-07 16:00:10,Connecting to WiFi...
2024-12-07 16:00:11,Connecting to WiFi...
2024-12-07 16:00:12,Connecting to WiFi...
2024-12-07 16:00:13,Connecting to WiFi...
2024-12-07 16:00:14,Connecting to WiFi...
2024-12-07 16:00:15,Connecting to WiFi...
2024-12-07 16:00:16,Connecting to WiFi...
2024-12-07 16:00:17,Connecting to WiFi...
2024-12-07 16:00:18,Connecting to WiFi...
2024-12-07 16:00:19,Connecting to WiFi...
2024-12-07 16:00:20,Connecting to WiFi...
2024-12-07 16:00:21,Connecting to WiFi...
2024-12-07 16:00:22,Connecting to WiFi...
2024-12-07 16:00:23,Connecting to WiFi...
2024-12-07 16:00:24,Connecting to WiFi...
2024-12-07 16:00:25,Connecting to WiFi...
2024-12-07 16:00:26,Connecting to WiFi...
2024-12-07 16:00:27,Connecting to WiFi...
2024-12-07 16:00:28,Connecting to WiFi...
2024-12-07 16:00:29,Connecting to WiFi...
2024-12-07 16:00:30,Connecting to WiFi...
2024-12-07 16:00:31,Connecting to WiFi...
2024-12-07 16:00:32,Connecting to WiFi...
2024-12-07 16:00:33,Connecting to WiFi...
2024-12-07 16:00:34,Connecting to WiFi...
2024-12-07 16:00:35,Connecting to WiFi...
2024-12-07 16:00:36,Connecting to WiFi...
2024-12-07 16:00:37,Connecting to WiFi...
2024-12-07 16:00:38,Connecting to WiFi...
2024-12-07 16:00:39,Connecting to WiFi...
2024-12-07 16:00:40,Connecting to WiFi...
2024-12-07 16:00:41,Connecting to WiFi...
2024-12-07 16:00:42,Connecting to WiFi...
2024-12-07 16:00:43,Connecting to WiFi...
2024-12-07 16:00:44,Connecting to WiFi...
2024-12-07 16:00:45,Connecting to WiFi...
2024-12-07 16:00:46,Connecting to WiFi...
2024-12-07 16:00:47,Connecting to WiFi...
2024-12-07 16:00:48,Connecting to WiFi...
2024-12-07 16:00:49,Connecting to WiFi...
2024-12-07 16:00:50,Connecting to WiFi...
2024-12-07 16:00:51,Connecting to WiFi...
2024-12-07 16:00:52,Connecting to WiFi...
2024-12-07 16:00:53,Connecting to WiFi...
2024-12-07 16:00:54,Connecting to WiFi...
2024-12-07 16:00:55,Connecting to WiFi...
2024-12-07 16:00:56,Connecting to WiFi...
2024-12-07 16:00:57,Connecting to WiFi...
2024-12-07 16:00:58,Connecting to WiFi...
2024-12-07 16:00:59,Connecting to WiFi...
2024-12-07 16:01:00,Connecting to WiFi...
2024-12-07 16:01:01,Connecting to WiFi...
2024-12-07 16:01:02,Connecting to WiFi...
2024-12-07 16:01:03,Connecting to WiFi...
2024-12-07 16:01:04,Connecting to WiFi...
2024-12-07 16:01:05,Connecting to WiFi...
2024-12-07 16:01:06,Connecting to WiFi...
2024-12-07 16:01:07,Connecting to WiFi...
2024-12-07 16:01:08,Connecting to WiFi...
2024-12-07 16:01:09,Connecting to WiFi...
2024-12-07 16:01:10,Connecting to WiFi...
2024-12-07 16:01:11,Connecting to WiFi...
2024-12-07 16:01:12,Connecting to WiFi...
2024-12-07 16:01:13,Connecting to WiFi...
2024-12-07 16:01:14,Connecting to WiFi...
2024-12-07 16:01:15,Connecting to WiFi...
2024-12-07 16:01:16,Connecting to WiFi...
2024-12-07 16:01:17,Connecting to WiFi...
2024-12-07 16:01:18,Connecting to WiFi...
2024-12-07 16:01:19,Connecting to WiFi...
2024-12-07 16:01:20,Connecting to WiFi...
2024-12-07 16:01:21,Connecting to WiFi...
2024-12-07 16:01:22,Connecting to WiFi...
2024-12-07 16:01:23,Connecting to WiFi...
2024-12-07 16:01:24,Connecting to WiFi...
2024-12-07 16:01:25,Connecting to WiFi...
2024-12-07 16:01:26,Connecting to WiFi...
2024-12-07 16:01:27,Connecting to WiFi...
2024-12-07 16:01:28,Connecting to WiFi...
2024-12-07 16:01:29,Connecting to WiFi...
2024-12-07 16:01:30,Connecting to WiFi...
2024-12-07 16:01:31,Connecting to WiFi...
2024-12-07 16:01:32,Connecting to WiFi...
2024-12-07 16:01:33,Connecting to WiFi...
2024-12-07 16:01:34,Connecting to WiFi...
2024-12-07 16:01:35,Connecting to WiFi...
2024-12-07 16:01:36,Connecting to WiFi...
2024-12-07 16:01:37,Connecting to WiFi...
2024-12-07 16:01:38,Connecting to WiFi...
2024-12-07 16:01:39,Connecting to WiFi...
2024-12-07 16:01:40,Connecting to WiFi...
2024-12-07 16:01:41,Connecting to WiFi...
2024-12-07 16:01:42,Connecting to WiFi...
2024-12-07 16:01:43,Connecting to WiFi...
2024-12-07 16:01:44,Connecting to WiFi...
2024-12-07 16:01:45,Connecting to WiFi...
2024-12-07 16:01:46,Connecting to WiFi...
2024-12-07 16:01:47,Connecting to WiFi...
2024-12-07 16:01:48,Connecting to WiFi...
2024-12-07 16:01:49,Connecting to WiFi...
2024-12-07 16:01:50,Connecting to WiFi...
2024-12-07 16:01:51,Connecting to WiFi...
2024-12-07 16:01:52,Connecting to WiFi...
2024-12-07 16:01:53,Connecting to WiFi...
2024-12-07 16:01:54,Connecting to WiFi...
2024-12-07 16:01:55,Connecting to WiFi...
2024-12-07 16:01:56,Connecting to WiFi...
2024-12-07 16:01:57,Connecting to WiFi...
2024-12-07 16:01:58,Connecting to WiFi...
2024-12-07 16:01:59,Connecting to WiFi...
2024-12-07 16:02:00,Connecting to WiFi...
2024-12-07 16:02:01,Connecting to WiFi...
2024-12-07 16:02:02,Connecting to WiFi...
2024-12-07 16:02:03,Connecting to WiFi...
2024-12-07 16:02:04,Connecting to WiFi...
2024-12-07 16:02:05,Connecting to WiFi...
2024-12-07 16:02:06,Connecting to WiFi...
2024-12-07 16:02:07,Connecting to WiFi...
2024-12-07 16:02:08,Connecting to WiFi...
2024-12-07 16:02:09,Connecting to WiFi...
2024-12-07 16:02:10,Connecting to WiFi...
2024-12-07 16:02:11,Connecting to WiFi...
2024-12-07 16:02:12,Connecting to WiFi...
2024-12-07 16:02:13,Connecting to WiFi...
2024-12-07 16:02:14,Connecting to WiFi...
2024-12-07 16:02:15,Connecting to WiFi...
2024-12-07 16:02:16,Connecting to WiFi...
2024-12-07 16:02:17,Connecting to WiFi...
2024-12-07 16:02:18,Connecting to WiFi...
2024-12-07 16:02:19,Connecting to WiFi...
2024-12-07 16:02:20,Connecting to WiFi...
2024-12-07 16:02:21,Connecting to WiFi...
2024-12-07 16:02:22,Connecting to WiFi...
2024-12-07 16:02:23,Connecting to WiFi...
2024-12-07 16:02:24,Connecting to WiFi...
2024-12-07 16:02:25,Connecting to WiFi...
2024-12-07 16:02:26,Connecting to WiFi...
2024-12-07 16:02:27,Connecting to WiFi...
2024-12-07 16:02:28,Connecting to WiFi...
2024-12-07 16:02:29,Connecting to WiFi...
2024-12-07 16:02:30,Connecting to WiFi...
2024-12-07 16:02:31,Connecting to WiFi...
2024-12-07 16:02:32,Connecting to WiFi...
2024-12-07 16:02:33,Connecting to WiFi...
2024-12-07 16:02:34,Connecting to WiFi...
2024-12-07 16:02:35,Connecting to WiFi...
2024-12-07 16:02:36,Connecting to WiFi...
2024-12-07 16:02:37,Connecting to WiFi...
2024-12-07 16:02:38,Connecting to WiFi...
2024-12-07 16:02:39,Connecting to WiFi...
2024-12-07 16:02:40,Connecting to WiFi...
2024-12-07 16:02:41,Connecting to WiFi...
2024-12-07 16:02:42,Connecting to WiFi...
2024-12-07 16:02:43,Connecting to WiFi...
2024-12-07 16:02:44,Connecting to WiFi...
2024-12-07 16:02:45,Connecting to WiFi...
2024-12-07 16:02:46,Connecting to WiFi...
2024-12-07 16:02:47,Connecting to WiFi...
2024-12-07 16:02:48,Connecting to WiFi...
2024-12-07 16:02:49,Connecting to WiFi...
2024-12-07 16:02:50,Connecting to WiFi...
2024-12-07 16:02:51,Connecting to WiFi...
2024-12-07 16:02:52,Connecting to WiFi...
2024-12-07 16:02:53,Connecting to WiFi...
2024-12-07 16:02:54,Connecting to WiFi...
2024-12-07 16:02:55,Connecting to WiFi...
2024-12-07 16:02:56,Connecting to WiFi...
2024-12-07 16:02:57,Connecting to WiFi...
2024-12-07 16:02:58,Connecting to WiFi...
2024-12-07 16:02:59,Connecting to WiFi...
2024-12-07 16:03:00,Connecting to WiFi...
2024-12-07 16:03:01,Connecting to WiFi...
2024-12-07 16:03:02,Connecting to WiFi...
2024-12-07 16:03:03,Connecting to WiFi...
2024-12-07 16:03:04,Connecting to WiFi...
2024-12-07 16:03:05,Connecting to WiFi...
2024-12-07 16:03:06,Connecting to WiFi...
2024-12-07 16:03:07,Connecting to WiFi...
2024-12-07 16:03:08,Connecting to WiFi...
2024-12-07 16:03:09,Connecting to WiFi...
2024-12-07 16:03:10,Connecting to WiFi...
2024-12-07 16:03:11,Connecting to WiFi...
2024-12-07 16:03:12,Connecting to WiFi...
2024-12-07 16:03:13,Connecting to WiFi...
2024-12-07 16:03:14,Connecting to WiFi...
2024-12-07 16:03:15,Connecting to WiFi...
2024-12-07 16:03:16,Connecting to WiFi...
2024-12-07 16:03:17,Connecting to WiFi...
2024-12-07 16:03:18,Connecting to WiFi...
2024-12-07 16:03:19,Connecting to WiFi...
2024-12-07 16:03:20,Connecting to WiFi...
2024-12-07 16:03:21,Connecting to WiFi...
2024-12-07 16:03:22,Connecting to WiFi...
2024-12-07 16:03:23,Connecting to WiFi...
2024-12-07 16:03:24,Connecting to WiFi...
2024-12-07 16:03:25,Connecting to WiFi...
2024-12-07 16:03:26,Connecting to WiFi...
2024-12-07 16:03:27,Connecting to WiFi...
2024-12-07 16:03:28,Connecting to WiFi...
2024-12-07 16:03:29,Connecting to WiFi...
2024-12-07 16:03:30,Connecting to WiFi...
2024-12-07 16:03:31,Connecting to WiFi...
2024-12-07 16:03:32,Connecting to WiFi...
2024-12-07 16:03:33,Connecting to WiFi...
2024-12-07 16:03:34,Connecting to WiFi...
2024-12-07 16:03:35,Connecting to WiFi...
2024-12-07 16:03:36,Connecting to WiFi...
2024-12-07 16:03:37,Connecting to WiFi...
2024-12-07 16:03:38,Connecting to WiFi...
2024-12-07 16:03:39,Connecting to WiFi...
2024-12-07 16:03:40,Connecting to WiFi...
2024-12-07 16:03:41,Connecting to WiFi...
2024-12-07 16:03:42,Connecting to WiFi...
2024-12-07 16:03:43,Connecting to WiFi...
2024-12-07 16:03:44,Connecting to WiFi...
2024-12-07 16:03:45,Connecting to WiFi...
2024-12-07 16:03:46,Connecting to WiFi...
2024-12-07 16:03:47,Connecting to WiFi...
2024-12-07 16:03:48,Connecting to WiFi...
2024-12-07 16:03:49,Connecting to WiFi...
2024-12-07 16:03:50,Connecting to WiFi...
2024-12-07 16:03:51,Connecting to WiFi...
2024-12-07 16:03:52,Connecting to WiFi...
2024-12-07 16:03:53,Connecting to WiFi...
2024-12-07 16:03:54,Connecting to WiFi...
2024-12-07 16:03:55,Connecting to WiFi...
2024-12-07 16:03:56,Connecting to WiFi...
2024-12-07 16:03:57,Connecting to WiFi...
2024-12-07 16:03:58,Connecting to WiFi...
2024-12-07 16:03:59,Connecting to WiFi...
2024-12-07 16:04:00,Connecting to WiFi...
2024-12-07 16:04:01,Connecting to WiFi...
2024-12-07 16:04:02,Connecting to WiFi...
2024-12-07 16:04:03,Connecting to WiFi...
2024-12-07 16:04:04,Connecting to WiFi...
2024-12-07 16:04:05,Connecting to WiFi...
2024-12-07 16:04:06,Connecting to WiFi...
2024-12-07 16:04:07,Connecting to WiFi...
2024-12-07 16:04:08,Connecting to WiFi...
2024-12-07 16:04:09,Connecting to WiFi...
2024-12-07 16:04:10,Connecting to WiFi...
2024-12-07 16:04:11,Connecting to WiFi...
2024-12-07 16:04:12,Connecting to WiFi...
2024-12-07 16:04:13,Connecting to WiFi...
2024-12-07 16:04:14,Connecting to WiFi...
2024-12-07 16:04:15,Connecting to WiFi...
2024-12-07 16:04:16,Connecting to WiFi...
2024-12-07 16:04:17,Connecting to WiFi...
2024-12-07 16:04:18,Connecting to WiFi...
2024-12-07 16:04:19,Connecting to WiFi...
2024-12-07 16:04:20,Connecting to WiFi...
2024-12-07 16:04:21,Connecting to WiFi...
2024-12-07 16:04:22,Connecting to WiFi...
2024-12-07 16:04:23,Connecting to WiFi...
2024-12-07 16:04:24,Connecting to WiFi...
2024-12-07 16:04:25,Connecting to WiFi...
2024-12-07 16:04:26,Connecting to WiFi...
2024-12-07 16:04:27,Connecting to WiFi...
2024-12-07 16:04:28,Connecting to WiFi...
2024-12-07 16:04:29,Connecting to WiFi...
2024-12-07 16:04:30,Connecting to WiFi...
2024-12-07 16:04:31,Connecting to WiFi...
2024-12-07 16:04:32,Connecting to WiFi...
2024-12-07 16:04:33,Connecting to WiFi...
2024-12-07 16:04:34,Connecting to WiFi...
2024-12-07 16:04:35,Connecting to WiFi...
2024-12-07 16:04:36,Connecting to WiFi...
2024-12-07 16:04:37,Connecting to WiFi...
2024-12-07 16:04:38,Connecting to WiFi...
2024-12-07 16:04:39,Connecting to WiFi...
2024-12-07 16:04:40,Connecting to WiFi...
2024-12-07 16:04:41,Connecting to WiFi...
2024-12-07 16:04:42,Connecting to WiFi...
2024-12-07 16:04:43,Connecting to WiFi...
2024-12-07 16:04:44,Connecting to WiFi...
2024-12-07 16:04:45,Connecting to WiFi...
2024-12-07 16:04:46,Connecting to WiFi...
2024-12-07 16:04:47,Connecting to WiFi...
2024-12-07 16:04:48,Connecting to WiFi...
2024-12-07 16:04:49,Connecting to WiFi...
2024-12-07 16:04:50,Connecting to WiFi...
2024-12-07 16:04:51,Connecting to WiFi...
2024-12-07 16:04:52,Connecting to WiFi...
2024-12-07 16:04:53,Connecting to WiFi...
2024-12-07 16:04:54,Connecting to WiFi...
2024-12-07 16:04:55,Connecting to WiFi...
2024-12-07 16:04:56,Connecting to WiFi...
2024-12-07 16:04:57,Connecting to WiFi...
2024-12-07 16:04:58,Connecting to WiFi...
2024-12-07 16:04:59,Connecting to WiFi...
2024-12-07 16:05:00,Connecting to WiFi...
2024-12-07 16:05:01,Connecting to WiFi...
2024-12-07 16:05:02,Connecting to WiFi...
2024-12-07 16:05:03,Connecting to WiFi...
2024-12-07 16:05:04,Connecting to WiFi...
2024-12-07 16:05:05,Connecting to WiFi...
2024-12-07 16:05:06,Connecting to WiFi...
2024-12-07 16:05:07,Connecting to WiFi...
2024-12-07 16:05:08,Connecting to WiFi...
2024-12-07 16:05:09,Connecting to WiFi...
2024-12-07 16:05:10,Connecting to WiFi...
2024-12-07 16:05:11,Connecting to WiFi...
2024-12-07 16:05:12,Connecting to WiFi...
2024-12-07 16:05:13,Connecting to WiFi...
2024-12-07 16:05:14,Connecting to WiFi...
2024-12-07 16:05:15,Connecting to WiFi...
2024-12-07 16:05:16,Connecting to WiFi...
2024-12-07 16:05:17,Connecting to WiFi...
2024-12-07 16:05:18,Connecting to WiFi...
2024-12-07 16:05:19,Connecting to WiFi...
2024-12-07 16:05:20,Connecting to WiFi...
2024-12-07 16:05:21,Connecting to WiFi...
2024-12-07 16:05:22,Connecting to WiFi...
2024-12-07 16:05:23,Connecting to WiFi...
2024-12-07 16:05:24,Connecting to WiFi...
2024-12-07 16:05:25,Connecting to WiFi...
2024-12-07 16:05:26,Connecting to WiFi...
2024-12-07 16:05:27,Connecting to WiFi...
2024-12-07 16:05:28,Connecting to WiFi...
2024-12-07 16:05:29,Connecting to WiFi...
2024-12-07 16:05:30,Connecting to WiFi...
2024-12-07 16:05:31,Connecting to WiFi...
2024-12-07 16:05:32,Connecting to WiFi...
2024-12-07 16:05:33,Connecting to WiFi...
2024-12-07 16:05:34,Connecting to WiFi...
2024-12-07 16:05:35,Connecting to WiFi...
2024-12-07 16:05:36,Connecting to WiFi...
2024-12-07 16:05:37,Connecting to WiFi...
2024-12-07 16:05:38,Connecting to WiFi...
2024-12-07 16:05:39,Connecting to WiFi...
2024-12-07 16:05:40,Connecting to WiFi...
2024-12-07 16:05:41,Connecting to WiFi...
2024-12-07 16:05:42,Connecting to WiFi...
2024-12-07 16:05:43,Connecting to WiFi...
2024-12-07 16:05:44,Connecting to WiFi...
2024-12-07 16:05:45,Connecting to WiFi...
2024-12-07 16:05:46,Connecting to WiFi...
2024-12-07 16:05:47,Connecting to WiFi...
2024-12-07 16:05:48,Connecting to WiFi...
2024-12-07 16:05:49,Connecting to WiFi...
2024-12-07 16:05:50,Connecting to WiFi...
2024-12-07 16:05:51,Connecting to WiFi...
2024-12-07 16:05:52,Connecting to WiFi...
2024-12-07 16:05:53,Connecting to WiFi...
2024-12-07 16:05:54,Connecting to WiFi...
2024-12-07 16:05:55,Connecting to WiFi...
2024-12-07 16:05:56,Connecting to WiFi...
2024-12-07 16:05:57,Connecting to WiFi...
2024-12-07 16:05:58,Connecting to WiFi...
2024-12-07 16:05:59,Connecting to WiFi...
2024-12-07 16:06:00,Connecting to WiFi...
2024-12-07 16:06:01,Connecting to WiFi...
2024-12-07 16:06:02,Connecting to WiFi...
2024-12-07 16:06:03,Connecting to WiFi...
2024-12-07 16:06:04,Connecting to WiFi...
2024-12-07 16:06:05,Connecting to WiFi...
2024-12-07 16:06:06,Connecting to WiFi...
2024-12-07 16:06:07,Connecting to WiFi...
2024-12-07 16:06:08,Connecting to WiFi...
2024-12-07 16:06:09,Connecting to WiFi...
2024-12-07 16:06:10,Connecting to WiFi...
2024-12-07 16:06:11,Connecting to WiFi...
2024-12-07 16:06:12,Connecting to WiFi...
2024-12-07 16:06:13,Connecting to WiFi...
2024-12-07 16:06:14,Connecting to WiFi...
2024-12-07 16:06:15,Connecting to WiFi...
2024-12-07 16:06:16,Connecting to WiFi...
2024-12-07 16:06:17,Connecting to WiFi...
2024-12-07 16:06:18,Connecting to WiFi...
2024-12-07 16:06:19,Connecting to WiFi...
2024-12-07 16:06:20,Connecting to WiFi...
2024-12-07 16:06:21,Connecting to WiFi...
2024-12-07 16:06:22,Connecting to WiFi...
2024-12-07 16:06:23,Connecting to WiFi...
2024-12-07 16:06:24,Connecting to WiFi...
2024-12-07 16:06:25,Connecting to WiFi...
2024-12-07 16:06:26,Connecting to WiFi...
2024-12-07 16:06:27,Connecting to WiFi...
2024-12-07 16:06:28,Connecting to WiFi...
2024-12-07 16:06:29,Connecting to WiFi...
2024-12-07 16:06:30,Connecting to WiFi...
2024-12-07 16:06:31,Connecting to WiFi...
2024-12-07 16:06:32,Connecting to WiFi...
2024-12-07 16:06:33,Connecting to WiFi...
2024-12-07 16:06:34,Connecting to WiFi...
2024-12-07 16:06:35,Connecting to WiFi...
2024-12-07 16:06:36,Connecting to WiFi...
2024-12-07 16:06:37,Connecting to WiFi...
2024-12-07 16:06:38,Connecting to WiFi...
2024-12-07 16:06:39,Connecting to WiFi...
2024-12-07 16:06:40,Connecting to WiFi...
2024-12-07 16:06:41,Connecting to WiFi...
2024-12-07 16:06:42,Connecting to WiFi...
2024-12-07 16:06:43,Connecting to WiFi...
2024-12-07 16:06:44,Connecting to WiFi...
2024-12-07 16:06:45,Connecting to WiFi...
2024-12-07 16:06:46,Connecting to WiFi...
2024-12-07 16:06:47,Connecting to WiFi...
2024-12-07 16:06:48,Connecting to WiFi...
2024-12-07 16:06:49,Connecting to WiFi...
2024-12-07 16:06:50,Connecting to WiFi...
2024-12-07 16:06:51,Connecting to WiFi...
2024-12-07 16:06:52,Connecting to WiFi...
2024-12-07 16:06:53,Connecting to WiFi...
2024-12-07 16:06:54,Connecting to WiFi...
2024-12-07 16:06:55,Connecting to WiFi...
2024-12-07 16:06:56,Connecting to WiFi...
2024-12-07 16:06:57,Connecting to WiFi...
2024-12-07 16:06:58,Connecting to WiFi...
2024-12-07 16:06:59,Connecting to WiFi...
2024-12-07 16:07:00,Connecting to WiFi...
2024-12-07 16:07:01,Connecting to WiFi...
2024-12-07 16:07:02,Connecting to WiFi...
2024-12-07 16:07:03,Connecting to WiFi...
2024-12-07 16:07:04,Connecting to WiFi...
2024-12-07 16:07:05,Connecting to WiFi...
2024-12-07 16:07:06,Connecting to WiFi...
2024-12-07 16:07:07,Connecting to WiFi...
2024-12-07 16:07:08,Connecting to WiFi...
2024-12-07 16:07:09,Connecting to WiFi...
2024-12-07 16:07:10,Connecting to WiFi...
2024-12-07 16:07:11,Connecting to WiFi...
2024-12-07 16:07:12,Connecting to WiFi...
2024-12-07 16:07:13,Connecting to WiFi...
2024-12-07 16:07:14,Connecting to WiFi...
2024-12-07 16:07:15,Connecting to WiFi...
2024-12-07 16:07:16,Connecting to WiFi...
2024-12-07 16:07:17,Connecting to WiFi...
2024-12-07 16:07:18,Connecting to WiFi...
2024-12-07 16:07:19,Connecting to WiFi...
2024-12-07 16:07:20,Connecting to WiFi...
2024-12-07 16:07:21,Connecting to WiFi...
2024-12-07 16:07:22,Connecting to WiFi...
2024-12-07 16:07:23,Connecting to WiFi...
2024-12-07 16:07:24,Connecting to WiFi...
2024-12-07 16:07:25,Connecting to WiFi...
2024-12-07 16:07:26,Connecting to WiFi...
2024-12-07 16:07:27,Connecting to WiFi...
2024-12-07 16:07:28,Connecting to WiFi...
2024-12-07 16:07:29,Connecting to WiFi...
2024-12-07 16:07:30,Connecting to WiFi...
2024-12-07 16:07:31,Connecting to WiFi...
2024-12-07 16:07:32,Connecting to WiFi...
2024-12-07 16:07:33,Connecting to WiFi...
2024-12-07 16:07:34,Connecting to WiFi...
2024-12-07 16:07:35,Connecting to WiFi...
2024-12-07 16:07:36,Connecting to WiFi...
2024-12-07 16:07:37,Connecting to WiFi...
2024-12-07 16:07:38,Connecting to WiFi...
2024-12-07 16:07:39,Connecting to WiFi...
2024-12-07 16:07:40,Connecting to WiFi...
2024-12-07 16:07:41,Connecting to WiFi...
2024-12-07 16:07:42,Connecting to WiFi...
2024-12-07 16:07:43,Connecting to WiFi...
2024-12-07 16:07:44,Connecting to WiFi...
2024-12-07 16:07:45,Connecting to WiFi...
2024-12-07 16:07:46,Connecting to WiFi...
2024-12-07 16:07:47,Connecting to WiFi...
2024-12-07 16:07:48,Connecting to WiFi...
2024-12-07 16:07:49,Connecting to WiFi...
2024-12-07 16:07:50,Connecting to WiFi...
2024-12-07 16:07:51,Connecting to WiFi...
2024-12-07 16:07:52,Connecting to WiFi...
2024-12-07 16:07:53,Connecting to WiFi...
2024-12-07 16:07:54,Connecting to WiFi...
2024-12-07 16:07:55,Connecting to WiFi...
2024-12-07 16:07:56,Connecting to WiFi...
2024-12-07 16:07:57,Connecting to WiFi...
2024-12-07 16:07:58,Connecting to WiFi...
2024-12-07 16:07:59,Connecting to WiFi...
2024-12-07 16:08:00,Connecting to WiFi...
2024-12-07 16:08:01,Connecting to WiFi...
2024-12-07 16:08:02,Connecting to WiFi...
2024-12-07 16:08:03,Connecting to WiFi...
2024-12-07 16:08:04,Connecting to WiFi...
2024-12-07 16:08:05,Connecting to WiFi...
2024-12-07 16:08:06,Connecting to WiFi...
2024-12-07 16:08:07,Connecting to WiFi...
2024-12-07 16:08:08,Connecting to WiFi...
2024-12-07 16:08:09,Connecting to WiFi...
2024-12-07 16:08:10,Connecting to WiFi...
2024-12-07 16:08:11,Connecting to WiFi...
2024-12-07 16:08:12,Connecting to WiFi...
2024-12-07 16:08:13,Connecting to WiFi...
2024-12-07 16:08:14,Connecting to WiFi...
2024-12-07 16:08:15,Connecting to WiFi...
2024-12-07 16:08:16,Connecting to WiFi...
2024-12-07 16:08:17,Connecting to WiFi...
2024-12-07 16:08:18,Connecting to WiFi...
2024-12-07 16:08:19,Connecting to WiFi...
2024-12-07 16:08:20,Connecting to WiFi...
2024-12-07 16:08:21,Connecting to WiFi...
2024-12-07 16:08:22,Connecting to WiFi...
2024-12-07 16:08:23,Connecting to WiFi...
2024-12-07 16:08:24,Connecting to WiFi...
2024-12-07 16:08:25,Connecting to WiFi...
2024-12-07 16:08:26,Connecting to WiFi...
2024-12-07 16:08:27,Connecting to WiFi...
2024-12-07 16:08:28,Connecting to WiFi...
2024-12-07 16:08:29,Connecting to WiFi...
2024-12-07 16:08:30,Connecting to WiFi...
2024-12-07 16:08:31,Connecting to WiFi...
2024-12-07 16:08:32,Connecting to WiFi...
2024-12-07 16:08:33,Connecting to WiFi...
2024-12-07 16:08:34,Connecting to WiFi...
2024-12-07 16:08:35,Connecting to WiFi...
2024-12-07 16:08:36,Connecting to WiFi...
2024-12-07 16:08:37,Connecting to WiFi...
2024-12-07 16:08:38,Connecting to WiFi...
2024-12-07 16:08:39,Connecting to WiFi...
2024-12-07 16:08:40,Connecting to WiFi...
2024-12-07 16:08:41,Connecting to WiFi...
2024-12-07 16:08:42,Connecting to WiFi...
2024-12-07 16:08:43,Connecting to WiFi...
2024-12-07 16:08:44,Connecting to WiFi...
2024-12-07 16:08:45,Connecting to WiFi...
2024-12-07 16:08:46,Connecting to WiFi...
2024-12-07 16:08:47,Connecting to WiFi...
2024-12-07 16:08:48,Connecting to WiFi...
2024-12-07 16:08:49,Connecting to WiFi...
2024-12-07 16:08:50,Connecting to WiFi...
2024-12-07 16:08:51,Connecting to WiFi...
2024-12-07 16:08:52,Connecting to WiFi...
2024-12-07 16:08:53,Connecting to WiFi...
2024-12-07 16:08:54,Connecting to WiFi...
2024-12-07 16:08:55,Connecting to WiFi...
2024-12-07 16:08:56,Connecting to WiFi...
2024-12-07 16:08:57,Connecting to WiFi...
2024-12-07 16:08:58,Connecting to WiFi...
2024-12-07 16:08:59,Connecting to WiFi...
2024-12-07 16:09:00,Connecting to WiFi...
2024-12-07 16:09:01,Connecting to WiFi...
2024-12-07 16:09:02,Connecting to WiFi...
2024-12-07 16:09:03,Connecting to WiFi...
2024-12-07 16:09:04,Connecting to WiFi...
2024-12-07 16:09:05,Connecting to WiFi...
2024-12-07 16:09:06,Connecting to WiFi...
2024-12-07 16:09:07,Connecting to WiFi...
2024-12-07 16:09:08,Connecting to WiFi...
2024-12-07 16:09:09,Connecting to WiFi...
2024-12-07 16:09:10,Connecting to WiFi...
2024-12-07 16:09:11,Connecting to WiFi...
2024-12-07 16:09:12,Connecting to WiFi...
2024-12-07 16:09:13,Connecting to WiFi...
2024-12-07 16:09:14,Connecting to WiFi...
2024-12-07 16:09:15,Connecting to WiFi...
2024-12-07 16:09:16,Connecting to WiFi...
2024-12-07 16:09:17,Connecting to WiFi...
2024-12-07 16:09:18,Connecting to WiFi...
2024-12-07 16:09:19,Connecting to WiFi...
2024-12-07 16:09:20,Connecting to WiFi...
2024-12-07 16:09:21,Connecting to WiFi...
2024-12-07 16:09:22,Connecting to WiFi...
2024-12-07 16:09:23,Connecting to WiFi...
2024-12-07 16:09:24,Connecting to WiFi...
2024-12-07 16:09:25,Connecting to WiFi...
2024-12-07 16:09:26,Connecting to WiFi...
2024-12-07 16:09:27,Connecting to WiFi...
2024-12-07 16:09:28,Connecting to WiFi...
2024-12-07 16:09:29,Connecting to WiFi...
2024-12-07 16:09:30,Connecting to WiFi...
2024-12-07 16:09:31,Connecting to WiFi...
2024-12-07 16:09:32,Connecting to WiFi...
2024-12-07 16:09:33,Connecting to WiFi...
2024-12-07 16:09:34,Connecting to WiFi...
2024-12-07 16:09:35,Connecting to WiFi...
2024-12-07 16:09:36,Connecting to WiFi...
2024-12-07 16:09:37,Connecting to WiFi...
2024-12-07 16:09:38,Connecting to WiFi...
2024-12-07 16:09:39,Connecting to WiFi...
2024-12-07 16:09:40,Connecting to WiFi...
2024-12-07 16:09:41,Connecting to WiFi...
2024-12-07 16:09:42,Connecting to WiFi...
2024-12-07 16:09:43,Connecting to WiFi...
2024-12-07 16:09:44,Connecting to WiFi...
2024-12-07 16:09:45,Connecting to WiFi...
2024-12-07 16:09:46,Connecting to WiFi...
2024-12-07 16:09:47,Connecting to WiFi...
2024-12-07 16:09:48,Connecting to WiFi...
2024-12-07 16:09:49,Connecting to WiFi...
2024-12-07 16:09:50,Connecting to WiFi...
2024-12-07 16:09:51,Connecting to WiFi...
2024-12-07 16:09:52,Connecting to WiFi...
2024-12-07 16:09:53,Connecting to WiFi...
2024-12-07 16:09:54,Connecting to WiFi...
2024-12-07 16:09:55,Connecting to WiFi...
2024-12-07 16:09:56,Connecting to WiFi...
2024-12-07 16:09:57,Connecting to WiFi...
2024-12-07 16:09:58,Connecting to WiFi...
2024-12-07 16:09:59,Connecting to WiFi...
2024-12-07 16:10:00,Connecting to WiFi...
2024-12-07 16:10:01,Connecting to WiFi...
2024-12-07 16:10:02,Connecting to WiFi...
2024-12-07 16:10:03,Connecting to WiFi...
2024-12-07 16:10:04,Connecting to WiFi...
2024-12-07 16:10:05,Connecting to WiFi...
2024-12-07 16:10:06,Connecting to WiFi...
2024-12-07 16:10:07,Connecting to WiFi...
2024-12-07 16:10:08,Connecting to WiFi...
2024-12-07 16:10:09,Connecting to WiFi...
2024-12-07 16:10:10,Connecting to WiFi...
2024-12-07 16:10:11,Connecting to WiFi...
2024-12-07 16:10:12,Connecting to WiFi...
2024-12-07 16:10:13,Connecting to WiFi...
2024-12-07 16:10:14,Connecting to WiFi...
2024-12-07 16:10:15,Connecting to WiFi...
2024-12-07 16:10:16,Connecting to WiFi...
2024-12-07 16:10:17,Connecting to WiFi...
2024-12-07 16:10:18,Connecting to WiFi...
2024-12-07 16:10:19,Connecting to WiFi...
2024-12-07 16:10:20,Connecting to WiFi...
2024-12-07 16:10:21,Connecting to WiFi...
2024-12-07 16:10:22,Connecting to WiFi...
2024-12-07 16:10:23,Connecting to WiFi...
2024-12-07 16:10:24,Connecting to WiFi...
2024-12-07 16:10:25,Connecting to WiFi...
2024-12-07 16:10:26,Connecting to WiFi...
2024-12-07 16:10:27,Connecting to WiFi...
2024-12-07 16:10:28,Connecting to WiFi...
2024-12-07 16:10:29,Connecting to WiFi...
2024-12-07 16:10:30,Connecting to WiFi...
2024-12-07 16:10:31,Connecting to WiFi...
2024-12-07 16:10:32,Connecting to WiFi...
2024-12-07 16:10:33,Connecting to WiFi...
2024-12-07 16:10:34,Connecting to WiFi...
2024-12-07 16:10:35,Connecting to WiFi...
2024-12-07 16:10:36,Connecting to WiFi...
2024-12-07 16:10:37,Connecting to WiFi...
2024-12-07 16:10:38,Connecting to WiFi...
2024-12-07 16:10:39,Connecting to WiFi...
2024-12-07 16:10:40,Connecting to WiFi...
2024-12-07 16:10:41,Connecting to WiFi...
2024-12-07 16:10:42,Connecting to WiFi...
2024-12-07 16:10:43,Connecting to WiFi...
2024-12-07 16:10:44,Connecting to WiFi...
2024-12-07 16:10:45,Connecting to WiFi...
2024-12-07 16:10:46,Connecting to WiFi...
2024-12-07 16:10:47,Connecting to WiFi...
2024-12-07 16:10:48,Connecting to WiFi...
2024-12-07 16:10:49,Connecting to WiFi...
2024-12-07 16:10:50,Connecting to WiFi...
2024-12-07 16:10:51,Connecting to WiFi...
2024-12-07 16:10:52,Connecting to WiFi...
2024-12-07 16:10:53,Connecting to WiFi...
2024-12-07 16:10:54,Connecting to WiFi...
2024-12-07 16:10:55,Connecting to WiFi...
2024-12-07 16:10:56,Connecting to WiFi...
2024-12-07 16:10:57,Connecting to WiFi...
2024-12-07 16:10:58,Connecting to WiFi...
2024-12-07 16:10:59,Connecting to WiFi...
2024-12-07 16:11:00,Connecting to WiFi...
2024-12-07 16:11:01,Connecting to WiFi...
2024-12-07 16:11:02,Connecting to WiFi...
2024-12-07 16:11:03,Connecting to WiFi...
2024-12-07 16:11:04,Connecting to WiFi...
2024-12-07 16:11:05,Connecting to WiFi...
2024-12-07 16:11:06,Connecting to WiFi...
2024-12-07 16:11:07,Connecting to WiFi...
2024-12-07 16:11:08,Connecting to WiFi...
2024-12-07 16:11:09,Connecting to WiFi...
2024-12-07 16:11:10,Connecting to WiFi...
2024-12-07 16:11:11,Connecting to WiFi...
2024-12-07 16:11:12,Connecting to WiFi...
2024-12-07 16:11:13,Connecting to WiFi...
2024-12-07 16:11:14,Connecting to WiFi...
2024-12-07 16:11:15,Connecting to WiFi...
2024-12-07 16:11:16,Connecting to WiFi...
2024-12-07 16:11:17,Connecting to WiFi...
2024-12-07 16:11:18,Connecting to WiFi...
2024-12-07 16:11:19,Connecting to WiFi...
2024-12-07 16:11:20,Connecting to WiFi...
2024-12-07 16:11:21,Connecting to WiFi...
2024-12-07 16:11:22,Connecting to WiFi...
2024-12-07 16:11:23,Connecting to WiFi...
2024-12-07 16:11:24,Connecting to WiFi...
2024-12-07 16:11:25,Connecting to WiFi...
2024-12-07 16:11:26,Connecting to WiFi...
2024-12-07 16:11:27,Connecting to WiFi...
2024-12-07 16:11:28,Connecting to WiFi...
2024-12-07 16:11:29,Connecting to WiFi...
2024-12-07 16:11:30,Connecting to WiFi...
2024-12-07 16:11:31,Connecting to WiFi...
2024-12-07 16:11:32,Connecting to WiFi...
2024-12-07 16:11:33,Connecting to WiFi...
2024-12-07 16:11:34,Connecting to WiFi...
2024-12-07 16:11:35,Connecting to WiFi...
2024-12-07 16:11:36,Connecting to WiFi...
2024-12-07 16:11:37,Connecting to WiFi...
2024-12-07 16:11:38,Connecting to WiFi...
2024-12-07 16:11:39,Connecting to WiFi...
2024-12-07 16:11:40,Connecting to WiFi...
2024-12-07 16:11:41,Connecting to WiFi...
2024-12-07 16:11:42,Connecting to WiFi...
2024-12-07 16:11:43,Connecting to WiFi...
2024-12-07 16:11:44,Connecting to WiFi...
2024-12-07 16:11:45,Connecting to WiFi...
2024-12-07 16:11:46,Connecting to WiFi...
2024-12-07 16:11:47,Connecting to WiFi...
2024-12-07 16:11:48,Connecting to WiFi...
2024-12-07 16:11:49,Connecting to WiFi...
2024-12-07 16:11:50,Connecting to WiFi...
2024-12-07 16:11:51,Connecting to WiFi...
2024-12-07 16:11:52,Connecting to WiFi...
2024-12-07 16:11:53,Connecting to WiFi...
2024-12-07 16:11:54,Connecting to WiFi...
2024-12-07 16:11:55,Connecting to WiFi...
2024-12-07 16:11:56,Connecting to WiFi...
2024-12-07 16:11:57,Connecting to WiFi...
2024-12-07 16:11:58,Connecting to WiFi...
2024-12-07 16:11:59,Connecting to WiFi...
2024-12-07 16:12:00,Connecting to WiFi...
2024-12-07 16:12:01,Connecting to WiFi...
2024-12-07 16:12:02,Connecting to WiFi...
2024-12-07 16:12:03,Connecting to WiFi...
2024-12-07 16:12:04,Connecting to WiFi...
2024-12-07 16:12:05,Connecting to WiFi...
2024-12-07 16:12:06,Connecting to WiFi...
2024-12-07 16:12:07,Connecting to WiFi...
2024-12-07 16:12:08,Connecting to WiFi...
2024-12-07 16:12:09,Connecting to WiFi...
2024-12-07 16:12:10,Connecting to WiFi...
2024-12-07 16:12:11,Connecting to WiFi...
2024-12-07 16:12:12,Connecting to WiFi...
2024-12-07 16:12:13,Connecting to WiFi...
2024-12-07 16:12:14,Connecting to WiFi...
2024-12-07 16:12:15,Connecting to WiFi...
2024-12-07 16:12:16,Connecting to WiFi...
2024-12-07 16:12:17,Connecting to WiFi...
2024-12-07 16:12:18,Connecting to WiFi...
2024-12-07 16:12:19,Connecting to WiFi...
2024-12-07 16:12:20,Connecting to WiFi...
2024-12-07 16:12:21,Connecting to WiFi...
2024-12-07 16:12:22,Connecting to WiFi...
2024-12-07 16:12:23,Connecting to WiFi...
2024-12-07 16:12:24,Connecting to WiFi...
2024-12-07 16:12:25,Connecting to WiFi...
2024-12-07 16:12:26,Connecting to WiFi...
2024-12-07 16:12:27,Connecting to WiFi...
2024-12-07 16:12:28,Connecting to WiFi...
2024-12-07 16:12:29,Connecting to WiFi...
2024-12-07 16:12:30,Connecting to WiFi...
2024-12-07 16:12:31,Connecting to WiFi...
2024-12-07 16:12:32,Connecting to WiFi...
2024-12-07 16:12:33,Connecting to WiFi...
2024-12-07 16:12:34,Connecting to WiFi...
2024-12-07 16:12:35,Connecting to WiFi...
2024-12-07 16:12:36,Connecting to WiFi...
2024-12-07 16:12:37,Connecting to WiFi...
2024-12-07 16:12:38,Connecting to WiFi...
2024-12-07 16:12:39,Connecting to WiFi...
2024-12-07 16:12:40,Connecting to WiFi...
2024-12-07 16:12:41,Connecting to WiFi...
2024-12-07 16:12:42,Connecting to WiFi...
2024-12-07 16:12:43,Connecting to WiFi...
2024-12-07 16:12:44,Connecting to WiFi...
2024-12-07 16:12:45,Connecting to WiFi...
2024-12-07 16:12:46,Connecting to WiFi...
2024-12-07 16:12:47,Connecting to WiFi...
2024-12-07 16:12:48,Connecting to WiFi...
2024-12-07 16:12:49,Connecting to WiFi...
2024-12-07 16:12:50,Connecting to WiFi...
2024-12-07 16:12:51,Connecting to WiFi...
2024-12-07 16:12:52,Connecting to WiFi...
2024-12-07 16:12:53,Connecting to WiFi...
2024-12-07 16:12:54,Connecting to WiFi...
2024-12-07 16:12:55,Connecting to WiFi...
2024-12-07 16:12:56,Connecting to WiFi...
2024-12-07 16:12:57,Connecting to WiFi...
2024-12-07 16:12:58,Connecting to WiFi...
2024-12-07 16:12:59,Connecting to WiFi...
2024-12-07 16:13:00,Connecting to WiFi...
2024-12-07 16:13:01,Connecting to WiFi...
2024-12-07 16:13:02,Connecting to WiFi...
2024-12-07 16:13:03,Connecting to WiFi...
2024-12-07 16:13:04,Connecting to WiFi...
2024-12-07 16:13:05,Connecting to WiFi...
2024-12-07 16:13:06,Connecting to WiFi...
2024-12-07 16:13:07,Connecting to WiFi...
2024-12-07 16:13:08,Connecting to WiFi...
2024-12-07 16:13:09,Connecting to WiFi...
2024-12-07 16:13:10,Connecting to WiFi...
2024-12-07 16:13:11,Connecting to WiFi...
2024-12-07 16:13:12,Connecting to WiFi...
2024-12-07 16:13:13,Connecting to WiFi...
2024-12-07 16:13:14,Connecting to WiFi...
2024-12-07 16:13:15,Connecting to WiFi...
2024-12-07 16:13:16,Connecting to WiFi...
2024-12-07 16:13:17,Connecting to WiFi...
2024-12-07 16:13:18,Connecting to WiFi...
2024-12-07 16:13:19,Connecting to WiFi...
2024-12-07 16:13:20,Connecting to WiFi...
2024-12-07 16:13:21,Connecting to WiFi...
2024-12-07 16:13:22,Connecting to WiFi...
2024-12-07 16:13:23,Connecting to WiFi...
2024-12-07 16:13:24,Connecting to WiFi...
2024-12-07 16:13:25,Connecting to WiFi...
2024-12-07 16:13:26,Connecting to WiFi...
2024-12-07 16:13:27,Connecting to WiFi...
2024-12-07 16:13:28,Connecting to WiFi...
2024-12-07 16:13:29,Connecting to WiFi...
2024-12-07 16:13:30,Connecting to WiFi...
2024-12-07 16:13:31,Connecting to WiFi...
2024-12-07 16:13:32,Connecting to WiFi...
2024-12-07 16:13:33,Connecting to WiFi...
2024-12-07 16:13:34,Connecting to WiFi...
2024-12-07 16:13:35,Connecting to WiFi...
2024-12-07 16:13:36,Connecting to WiFi...
2024-12-07 16:13:37,Connecting to WiFi...
2024-12-07 16:13:38,Connecting to WiFi...
2024-12-07 16:13:39,Connecting to WiFi...
2024-12-07 16:13:40,Connecting to WiFi...
2024-12-07 16:13:41,Connecting to WiFi...
2024-12-07 16:13:42,Connecting to WiFi...
2024-12-07 16:13:43,Connecting to WiFi...
2024-12-07 16:13:44,Connecting to WiFi...
2024-12-07 16:13:45,Connecting to WiFi...
2024-12-07 16:13:46,Connecting to WiFi...
2024-12-07 16:13:47,Connecting to WiFi...
2024-12-07 16:13:48,Connecting to WiFi...
2024-12-07 16:13:49,Connecting to WiFi...
2024-12-07 16:13:50,Connecting to WiFi...
2024-12-07 16:13:51,Connecting to WiFi...
2024-12-07 16:13:52,Connecting to WiFi...
2024-12-07 16:13:53,Connecting to WiFi...
2024-12-07 16:13:54,Connecting to WiFi...
2024-12-07 16:13:55,Connecting to WiFi...
2024-12-07 16:13:56,Connecting to WiFi...
2024-12-07 16:13:57,Connecting to WiFi...
2024-12-07 16:13:58,Connecting to WiFi...
2024-12-07 16:13:59,Connecting to WiFi...
2024-12-07 16:14:00,Connecting to WiFi...
2024-12-07 16:14:01,Connecting to WiFi...
2024-12-07 16:14:02,Connecting to WiFi...
2024-12-07 16:14:03,Connecting to WiFi...
2024-12-07 16:14:04,Connecting to WiFi...
2024-12-07 16:14:05,Connecting to WiFi...
2024-12-07 16:14:06,Connecting to WiFi...
2024-12-07 16:14:07,Connecting to WiFi...
2024-12-07 16:14:08,Connecting to WiFi...
2024-12-07 16:14:09,Connecting to WiFi...
2024-12-07 16:14:10,Connecting to WiFi...
2024-12-07 16:14:11,Connecting to WiFi...
2024-12-07 16:14:12,Connecting to WiFi...
2024-12-07 16:14:13,Connecting to WiFi...
2024-12-07 16:14:14,Connecting to WiFi...
2024-12-07 16:14:15,Connecting to WiFi...
2024-12-07 16:14:16,Connecting to WiFi...
2024-12-07 16:14:17,Connecting to WiFi...
2024-12-07 16:14:18,Connecting to WiFi...
2024-12-07 16:14:19,Connecting to WiFi...
2024-12-07 16:14:20,Connecting to WiFi...
2024-12-07 16:14:21,Connecting to WiFi...
2024-12-07 16:14:22,Connecting to WiFi...
2024-12-07 16:14:23,Connecting to WiFi...
2024-12-07 16:14:24,Connecting to WiFi...
2024-12-07 16:14:25,Connecting to WiFi...
2024-12-07 16:14:26,Connecting to WiFi...
2024-12-07 16:14:27,Connecting to WiFi...
2024-12-07 16:14:28,Connecting to WiFi...
2024-12-07 16:14:29,Connecting to WiFi...
2024-12-07 16:14:30,Connecting to WiFi...
2024-12-07 16:14:31,Connecting to WiFi...
2024-12-07 16:14:32,Connecting to WiFi...
2024-12-07 16:14:33,Connecting to WiFi...
2024-12-07 16:14:34,Connecting to WiFi...
2024-12-07 16:14:35,Connecting to WiFi...
2024-12-07 16:14:36,Connecting to WiFi...
2024-12-07 16:14:37,Connecting to WiFi...
2024-12-07 16:14:38,Connecting to WiFi...
2024-12-07 16:14:39,Connecting to WiFi...
2024-12-07 16:14:40,Connecting to WiFi...
2024-12-07 16:14:41,Connecting to WiFi...
2024-12-07 16:14:42,Connecting to WiFi...
2024-12-07 16:14:43,Connecting to WiFi...
2024-12-07 16:14:44,Connecting to WiFi...
2024-12-07 16:14:45,Connecting to WiFi...
2024-12-07 16:14:46,Connecting to WiFi...
2024-12-07 16:14:47,Connecting to WiFi...
2024-12-07 16:14:48,Connecting to WiFi...
2024-12-07 16:14:49,Connecting to WiFi...
2024-12-07 16:14:50,Connecting to WiFi...
2024-12-07 16:14:51,Connecting to WiFi...
2024-12-07 16:14:52,Connecting to WiFi...
2024-12-07 16:14:53,Connecting to WiFi...
2024-12-07 16:14:54,Connecting to WiFi...
2024-12-07 16:14:55,Connecting to WiFi...
2024-12-07 16:14:56,Connecting to WiFi...
2024-12-07 16:14:57,Connecting to WiFi...
2024-12-07 16:14:58,Connecting to WiFi...
2024-12-07 16:14:59,Connecting to WiFi...
2024-12-07 16:15:00,Connecting to WiFi...
2024-12-07 16:15:01,Connecting to WiFi...
2024-12-07 16:15:02,Connecting to WiFi...
2024-12-07 16:15:03,Connecting to WiFi...
2024-12-07 16:15:04,Connecting to WiFi...
2024-12-07 16:15:05,Connecting to WiFi...
2024-12-07 16:15:06,Connecting to WiFi...
2024-12-07 16:15:07,Connecting to WiFi...
2024-12-07 16:15:08,Connecting to WiFi...
2024-12-07 16:15:09,Connecting to WiFi...
2024-12-07 16:15:10,Connecting to WiFi...
2024-12-07 16:15:11,Connecting to WiFi...
2024-12-07 16:15:12,Connecting to WiFi...
2024-12-07 16:15:13,Connecting to WiFi...
2024-12-07 16:15:14,Connecting to WiFi...
2024-12-07 16:15:15,Connecting to WiFi...
2024-12-07 16:15:16,Connecting to WiFi...
2024-12-07 16:15:17,Connecting to WiFi...
2024-12-07 16:15:18,Connecting to WiFi...
2024-12-07 16:15:19,Connecting to WiFi...
2024-12-07 16:15:20,Connecting to WiFi...
2024-12-07 16:15:21,Connecting to WiFi...
2024-12-07 16:15:22,Connecting to WiFi...
2024-12-07 16:15:23,Connecting to WiFi...
2024-12-07 16:15:24,Connecting to WiFi...
2024-12-07 16:15:25,Connecting to WiFi...
2024-12-07 16:15:26,Connecting to WiFi...
2024-12-07 16:15:27,Connecting to WiFi...
2024-12-07 16:15:28,Connecting to WiFi...
2024-12-07 16:15:29,Connecting to WiFi...
2024-12-07 16:15:30,Connecting to WiFi...
2024-12-07 16:15:31,Connecting to WiFi...
2024-12-07 16:15:32,Connecting to WiFi...
2024-12-07 16:15:33,Connecting to WiFi...
2024-12-07 16:15:34,Connecting to WiFi...
2024-12-07 16:15:35,Connecting to WiFi...
2024-12-07 16:15:36,Connecting to WiFi...
2024-12-07 16:15:37,Connecting to WiFi...
2024-12-07 16:15:38,Connecting to WiFi...
2024-12-07 16:15:39,Connecting to WiFi...
2024-12-07 16:15:40,Connecting to WiFi...
2024-12-07 16:15:41,Connecting to WiFi...
2024-12-07 16:15:42,Connecting to WiFi...
2024-12-07 16:15:43,Connecting to WiFi...
2024-12-07 16:15:44,Connecting to WiFi...
2024-12-07 16:15:45,Connecting to WiFi...
2024-12-07 16:15:46,Connecting to WiFi...
2024-12-07 16:15:47,Connecting to WiFi...
2024-12-07 16:15:48,Connecting to WiFi...
2024-12-07 16:15:49,Connecting to WiFi...
2024-12-07 16:15:50,Connecting to WiFi...
2024-12-07 16:15:51,Connecting to WiFi...
2024-12-07 16:15:52,Connecting to WiFi...
2024-12-07 16:15:53,Connecting to WiFi...
2024-12-07 16:15:54,Connecting to WiFi...
2024-12-07 16:15:55,Connecting to WiFi...
2024-12-07 16:15:56,Connecting to WiFi...
2024-12-07 16:15:57,Connecting to WiFi...
2024-12-07 16:15:58,Connecting to WiFi...
2024-12-07 16:15:59,Connecting to WiFi...
2024-12-07 16:16:00,Connecting to WiFi...
2024-12-07 16:16:01,Connecting to WiFi...
2024-12-07 16:16:02,Connecting to WiFi...
2024-12-07 16:16:03,Connecting to WiFi...
2024-12-07 16:16:04,Connecting to WiFi...
2024-12-07 16:16:05,Connecting to WiFi...
2024-12-07 16:16:06,Connecting to WiFi...
2024-12-07 16:16:07,Connecting to WiFi...
2024-12-07 16:16:08,Connecting to WiFi...
2024-12-07 16:16:09,Connecting to WiFi...
2024-12-07 16:16:10,Connecting to WiFi...
2024-12-07 16:16:11,Connecting to WiFi...
2024-12-07 16:16:12,Connecting to WiFi...
2024-12-07 16:16:13,Connecting to WiFi...
2024-12-07 16:16:14,Connecting to WiFi...
2024-12-07 16:16:15,Connecting to WiFi...
2024-12-07 16:16:16,Connecting to WiFi...
2024-12-07 16:16:17,Connecting to WiFi...
2024-12-07 16:16:18,Connecting to WiFi...
2024-12-07 16:16:19,Connecting to WiFi...
2024-12-07 16:16:20,Connecting to WiFi...
2024-12-07 16:16:21,Connecting to WiFi...
2024-12-07 16:16:22,Connecting to WiFi...
2024-12-07 16:16:23,Connecting to WiFi...
2024-12-07 16:16:24,Connecting to WiFi...
2024-12-07 16:16:25,Connecting to WiFi...
2024-12-07 16:16:26,Connecting to WiFi...
2024-12-07 16:16:27,Connecting to WiFi...
2024-12-07 16:16:28,Connecting to WiFi...
2024-12-07 16:16:29,Connecting to WiFi...
2024-12-07 16:16:30,Connecting to WiFi...
2024-12-07 16:16:31,Connecting to WiFi...
2024-12-07 16:16:32,Connecting to WiFi...
2024-12-07 16:16:33,Connecting to WiFi...
2024-12-07 16:16:34,Connecting to WiFi...
2024-12-07 16:16:35,Connecting to WiFi...
2024-12-07 16:16:36,Connecting to WiFi...
2024-12-07 16:16:37,Connecting to WiFi...
2024-12-07 16:16:38,Connecting to WiFi...
2024-12-07 16:16:39,Connecting to WiFi...
2024-12-07 16:16:40,Connecting to WiFi...
2024-12-07 16:16:41,Connecting to WiFi...
2024-12-07 16:16:42,Connecting to WiFi...
2024-12-07 16:16:43,Connecting to WiFi...
2024-12-07 16:16:44,Connecting to WiFi...
2024-12-07 16:16:45,Connecting to WiFi...
2024-12-07 16:16:46,Connecting to WiFi...
2024-12-07 16:16:47,Connecting to WiFi...
2024-12-07 16:16:48,Connecting to WiFi...
2024-12-07 16:16:49,Connecting to WiFi...
2024-12-07 16:16:50,Connecting to WiFi...
2024-12-07 16:16:51,Connecting to WiFi...
2024-12-07 16:16:52,Connecting to WiFi...
2024-12-07 16:16:53,Connecting to WiFi...
2024-12-07 16:16:54,Connecting to WiFi...
2024-12-07 16:16:55,Connecting to WiFi...
2024-12-07 16:16:56,Connecting to WiFi...
2024-12-07 16:16:57,Connecting to WiFi...
2024-12-07 16:16:58,Connecting to WiFi...
2024-12-07 16:16:59,Connecting to WiFi...
2024-12-07 16:17:00,Connecting to WiFi...
2024-12-07 16:17:01,Connecting to WiFi...
2024-12-07 16:17:02,Connecting to WiFi...
2024-12-07 16:17:03,Connecting to WiFi...
2024-12-07 16:17:04,Connecting to WiFi...
2024-12-07 16:17:05,Connecting to WiFi...
2024-12-07 16:17:06,Connecting to WiFi...
2024-12-07 16:17:07,Connecting to WiFi...
2024-12-07 16:17:08,Connecting to WiFi...
2024-12-07 16:17:09,Connecting to WiFi...
2024-12-07 16:17:10,Connecting to WiFi...
2024-12-07 16:17:11,Connecting to WiFi...
2024-12-07 16:17:12,Connecting to WiFi...
2024-12-07 16:17:13,Connecting to WiFi...
2024-12-07 16:17:14,Connecting to WiFi...
2024-12-07 16:17:15,Connecting to WiFi...
2024-12-07 16:17:16,Connecting to WiFi...
2024-12-07 16:17:17,Connecting to WiFi...
2024-12-07 16:17:18,Connecting to WiFi...
2024-12-07 16:17:19,Connecting to WiFi...
2024-12-07 16:17:20,Connecting to WiFi...
2024-12-07 16:17:21,Connecting to WiFi...
2024-12-07 16:17:22,Connecting to WiFi...
2024-12-07 16:17:23,Connecting to WiFi...
2024-12-07 16:17:24,Connecting to WiFi...
2024-12-07 16:17:25,Connecting to WiFi...
2024-12-07 16:17:26,Connecting to WiFi...
2024-12-07 16:17:27,Connecting to WiFi...
2024-12-07 16:17:28,Connecting to WiFi...
2024-12-07 16:17:29,Connecting to WiFi...
2024-12-07 16:17:30,Connecting to WiFi...
2024-12-07 16:17:31,Connecting to WiFi...
2024-12-07 16:17:32,Connecting to WiFi...
2024-12-07 16:17:33,Connecting to WiFi...
2024-12-07 16:17:34,Connecting to WiFi...
2024-12-07 16:17:35,Connecting to WiFi...
2024-12-07 16:17:36,Connecting to WiFi...
2024-12-07 16:17:37,Connecting to WiFi...
2024-12-07 16:17:38,Connecting to WiFi...
2024-12-07 16:17:39,Connecting to WiFi...
2024-12-07 16:17:40,Connecting to WiFi...
2024-12-07 16:17:41,Connecting to WiFi...
2024-12-07 16:17:42,Connecting to WiFi...
2024-12-07 16:17:43,Connecting to WiFi...
2024-12-07 16:17:44,Connecting to WiFi...
2024-12-07 16:17:45,Connecting to WiFi...
2024-12-07 16:17:46,Connecting to WiFi...
2024-12-07 16:17:47,Connecting to WiFi...
2024-12-07 16:17:48,Connecting to WiFi...
2024-12-07 16:17:49,Connecting to WiFi...
2024-12-07 16:17:50,Connecting to WiFi...
2024-12-07 16:17:51,Connecting to WiFi...
2024-12-07 16:17:52,Connecting to WiFi...
2024-12-07 16:17:53,Connecting to WiFi...
2024-12-07 16:17:54,Connecting to WiFi...
2024-12-07 16:17:55,Connecting to WiFi...
2024-12-07 16:17:56,Connecting to WiFi...
2024-12-07 16:17:57,Connecting to WiFi...
2024-12-07 16:17:58,Connecting to WiFi...
2024-12-07 16:17:59,Connecting to WiFi...
2024-12-07 16:18:00,Connecting to WiFi...
2024-12-07 16:18:01,Connecting to WiFi...
2024-12-07 16:18:02,Connecting to WiFi...
2024-12-07 16:18:03,Connecting to WiFi...
2024-12-07 16:18:04,Connecting to WiFi...
2024-12-07 16:18:05,Connecting to WiFi...
2024-12-07 16:18:06,Connecting to WiFi...
2024-12-07 16:18:07,Connecting to WiFi...
2024-12-07 16:18:08,Connecting to WiFi...
2024-12-07 16:18:09,Connecting to WiFi...
2024-12-07 16:18:10,Connecting to WiFi...
2024-12-07 16:18:11,Connecting to WiFi...
2024-12-07 16:18:12,Connecting to WiFi...
2024-12-07 16:18:13,Connecting to WiFi...
2024-12-07 16:18:14,Connecting to WiFi...
2024-12-07 16:18:15,Connecting to WiFi...
2024-12-07 16:18:16,Connecting to WiFi...
2024-12-07 16:18:17,Connecting to WiFi...
2024-12-07 16:18:18,Connecting to WiFi...
2024-12-07 16:18:19,Connecting to WiFi...
2024-12-07 16:18:20,Connecting to WiFi...
2024-12-07 16:18:21,Connecting to WiFi...
2024-12-07 16:18:22,Connecting to WiFi...
2024-12-07 16:18:23,Connecting to WiFi...
2024-12-07 16:18:24,Connecting to WiFi...
2024-12-07 16:18:25,Connecting to WiFi...
2024-12-07 16:18:26,Connecting to WiFi...
2024-12-07 16:18:27,Connecting to WiFi...
2024-12-07 16:18:28,Connecting to WiFi...
2024-12-07 16:18:29,Connecting to WiFi...
2024-12-07 16:18:30,Connecting to WiFi...
2024-12-07 16:18:31,Connecting to WiFi...
2024-12-07 16:18:32,Connecting to WiFi...
2024-12-07 16:18:33,Connecting to WiFi...
2024-12-07 16:18:34,Connecting to WiFi...
2024-12-07 16:18:35,Connecting to WiFi...
2024-12-07 16:18:36,Connecting to WiFi...
2024-12-07 16:18:37,Connecting to WiFi...
2024-12-07 16:18:38,Connecting to WiFi...
2024-12-07 16:18:39,Connecting to WiFi...
2024-12-07 16:18:40,Connecting to WiFi...
2024-12-07 16:18:41,Connecting to WiFi...
2024-12-07 16:18:42,Connecting to WiFi...
2024-12-07 16:18:43,Connecting to WiFi...
2024-12-07 16:18:44,Connecting to WiFi...
2024-12-07 16:18:45,Connecting to WiFi...
2024-12-07 16:18:46,Connecting to WiFi...
2024-12-07 16:18:47,Connecting to WiFi...
2024-12-07 16:18:48,Connecting to WiFi...
2024-12-07 16:18:49,Connecting to WiFi...
2024-12-07 16:18:50,Connecting to WiFi...
2024-12-07 16:18:51,Connecting to WiFi...
2024-12-07 16:18:52,Connecting to WiFi...
2024-12-07 16:18:53,Connecting to WiFi...
2024-12-07 16:18:54,Connecting to WiFi...
2024-12-07 16:18:55,Connecting to WiFi...
2024-12-07 16:18:56,Connecting to WiFi...
2024-12-07 16:18:57,Connecting to WiFi...
2024-12-07 16:18:58,Connecting to WiFi...
2024-12-07 16:18:59,Connecting to WiFi...
2024-12-07 16:19:00,Connecting to WiFi...
2024-12-07 16:19:01,Connecting to WiFi...
2024-12-07 16:19:02,Connecting to WiFi...
2024-12-07 16:19:03,Connecting to WiFi...
2024-12-07 16:19:04,Connecting to WiFi...
2024-12-07 16:19:05,Connecting to WiFi...
2024-12-07 16:19:06,Connecting to WiFi...
2024-12-07 16:19:07,Connecting to WiFi...
2024-12-07 16:19:08,Connecting to WiFi...
2024-12-07 16:19:09,Connecting to WiFi...
2024-12-07 16:19:10,Connecting to WiFi...
2024-12-07 16:19:11,Connecting to WiFi...
2024-12-07 16:19:12,Connecting to WiFi...
2024-12-07 16:19:13,Connecting to WiFi...
2024-12-07 16:19:14,Connecting to WiFi...
2024-12-07 16:19:15,Connecting to WiFi...
2024-12-07 16:19:16,Connecting to WiFi...
2024-12-07 16:19:17,Connecting to WiFi...
2024-12-07 16:19:18,Connecting to WiFi...
2024-12-07 16:19:19,Connecting to WiFi...
2024-12-07 16:19:20,Connecting to WiFi...
2024-12-07 16:19:21,Connecting to WiFi...
2024-12-07 16:19:22,Connecting to WiFi...
2024-12-07 16:19:23,Connecting to WiFi...
2024-12-07 16:19:24,Connecting to WiFi...
2024-12-07 16:19:25,Connecting to WiFi...
2024-12-07 16:19:26,Connecting to WiFi...
2024-12-07 16:19:27,Connecting to WiFi...
2024-12-07 16:19:28,Connecting to WiFi...
2024-12-07 16:19:29,Connecting to WiFi...
2024-12-07 16:19:30,Connecting to WiFi...
2024-12-07 16:19:31,Connecting to WiFi...
2024-12-07 16:19:32,Connecting to WiFi...
2024-12-07 16:19:33,Connecting to WiFi...
2024-12-07 16:19:34,Connecting to WiFi...
2024-12-07 16:19:35,Connecting to WiFi...
2024-12-07 16:19:36,Connecting to WiFi...
2024-12-07 16:19:37,Connecting to WiFi...
2024-12-07 16:19:38,Connecting to WiFi...
2024-12-07 16:19:39,Connecting to WiFi...
2024-12-07 16:19:40,Connecting to WiFi...
2024-12-07 16:19:41,Connecting to WiFi...
2024-12-07 16:19:42,Connecting to WiFi...
2024-12-07 16:19:43,Connecting to WiFi...
2024-12-07 16:19:44,Connecting to WiFi...
2024-12-07 16:19:45,Connecting to WiFi...
2024-12-07 16:19:46,Connecting to WiFi...
2024-12-07 16:19:47,Connecting to WiFi...
2024-12-07 16:19:48,Connecting to WiFi...
2024-12-07 16:19:49,Connecting to WiFi...
2024-12-07 16:19:50,Connecting to WiFi...
2024-12-07 16:19:51,Connecting to WiFi...
2024-12-07 16:19:52,Connecting to WiFi...
2024-12-07 16:19:53,Connecting to WiFi...
2024-12-07 16:19:54,Connecting to WiFi...
2024-12-07 16:19:55,Connecting to WiFi...
2024-12-07 16:19:56,Connecting to WiFi...
2024-12-07 16:19:57,Connecting to WiFi...
2024-12-07 16:19:58,Connecting to WiFi...
2024-12-07 16:19:59,Connecting to WiFi...
2024-12-07 16:20:00,Connecting to WiFi...
2024-12-07 16:20:01,Connecting to WiFi...
2024-12-07 16:20:02,Connecting to WiFi...
2024-12-07 16:20:03,Connecting to WiFi...
2024-12-07 16:20:04,Connecting to WiFi...
2024-12-07 16:20:05,Connecting to WiFi...
2024-12-07 16:20:06,Connecting to WiFi...
2024-12-07 16:20:07,Connecting to WiFi...
2024-12-07 16:20:08,Connecting to WiFi...
2024-12-07 16:20:09,Connecting to WiFi...
2024-12-07 16:20:10,Connecting to WiFi...
2024-12-07 16:20:11,Connecting to WiFi...
2024-12-07 16:20:12,Connecting to WiFi...
2024-12-07 16:20:13,Connecting to WiFi...
2024-12-07 16:20:14,Connecting to WiFi...
2024-12-07 16:20:15,Connecting to WiFi...
2024-12-07 16:20:16,Connecting to WiFi...
2024-12-07 16:20:17,Connecting to WiFi...
2024-12-07 16:20:18,Connecting to WiFi...
2024-12-07 16:20:19,Connecting to WiFi...
2024-12-07 16:20:20,Connecting to WiFi...
2024-12-07 16:20:21,Connecting to WiFi...
2024-12-07 16:20:22,Connecting to WiFi...
2024-12-07 16:20:23,Connecting to WiFi...
2024-12-07 16:20:24,Connecting to WiFi...
2024-12-07 16:20:25,Connecting to WiFi...
2024-12-07 16:20:26,Connecting to WiFi...
2024-12-07 16:20:27,Connecting to WiFi...
2024-12-07 16:20:28,Connecting to WiFi...
2024-12-07 16:20:29,Connecting to WiFi...
2024-12-07 16:20:30,Connecting to WiFi...
2024-12-07 16:20:31,Connecting to WiFi...
2024-12-07 16:20:32,Connecting to WiFi...
2024-12-07 16:20:33,Connecting to WiFi...
2024-12-07 16:20:34,Connecting to WiFi...
2024-12-07 16:20:35,Connecting to WiFi...
2024-12-07 16:20:36,Connecting to WiFi...
2024-12-07 16:20:37,Connecting to WiFi...
2024-12-07 16:20:38,Connecting to WiFi...
2024-12-07 16:20:39,Connecting to WiFi...
2024-12-07 16:20:40,Connecting to WiFi...
2024-12-07 16:20:41,Connecting to WiFi...
2024-12-07 16:20:42,Connecting to WiFi...
2024-12-07 16:20:43,Connecting to WiFi...
2024-12-07 16:20:44,Connecting to WiFi...
2024-12-07 16:20:45,Connecting to WiFi...
2024-12-07 16:20:46,Connecting to WiFi...
2024-12-07 16:20:47,Connecting to WiFi...
2024-12-07 16:20:48,Connecting to WiFi...
2024-12-07 16:20:49,Connecting to WiFi...
2024-12-07 16:20:50,Connecting to WiFi...
2024-12-07 16:20:51,Connecting to WiFi...
2024-12-07 16:20:52,Connecting to WiFi...
2024-12-07 16:20:53,Connecting to WiFi...
2024-12-07 16:20:54,Connecting to WiFi...
2024-12-07 16:20:55,Connecting to WiFi...
2024-12-07 16:20:56,Connecting to WiFi...
2024-12-07 16:20:57,Connecting to WiFi...
2024-12-07 16:20:58,Connecting to WiFi...
2024-12-07 16:20:59,Connecting to WiFi...
2024-12-07 16:21:00,Connecting to WiFi...
2024-12-07 16:21:01,Connecting to WiFi...
2024-12-07 16:21:02,Connecting to WiFi...
2024-12-07 16:21:03,Connecting to WiFi...
2024-12-07 16:21:04,Connecting to WiFi...
2024-12-07 16:21:05,Connecting to WiFi...
2024-12-07 16:21:06,Connecting to WiFi...
2024-12-07 16:21:07,Connecting to WiFi...
2024-12-07 16:21:08,Connecting to WiFi...
2024-12-07 16:21:09,Connecting to WiFi...
2024-12-07 16:21:10,Connecting to WiFi...
2024-12-07 16:21:11,Connecting to WiFi...
2024-12-07 16:21:12,Connecting to WiFi...
2024-12-07 16:21:13,Connecting to WiFi...
2024-12-07 16:21:14,Connecting to WiFi...
2024-12-07 16:21:15,Connecting to WiFi...
2024-12-07 16:21:16,Connecting to WiFi...
2024-12-07 16:21:17,Connecting to WiFi...
2024-12-07 16:21:18,Connecting to WiFi...
2024-12-07 16:21:19,Connecting to WiFi...
2024-12-07 16:21:20,Connecting to WiFi...
2024-12-07 16:21:21,Connecting to WiFi...
2024-12-07 16:21:22,Connecting to WiFi...
2024-12-07 16:21:23,Connecting to WiFi...
2024-12-07 16:21:24,Connecting to WiFi...
2024-12-07 16:21:25,Connecting to WiFi...
2024-12-07 16:21:26,Connecting to WiFi...
2024-12-07 16:21:27,Connecting to WiFi...
2024-12-07 16:21:28,Connecting to WiFi...
2024-12-07 16:21:29,Connecting to WiFi...
2024-12-07 16:21:30,Connecting to WiFi...
2024-12-07 16:21:31,Connecting to WiFi...
2024-12-07 16:21:32,Connecting to WiFi...
2024-12-07 16:21:33,Connecting to WiFi...
2024-12-07 16:21:34,Connecting to WiFi...
2024-12-07 16:21:35,Connecting to WiFi...
2024-12-07 16:21:36,Connecting to WiFi...
2024-12-07 16:21:37,Connecting to WiFi...
2024-12-07 16:21:38,Connecting to WiFi...
2024-12-07 16:21:39,Connecting to WiFi...
2024-12-07 16:21:40,Connecting to WiFi...
2024-12-07 16:21:41,Connecting to WiFi...
2024-12-07 16:21:42,Connecting to WiFi...
2024-12-07 16:21:43,Connecting to WiFi...
2024-12-07 16:21:44,Connecting to WiFi...
2024-12-07 16:21:45,Connecting to WiFi...
2024-12-07 16:21:46,Connecting to WiFi...
2024-12-07 16:21:47,Connecting to WiFi...
2024-12-07 16:21:48,Connecting to WiFi...
2024-12-07 16:21:49,Connecting to WiFi...
2024-12-07 16:21:50,Connecting to WiFi...
2024-12-07 16:21:51,Connecting to WiFi...
2024-12-07 16:21:52,Connecting to WiFi...
2024-12-07 16:21:53,Connecting to WiFi...
2024-12-07 16:21:54,Connecting to WiFi...
2024-12-07 16:21:55,Connecting to WiFi...
2024-12-07 16:21:56,Connecting to WiFi...
2024-12-07 16:21:57,Connecting to WiFi...
2024-12-07 16:21:58,Connecting to WiFi...
2024-12-07 16:21:59,Connecting to WiFi...
2024-12-07 16:22:00,Connecting to WiFi...
2024-12-07 16:22:01,Connecting to WiFi...
2024-12-07 16:22:02,Connecting to WiFi...
2024-12-07 16:22:03,Connecting to WiFi...
2024-12-07 16:22:04,Connecting to WiFi...
2024-12-07 16:22:05,Connecting to WiFi...
2024-12-07 16:22:06,Connecting to WiFi...
2024-12-07 16:22:07,Connecting to WiFi...
2024-12-07 16:22:08,Connecting to WiFi...
2024-12-07 16:22:09,Connecting to WiFi...
2024-12-07 16:22:10,Connecting to WiFi...
2024-12-07 16:22:11,Connecting to WiFi...
2024-12-07 16:22:12,Connecting to WiFi...
2024-12-07 16:22:13,Connecting to WiFi...
2024-12-07 16:22:14,Connecting to WiFi...
2024-12-07 16:22:15,Connecting to WiFi...
2024-12-07 16:22:16,Connecting to WiFi...
2024-12-07 16:22:17,Connecting to WiFi...
2024-12-07 16:22:18,Connecting to WiFi...
2024-12-07 16:22:19,Connecting to WiFi...
2024-12-07 16:22:20,Connecting to WiFi...
2024-12-07 16:22:21,Connecting to WiFi...
2024-12-07 16:22:22,Connecting to WiFi...
2024-12-07 16:22:23,Connecting to WiFi...
2024-12-07 16:22:24,Connecting to WiFi...
2024-12-07 16:22:25,Connecting to WiFi...
2024-12-07 16:22:26,Connecting to WiFi...
2024-12-07 16:22:27,Connecting to WiFi...
2024-12-07 16:22:28,Connecting to WiFi...
2024-12-07 16:22:29,Connecting to WiFi...
2024-12-07 16:22:30,Connecting to WiFi...
2024-12-07 16:22:31,Connecting to WiFi...
2024-12-07 16:22:32,Connecting to WiFi...
2024-12-07 16:22:33,Connecting to WiFi...
2024-12-07 16:22:34,Connecting to WiFi...
2024-12-07 16:22:35,Connecting to WiFi...
2024-12-07 16:22:36,Connecting to WiFi...
2024-12-07 16:22:37,Connecting to WiFi...
2024-12-07 16:22:38,Connecting to WiFi...
2024-12-07 16:22:39,Connecting to WiFi...
2024-12-07 16:22:40,Connecting to WiFi...
2024-12-07 16:22:41,Connecting to WiFi...
2024-12-07 16:22:42,Connecting to WiFi...
2024-12-07 16:22:43,Connecting to WiFi...
2024-12-07 16:22:44,Connecting to WiFi...
2024-12-07 16:22:45,Connecting to WiFi...
2024-12-07 16:22:46,Connecting to WiFi...
2024-12-07 16:22:47,Connecting to WiFi...
2024-12-07 16:22:48,Connecting to WiFi...
2024-12-07 16:22:49,Connecting to WiFi...
2024-12-07 16:22:50,Connecting to WiFi...
2024-12-07 16:22:51,Connecting to WiFi...
2024-12-07 16:22:52,Connecting to WiFi...
2024-12-07 16:22:53,Connecting to WiFi...
2024-12-07 16:22:54,Connecting to WiFi...
2024-12-07 16:22:55,Connecting to WiFi...
2024-12-07 16:22:56,Connecting to WiFi...
2024-12-07 16:22:57,Connecting to WiFi...
2024-12-07 16:22:58,Connecting to WiFi...
2024-12-07 16:22:59,Connecting to WiFi...
2024-12-07 16:23:00,Connecting to WiFi...
2024-12-07 16:23:01,Connecting to WiFi...
2024-12-07 16:23:02,Connecting to WiFi...
2024-12-07 16:23:03,Connecting to WiFi...
2024-12-07 16:23:04,Connecting to WiFi...
2024-12-07 16:23:05,Connecting to WiFi...
2024-12-07 16:23:06,Connecting to WiFi...
2024-12-07 16:23:07,Connecting to WiFi...
2024-12-07 16:23:08,Connecting to WiFi...
2024-12-07 16:23:09,Connecting to WiFi...
2024-12-07 16:23:10,Connecting to WiFi...
2024-12-07 16:23:11,Connecting to WiFi...
2024-12-07 16:23:12,Connecting to WiFi...
2024-12-07 16:23:13,Connecting to WiFi...
2024-12-07 16:23:14,Connecting to WiFi...
2024-12-07 16:23:15,Connecting to WiFi...
2024-12-07 16:23:16,Connecting to WiFi...
2024-12-07 16:23:17,Connecting to WiFi...
2024-12-07 16:23:18,Connecting to WiFi...
2024-12-07 16:23:19,Connecting to WiFi...
2024-12-07 16:23:20,Connecting to WiFi...
2024-12-07 16:23:21,Connecting to WiFi...
2024-12-07 16:23:22,Connecting to WiFi...
2024-12-07 16:23:23,Connecting to WiFi...
2024-12-07 16:23:24,Connecting to WiFi...
2024-12-07 16:23:25,Connecting to WiFi...
2024-12-07 16:23:26,Connecting to WiFi...
2024-12-07 16:23:27,Connecting to WiFi...
2024-12-07 16:23:28,Connecting to WiFi...
2024-12-07 16:23:29,Connecting to WiFi...
2024-12-07 16:23:30,Connecting to WiFi...
2024-12-07 16:23:31,Connecting to WiFi...
2024-12-07 16:23:32,Connecting to WiFi...
2024-12-07 16:23:33,Connecting to WiFi...
2024-12-07 16:23:34,Connecting to WiFi...
2024-12-07 16:23:35,Connecting to WiFi...
2024-12-07 16:23:36,Connecting to WiFi...
2024-12-07 16:23:37,Connecting to WiFi...
2024-12-07 16:23:38,Connecting to WiFi...
2024-12-07 16:23:39,Connecting to WiFi...
2024-12-07 16:23:40,Connecting to WiFi...
2024-12-07 16:23:41,Connecting to WiFi...
2024-12-07 16:23:42,Connecting to WiFi...
2024-12-07 16:23:43,Connecting to WiFi...
2024-12-07 16:23:44,Connecting to WiFi...
2024-12-07 16:23:45,Connecting to WiFi...
2024-12-07 16:23:46,Connecting to WiFi...
2024-12-07 16:23:47,Connecting to WiFi...
2024-12-07 16:23:48,Connecting to WiFi...
2024-12-07 16:23:49,Connecting to WiFi...
2024-12-07 16:23:50,Connecting to WiFi...
2024-12-07 16:23:51,Connecting to WiFi...
2024-12-07 16:23:52,Connecting to WiFi...
2024-12-07 16:23:53,Connecting to WiFi...
2024-12-07 16:23:54,Connecting to WiFi...
2024-12-07 16:23:55,Connecting to WiFi...
2024-12-07 16:23:56,Connecting to WiFi...
2024-12-07 16:23:57,Connecting to WiFi...
2024-12-07 16:23:58,Connecting to WiFi...
2024-12-07 16:23:59,Connecting to WiFi...
2024-12-07 16:24:00,Connecting to WiFi...
2024-12-07 16:24:01,Connecting to WiFi...
2024-12-07 16:24:02,Connecting to WiFi...
2024-12-07 16:24:03,Connecting to WiFi...
2024-12-07 16:24:04,Connecting to WiFi...
2024-12-07 16:24:05,Connecting to WiFi...
2024-12-07 16:24:06,Connecting to WiFi...
2024-12-07 16:24:07,Connecting to WiFi...
2024-12-07 16:24:08,Connecting to WiFi...
2024-12-07 16:24:09,Connecting to WiFi...
2024-12-07 16:24:10,Connecting to WiFi...
2024-12-07 16:24:11,Connecting to WiFi...
2024-12-07 16:24:12,Connecting to WiFi...
2024-12-07 16:24:13,Connecting to WiFi...
2024-12-07 16:24:14,Connecting to WiFi...
2024-12-07 16:24:15,Connecting to WiFi...
2024-12-07 16:24:16,Connecting to WiFi...
2024-12-07 16:24:17,Connecting to WiFi...
2024-12-07 16:24:18,Connecting to WiFi...
2024-12-07 16:24:19,Connecting to WiFi...
2024-12-07 16:24:20,Connecting to WiFi...
2024-12-07 16:24:21,Connecting to WiFi...
2024-12-07 16:24:22,Connecting to WiFi...
2024-12-07 16:24:23,Connecting to WiFi...
2024-12-07 16:24:24,Connecting to WiFi...
2024-12-07 16:24:25,Connecting to WiFi...
2024-12-07 16:24:26,Connecting to WiFi...
2024-12-07 16:24:27,Connecting to WiFi...
2024-12-07 16:24:28,Connecting to WiFi...
2024-12-07 16:24:29,Connecting to WiFi...
2024-12-07 16:24:30,Connecting to WiFi...
2024-12-07 16:24:31,Connecting to WiFi...
2024-12-07 16:24:32,Connecting to WiFi...
2024-12-07 16:24:33,Connecting to WiFi...
2024-12-07 16:24:34,Connecting to WiFi...
2024-12-07 16:24:35,Connecting to WiFi...
2024-12-07 16:24:36,Connecting to WiFi...
2024-12-07 16:24:37,Connecting to WiFi...
2024-12-07 16:24:38,Connecting to WiFi...
2024-12-07 16:24:39,Connecting to WiFi...
2024-12-07 16:24:40,Connecting to WiFi...
2024-12-07 16:24:41,Connecting to WiFi...
2024-12-07 16:24:42,Connecting to WiFi...
2024-12-07 16:24:43,Connecting to WiFi...
2024-12-07 16:24:44,Connecting to WiFi...
2024-12-07 16:24:45,Connecting to WiFi...
2024-12-07 16:24:46,Connecting to WiFi...
2024-12-07 16:24:47,Connecting to WiFi...
2024-12-07 16:24:48,Connecting to WiFi...
2024-12-07 16:24:49,Connecting to WiFi...
2024-12-07 16:24:50,Connecting to WiFi...
2024-12-07 16:24:51,Connecting to WiFi...
2024-12-07 16:24:52,Connecting to WiFi...
2024-12-07 16:24:53,Connecting to WiFi...
2024-12-07 16:24:54,Connecting to WiFi...
2024-12-07 16:24:55,Connecting to WiFi...
2024-12-07 16:24:56,Connecting to WiFi...
2024-12-07 16:24:57,Connecting to WiFi...
2024-12-07 16:24:58,Connecting to WiFi...
2024-12-07 16:24:59,Connecting to WiFi...
2024-12-07 16:25:00,Connecting to WiFi...
2024-12-07 16:25:01,Connecting to WiFi...
2024-12-07 16:25:02,Connecting to WiFi...
2024-12-07 16:25:03,Connecting to WiFi...
2024-12-07 16:25:04,Connecting to WiFi...
2024-12-07 16:25:05,Connecting to WiFi...
2024-12-07 16:25:06,Connecting to WiFi...
2024-12-07 16:25:07,Connecting to WiFi...
2024-12-07 16:25:08,Connecting to WiFi...
2024-12-07 16:25:09,Connecting to WiFi...
2024-12-07 16:25:10,Connecting to WiFi...
2024-12-07 16:25:11,Connecting to WiFi...
2024-12-07 16:25:12,Connecting to WiFi...
2024-12-07 16:25:13,Connecting to WiFi...
2024-12-07 16:25:14,Connecting to WiFi...
2024-12-07 16:25:15,Connecting to WiFi...
2024-12-07 16:25:16,Connecting to WiFi...
2024-12-07 16:25:17,Connecting to WiFi...
2024-12-07 16:25:18,Connecting to WiFi...
2024-12-07 16:25:19,Connecting to WiFi...
2024-12-07 16:25:20,Connecting to WiFi...
2024-12-07 16:25:21,Connecting to WiFi...
2024-12-07 16:25:22,Connecting to WiFi...
2024-12-07 16:25:23,Connecting to WiFi...
2024-12-07 16:25:24,Connecting to WiFi...
2024-12-07 16:25:25,Connecting to WiFi...
2024-12-07 16:25:26,Connecting to WiFi...
2024-12-07 16:25:27,Connecting to WiFi...
2024-12-07 16:25:28,Connecting to WiFi...
2024-12-07 16:25:29,Connecting to WiFi...
2024-12-07 16:25:30,Connecting to WiFi...
2024-12-07 16:25:31,Connecting to WiFi...
2024-12-07 16:25:32,Connecting to WiFi...
2024-12-07 16:25:33,Connecting to WiFi...
2024-12-07 16:25:34,Connecting to WiFi...
2024-12-07 16:25:35,Connecting to WiFi...
2024-12-07 16:25:36,Connecting to WiFi...
2024-12-07 16:25:37,Connecting to WiFi...
2024-12-07 16:25:38,Connecting to WiFi...
2024-12-07 16:25:39,Connecting to WiFi...
2024-12-07 16:25:40,Connecting to WiFi...
2024-12-07 16:25:41,Connecting to WiFi...
2024-12-07 16:25:42,Connecting to WiFi...
2024-12-07 16:25:43,Connecting to WiFi...
2024-12-07 16:25:44,Connecting to WiFi...
2024-12-07 16:25:45,Connecting to WiFi...
2024-12-07 16:25:46,Connecting to WiFi...
2024-12-07 16:25:47,Connecting to WiFi...
2024-12-07 16:25:48,Connecting to WiFi...
2024-12-07 16:25:49,Connecting to WiFi...
2024-12-07 16:25:50,Connecting to WiFi...
2024-12-07 16:25:51,Connecting to WiFi...
2024-12-07 16:25:52,Connecting to WiFi...
2024-12-07 16:25:53,Connecting to WiFi...
2024-12-07 16:25:54,Connecting to WiFi...
2024-12-07 16:25:55,Connecting to WiFi...
2024-12-07 16:25:56,Connecting to WiFi...
2024-12-07 16:25:57,Connecting to WiFi...
2024-12-07 16:25:58,Connecting to WiFi...
2024-12-07 16:25:59,Connecting to WiFi...
2024-12-07 16:26:00,Connecting to WiFi...
2024-12-07 16:26:01,Connecting to WiFi...
2024-12-07 16:26:02,Connecting to WiFi...
2024-12-07 16:26:03,Connecting to WiFi...
2024-12-07 16:26:04,Connecting to WiFi...
2024-12-07 16:26:05,Connecting to WiFi...
2024-12-07 16:26:06,Connecting to WiFi...
2024-12-07 16:26:07,Connecting to WiFi...
2024-12-07 16:26:08,Connecting to WiFi...
2024-12-07 16:26:09,Connecting to WiFi...
2024-12-07 16:26:10,Connecting to WiFi...
2024-12-07 16:26:11,Connecting to WiFi...
2024-12-07 16:26:12,Connecting to WiFi...
2024-12-07 16:26:13,Connecting to WiFi...
2024-12-07 16:26:14,Connecting to WiFi...
2024-12-07 16:26:15,Connecting to WiFi...
2024-12-07 16:26:16,Connecting to WiFi...
2024-12-07 16:26:17,Connecting to WiFi...
2024-12-07 16:26:18,Connecting to WiFi...
2024-12-07 16:26:19,Connecting to WiFi...
2024-12-07 16:26:20,Connecting to WiFi...
2024-12-07 16:26:21,Connecting to WiFi...
2024-12-07 16:26:22,Connecting to WiFi...
2024-12-07 16:26:23,Connecting to WiFi...
2024-12-07 16:26:24,Connecting to WiFi...
2024-12-07 16:26:25,Connecting to WiFi...
2024-12-07 16:26:26,Connecting to WiFi...
2024-12-07 16:26:27,Connecting to WiFi...
2024-12-07 16:26:28,Connecting to WiFi...
2024-12-07 16:26:29,Connecting to WiFi...
2024-12-07 16:26:30,Connecting to WiFi...
2024-12-07 16:26:31,Connecting to WiFi...
2024-12-07 16:26:32,Connecting to WiFi...
2024-12-07 16:26:33,Connecting to WiFi...
2024-12-07 16:26:34,Connecting to WiFi...
2024-12-07 16:26:35,Connecting to WiFi...
2024-12-07 16:26:36,Connecting to WiFi...
2024-12-07 16:26:37,Connecting to WiFi...
2024-12-07 16:26:38,Connecting to WiFi...
2024-12-07 16:26:39,Connecting to WiFi...
2024-12-07 16:26:40,Connecting to WiFi...
2024-12-07 16:26:41,Connecting to WiFi...
2024-12-07 16:26:42,Connecting to WiFi...
2024-12-07 16:26:43,Connecting to WiFi...
2024-12-07 16:26:44,Connecting to WiFi...
2024-12-07 16:26:45,Connecting to WiFi...
2024-12-07 16:26:46,Connecting to WiFi...
2024-12-07 16:26:47,Connecting to WiFi...
2024-12-07 16:26:48,Connecting to WiFi...
2024-12-07 16:26:49,Connecting to WiFi...
2024-12-07 16:26:50,Connecting to WiFi...
2024-12-07 16:26:51,Connecting to WiFi...
2024-12-07 16:26:52,Connecting to WiFi...
2024-12-07 16:26:53,Connecting to WiFi...
2024-12-07 16:26:54,Connecting to WiFi...
2024-12-07 16:26:55,Connecting to WiFi...
2024-12-07 16:26:56,Connecting to WiFi...
2024-12-07 16:26:57,Connecting to WiFi...
2024-12-07 16:26:58,Connecting to WiFi...
2024-12-07 16:26:59,Connecting to WiFi...
2024-12-07 16:27:00,Connecting to WiFi...
2024-12-07 16:27:01,Connecting to WiFi...
2024-12-07 16:27:02,Connecting to WiFi...
2024-12-07 16:27:03,Connecting to WiFi...
2024-12-07 16:27:04,Connecting to WiFi...
2024-12-07 16:27:05,Connecting to WiFi...
2024-12-07 16:27:06,Connecting to WiFi...
2024-12-07 16:27:07,Connecting to WiFi...
2024-12-07 16:27:08,Connecting to WiFi...
2024-12-07 16:27:09,Connecting to WiFi...
2024-12-07 16:27:10,Connecting to WiFi...
2024-12-07 16:27:11,Connecting to WiFi...
2024-12-07 16:27:12,Connecting to WiFi...
2024-12-07 16:27:13,Connecting to WiFi...
2024-12-07 16:27:14,Connecting to WiFi...
2024-12-07 16:27:15,Connecting to WiFi...
2024-12-07 16:27:16,Connecting to WiFi...
2024-12-07 16:27:17,Connecting to WiFi...
2024-12-07 16:27:18,Connecting to WiFi...
2024-12-07 16:27:19,Connecting to WiFi...
2024-12-07 16:27:20,Connecting to WiFi...
2024-12-07 16:27:21,Connecting to WiFi...
2024-12-07 16:27:22,Connecting to WiFi...
2024-12-07 16:27:23,Connecting to WiFi...
2024-12-07 16:27:24,Connecting to WiFi...
2024-12-07 16:27:25,Connecting to WiFi...
2024-12-07 16:27:26,Connecting to WiFi...
2024-12-07 16:27:27,Connecting to WiFi...
2024-12-07 16:27:28,Connecting to WiFi...
2024-12-07 16:27:29,Connecting to WiFi...
2024-12-07 16:27:30,Connecting to WiFi...
2024-12-07 16:27:31,Connecting to WiFi...
2024-12-07 16:27:32,Connecting to WiFi...
2024-12-07 16:27:33,Connecting to WiFi...
2024-12-07 16:27:34,Connecting to WiFi...
2024-12-07 16:27:35,Connecting to WiFi...
2024-12-07 16:27:36,Connecting to WiFi...
2024-12-07 16:27:37,Connecting to WiFi...
2024-12-07 16:27:38,Connecting to WiFi...
2024-12-07 16:27:39,Connecting to WiFi...
2024-12-07 16:27:40,Connecting to WiFi...
2024-12-07 16:27:41,Connecting to WiFi...
2024-12-07 16:27:42,Connecting to WiFi...
2024-12-07 16:27:43,Connecting to WiFi...
2024-12-07 16:27:44,Connecting to WiFi...
2024-12-07 16:27:45,Connecting to WiFi...
2024-12-07 16:27:46,Connecting to WiFi...
2024-12-07 16:27:47,Connecting to WiFi...
2024-12-07 16:27:48,Connecting to WiFi...
2024-12-07 16:27:49,Connecting to WiFi...
2024-12-07 16:27:50,Connecting to WiFi...
2024-12-07 16:27:51,Connecting to WiFi...
2024-12-07 16:27:52,Connecting to WiFi...
2024-12-07 16:27:53,Connecting to WiFi...
2024-12-07 16:27:54,Connecting to WiFi...
2024-12-07 16:27:55,Connecting to WiFi...
2024-12-07 16:27:56,Connecting to WiFi...
2024-12-07 16:27:57,Connecting to WiFi...
2024-12-07 16:27:58,Connecting to WiFi...
2024-12-07 16:27:59,Connecting to WiFi...
2024-12-07 16:28:00,Connecting to WiFi...
2024-12-07 16:28:01,Connecting to WiFi...
2024-12-07 16:28:02,Connecting to WiFi...
2024-12-07 16:28:03,Connecting to WiFi...
2024-12-07 16:28:04,Connecting to WiFi...
2024-12-07 16:28:05,Connecting to WiFi...
2024-12-07 16:28:06,Connecting to WiFi...
2024-12-07 16:28:07,Connecting to WiFi...
2024-12-07 16:28:08,Connecting to WiFi...
2024-12-07 16:28:09,Connecting to WiFi...
2024-12-07 16:28:10,Connecting to WiFi...
2024-12-07 16:28:11,Connecting to WiFi...
2024-12-07 16:28:12,Connecting to WiFi...
2024-12-07 16:28:13,Connecting to WiFi...
2024-12-07 16:28:14,Connecting to WiFi...
2024-12-07 16:28:15,Connecting to WiFi...
2024-12-07 16:28:16,Connecting to WiFi...
2024-12-07 16:28:17,Connecting to WiFi...
2024-12-07 16:28:18,Connecting to WiFi...
2024-12-07 16:28:19,Connecting to WiFi...
2024-12-07 16:28:20,Connecting to WiFi...
2024-12-07 16:28:21,Connecting to WiFi...
2024-12-07 16:28:22,Connecting to WiFi...
2024-12-07 16:28:23,Connecting to WiFi...
2024-12-07 16:28:24,Connecting to WiFi...
2024-12-07 16:28:25,Connecting to WiFi...
2024-12-07 16:28:26,Connecting to WiFi...
2024-12-07 16:28:27,Connecting to WiFi...
2024-12-07 16:28:28,Connecting to WiFi...
2024-12-07 16:28:29,Connecting to WiFi...
2024-12-07 16:28:30,Connecting to WiFi...
2024-12-07 16:28:31,Connecting to WiFi...
2024-12-07 16:28:32,Connecting to WiFi...
2024-12-07 16:28:33,Connecting to WiFi...
2024-12-07 16:28:34,Connecting to WiFi...
2024-12-07 16:28:35,Connecting to WiFi...
2024-12-07 16:28:36,Connecting to WiFi...
2024-12-07 16:28:37,Connecting to WiFi...
2024-12-07 16:28:38,Connecting to WiFi...
2024-12-07 16:28:39,Connecting to WiFi...
2024-12-07 16:28:40,Connecting to WiFi...
2024-12-07 16:28:41,Connecting to WiFi...
2024-12-07 16:28:42,Connecting to WiFi...
2024-12-07 16:28:43,Connecting to WiFi...
2024-12-07 16:28:44,Connecting to WiFi...
2024-12-07 16:28:45,Connecting to WiFi...
2024-12-07 16:28:46,Connecting to WiFi...
2024-12-07 16:28:47,Connecting to WiFi...
2024-12-07 16:28:48,Connecting to WiFi...
2024-12-07 16:28:49,Connecting to WiFi...
2024-12-07 16:28:50,Connecting to WiFi...
2024-12-07 16:28:51,Connecting to WiFi...
2024-12-07 16:28:52,Connecting to WiFi...
2024-12-07 16:28:53,Connecting to WiFi...
2024-12-07 16:28:54,Connecting to WiFi...
2024-12-07 16:28:55,Connecting to WiFi...
2024-12-07 16:28:56,Connecting to WiFi...
2024-12-07 16:28:57,Connecting to WiFi...
2024-12-07 16:28:58,Connecting to WiFi...
2024-12-07 16:28:59,Connecting to WiFi...
2024-12-07 16:29:00,Connecting to WiFi...
2024-12-07 16:29:01,Connecting to WiFi...
2024-12-07 16:29:02,Connecting to WiFi...
2024-12-07 16:29:03,Connecting to WiFi...
2024-12-07 16:29:04,Connecting to WiFi...
2024-12-07 16:29:05,Connecting to WiFi...
2024-12-07 16:29:06,Connecting to WiFi...
2024-12-07 16:29:07,Connecting to WiFi...
2024-12-07 16:29:08,Connecting to WiFi...
2024-12-07 16:29:09,Connecting to WiFi...
2024-12-07 16:29:10,Connecting to WiFi...
2024-12-07 16:29:11,Connecting to WiFi...
2024-12-07 16:29:12,Connecting to WiFi...
2024-12-07 16:29:13,Connecting to WiFi...
2024-12-07 16:29:14,Connecting to WiFi...
2024-12-07 16:29:15,Connecting to WiFi...
2024-12-07 16:29:16,Connecting to WiFi...
2024-12-07 16:29:17,Connecting to WiFi...
2024-12-07 16:29:18,Connecting to WiFi...
2024-12-07 16:29:19,Connecting to WiFi...
2024-12-07 16:29:20,Connecting to WiFi...
2024-12-07 16:29:21,Connecting to WiFi...
2024-12-07 16:29:22,Connecting to WiFi...
2024-12-07 16:29:23,Connecting to WiFi...
2024-12-07 16:29:24,Connecting to WiFi...
2024-12-07 16:29:25,Connecting to WiFi...
2024-12-07 16:29:26,Connecting to WiFi...
2024-12-07 16:29:27,Connecting to WiFi...
2024-12-07 16:29:28,Connecting to WiFi...
2024-12-07 16:29:29,Connecting to WiFi...
2024-12-07 16:29:30,Connecting to WiFi...
2024-12-07 16:29:31,Connecting to WiFi...
2024-12-07 16:29:32,Connecting to WiFi...
2024-12-07 16:29:33,Connecting to WiFi...
2024-12-07 16:29:34,Connecting to WiFi...
2024-12-07 16:29:35,Connecting to WiFi...
2024-12-07 16:29:36,Connecting to WiFi...
2024-12-07 16:29:37,Connecting to WiFi...
2024-12-07 16:29:38,Connecting to WiFi...
2024-12-07 16:29:39,Connecting to WiFi...
2024-12-07 16:29:40,Connecting to WiFi...
2024-12-07 16:29:41,Connecting to WiFi...
2024-12-07 16:29:42,Connecting to WiFi...
2024-12-07 16:29:43,Connecting to WiFi...
2024-12-07 16:29:44,Connecting to WiFi...
2024-12-07 16:29:45,Connecting to WiFi...
2024-12-07 16:29:46,Connecting to WiFi...
2024-12-07 16:29:47,Connecting to WiFi...
2024-12-07 16:29:48,Connecting to WiFi...
2024-12-07 16:29:49,Connecting to WiFi...
2024-12-07 16:29:50,Connecting to WiFi...
2024-12-07 16:29:51,Connecting to WiFi...
2024-12-07 16:29:52,Connecting to WiFi...
2024-12-07 16:29:53,Connecting to WiFi...
2024-12-07 16:29:54,Connecting to WiFi...
2024-12-07 16:29:55,Connecting to WiFi...
2024-12-07 16:29:56,Connecting to WiFi...
2024-12-07 16:29:57,Connecting to WiFi...
2024-12-07 16:29:58,Connecting to WiFi...
2024-12-07 16:29:59,Connecting to WiFi...
2024-12-07 16:30:00,Connecting to WiFi...
2024-12-07 16:30:01,Connecting to WiFi...
2024-12-07 16:30:02,Connecting to WiFi...
2024-12-07 16:30:03,Connecting to WiFi...
2024-12-07 16:30:04,Connecting to WiFi...
2024-12-07 16:30:05,Connecting to WiFi...
2024-12-07 16:30:06,Connecting to WiFi...
2024-12-07 16:30:07,Connecting to WiFi...
2024-12-07 16:30:08,Connecting to WiFi...
2024-12-07 16:30:09,Connecting to WiFi...
2024-12-07 16:30:10,Connecting to WiFi...
2024-12-07 16:30:11,Connecting to WiFi...
2024-12-07 16:30:12,Connecting to WiFi...
2024-12-07 16:30:13,Connecting to WiFi...
2024-12-07 16:30:14,Connecting to WiFi...
2024-12-07 16:30:15,Connecting to WiFi...
2024-12-07 16:30:16,Connecting to WiFi...
2024-12-07 16:30:17,Connecting to WiFi...
2024-12-07 16:30:18,Connecting to WiFi...
2024-12-07 16:30:19,Connecting to WiFi...
2024-12-07 16:30:20,Connecting to WiFi...
2024-12-07 16:30:21,Connecting to WiFi...
2024-12-07 16:30:22,Connecting to WiFi...
2024-12-07 16:30:23,Connecting to WiFi...
2024-12-07 16:30:24,Connecting to WiFi...
2024-12-07 16:30:25,Connecting to WiFi...
2024-12-07 16:30:26,Connecting to WiFi...
2024-12-07 16:30:27,Connecting to WiFi...
2024-12-07 16:30:28,Connecting to WiFi...
2024-12-07 16:30:29,Connecting to WiFi...
2024-12-07 16:30:30,Connecting to WiFi...
2024-12-07 16:30:31,Connecting to WiFi...
2024-12-07 16:30:32,Connecting to WiFi...
2024-12-07 16:30:33,Connecting to WiFi...
2024-12-07 16:30:34,Connecting to WiFi...
2024-12-07 16:30:35,Connecting to WiFi...
2024-12-07 16:30:36,Connecting to WiFi...
2024-12-07 16:30:37,Connecting to WiFi...
2024-12-07 16:30:38,Connecting to WiFi...
2024-12-07 16:30:39,Connecting to WiFi...
2024-12-07 16:30:40,Connecting to WiFi...
2024-12-07 16:30:41,Connecting to WiFi...
2024-12-07 16:30:42,Connecting to WiFi...
2024-12-07 16:30:43,Connecting to WiFi...
2024-12-07 16:30:44,Connecting to WiFi...
2024-12-07 16:30:45,Connecting to WiFi...
2024-12-07 16:30:46,Connecting to WiFi...
2024-12-07 16:30:47,Connecting to WiFi...
2024-12-07 16:30:48,Connecting to WiFi...
2024-12-07 16:30:49,Connecting to WiFi...
2024-12-07 16:30:50,Connecting to WiFi...
2024-12-07 16:30:51,Connecting to WiFi...
2024-12-07 16:30:52,Connecting to WiFi...
2024-12-07 16:30:53,Connecting to WiFi...
2024-12-07 16:30:54,Connecting to WiFi...
2024-12-07 16:30:55,Connecting to WiFi...
2024-12-07 16:30:56,Connecting to WiFi...
2024-12-07 16:30:57,Connecting to WiFi...
2024-12-07 16:30:58,Connecting to WiFi...
2024-12-07 16:30:59,Connecting to WiFi...
2024-12-07 16:31:00,Connecting to WiFi...
2024-12-07 16:31:01,Connecting to WiFi...
2024-12-07 16:31:02,Connecting to WiFi...
2024-12-07 16:31:03,Connecting to WiFi...
2024-12-07 16:31:04,Connecting to WiFi...
2024-12-07 16:31:05,Connecting to WiFi...
2024-12-07 16:31:06,Connecting to WiFi...
2024-12-07 16:31:07,Connecting to WiFi...
2024-12-07 16:31:08,Connecting to WiFi...
2024-12-07 16:31:09,Connecting to WiFi...
2024-12-07 16:31:10,Connecting to WiFi...
2024-12-07 16:31:11,Connecting to WiFi...
2024-12-07 16:31:12,Connecting to WiFi...
2024-12-07 16:31:13,Connecting to WiFi...
2024-12-07 16:31:14,Connecting to WiFi...
2024-12-07 16:31:15,Connecting to WiFi...
2024-12-07 16:31:16,Connecting to WiFi...
2024-12-07 16:31:17,Connecting to WiFi...
2024-12-07 16:31:18,Connecting to WiFi...
2024-12-07 16:31:19,Connecting to WiFi...
2024-12-07 16:31:20,Connecting to WiFi...
2024-12-07 16:31:20,Connected to WiFi
2024-12-07 16:31:21,OLEDDisplayTask
2024-12-07 16:31:21,semaphoreButtonTask
2024-12-07 16:31:21,ReadDHT11Task
2024-12-07 16:31:21,Calibrating please wait...OLEDDisplayTask
2024-12-07 16:31:21,...OLEDDisplayTask
2024-12-07 16:31:21,...OLEDDisplayTask
2024-12-07 16:31:21,..  done!.
2024-12-07 16:31:21,Mq2Task
2024-12-07 16:31:21,MQ-2 Gas Concentration: OLEDDisplayTask
2024-12-07 16:31:21,6.74 PPM
2024-12-07 16:31:21,Temperature: 40 °C	Humidity: 43 %
2024-12-07 16:31:21,OLEDDisplayTask
2024-12-07 16:31:21,OLEDDisplayTask
2024-12-07 16:31:21,OLEDDisplayTask
2024-12-07 16:31:22,OLEDDisplayTask
2024-12-07 16:31:22,OLEDDisplayTask
2024-12-07 16:31:22,OLEDDisplayTask
2024-12-07 16:31:22,OLEDDisplayTask
2024-12-07 16:31:22,OLEDDisplayTask
2024-12-07 16:31:22,OLEDDisplayTask
2024-12-07 16:31:22,OLEDDisplayTask
2024-12-07 16:31:22,OLEDDisplayTask
2024-12-07 16:31:22,OLEDDisplayTask
2024-12-07 16:31:23,OLEDDisplayTask
2024-12-07 16:31:23,OLEDDisplayTask
2024-12-07 16:31:23,OLEDDisplayTask
2024-12-07 16:31:23,OLEDDisplayTask
2024-12-07 16:31:23,OLEDDisplayTask
2024-12-07 16:31:23,Mq2Task
2024-12-07 16:31:23,OLEDDisplayTask
2024-12-07 16:31:23,MQ-2 Gas Concentration: 10.77 PPM
2024-12-07 16:31:23,ReadDHT11Task
2024-12-07 16:31:23,OLEDDisplayTask
2024-12-07 16:31:23,OLEDDisplayTask
2024-12-07 16:31:23,OLEDDisplayTask
2024-12-07 16:31:24,OLEDDisplayTask
2024-12-07 16:31:24,Temperature: 40 °C	Humidity: 46 %
2024-12-07 16:31:24,OLEDDisplayTask
2024-12-07 16:31:24,OLEDDisplayTask
2024-12-07 16:31:24,OLEDDisplayTask
2024-12-07 16:31:24,OLEDDisplayTask
2024-12-07 16:31:24,OLEDDisplayTask
2024-12-07 16:31:24,OLEDDisplayTask
2024-12-07 16:31:24,OLEDDisplayTask
2024-12-07 16:31:24,OLEDDisplayTask
2024-12-07 16:31:25,OLEDDisplayTask
2024-12-07 16:31:25,OLEDDisplayTask
2024-12-07 16:31:25,OLEDDisplayTask
2024-12-07 16:31:25,OLEDDisplayTask
2024-12-07 16:31:25,OLEDDisplayTask
2024-12-07 16:31:25,Mq2Task
2024-12-07 16:31:25,OLEDDisplayTask
2024-12-07 16:31:25,MQ-2 Gas Concentration: 10.16 PPM
2024-12-07 16:31:25,OLEDDisplayTask
2024-12-07 16:31:25,OLEDDisplayTask
2024-12-07 16:31:25,OLEDDisplayTask
2024-12-07 16:31:26,OLEDDisplayTask
2024-12-07 16:31:26,ReadDHT11Task
2024-12-07 16:31:26,OLEDDisplayTask
2024-12-07 16:31:26,OLEDDisplayTask
2024-12-07 16:31:26,OLEDDisplayTask
2024-12-07 16:31:26,OLEDDisplayTask
2024-12-07 16:31:26,OLEDDisplayTask
2024-12-07 16:31:26,Temperature: 40 °C	Humidity: 46 %
2024-12-07 16:31:26,OLEDDisplayTask
2024-12-07 16:31:26,OLEDDisplayTask
2024-12-07 16:31:26,OLEDDisplayTask
2024-12-07 16:31:27,OLEDDisplayTask
2024-12-07 16:31:27,OLEDDisplayTask
2024-12-07 16:31:27,OLEDDisplayTask
2024-12-07 16:31:27,OLEDDisplayTask
2024-12-07 16:31:27,OLEDDisplayTask
2024-12-07 16:31:27,Mq2Task
2024-12-07 16:31:27,OLEDDisplayTask
2024-12-07 16:31:27,MQ-2 Gas Concentration: 10.16 PPM
2024-12-07 16:31:27,OLEDDisplayTask
2024-12-07 16:31:27,OLEDDisplayTask
2024-12-07 16:31:28,OLEDDisplayTask
2024-12-07 16:31:28,OLEDDisplayTask
2024-12-07 16:31:28,OLEDDisplayTask
2024-12-07 16:31:28,OLEDDisplayTask
2024-12-07 16:31:28,OLEDDisplayTask
2024-12-07 16:31:28,OLEDDisplayTask
2024-12-07 16:31:28,OLEDDisplayTask
2024-12-07 16:31:28,ReadDHT11Task
2024-12-07 16:31:28,OLEDDisplayTask
2024-12-07 16:31:28,OLEDDisplayTask
2024-12-07 16:31:29,OLEDDisplayTask
2024-12-07 16:31:29,OLEDDisplayTask
2024-12-07 16:31:29,Temperature: 40 °C	Humidity: 46 %
2024-12-07 16:31:29,OLEDDisplayTask
2024-12-07 16:31:29,OLEDDisplayTask
2024-12-07 16:31:29,OLEDDisplayTask
2024-12-07 16:31:29,OLEDDisplayTask
2024-12-07 16:31:29,Mq2Task
2024-12-07 16:31:29,OLEDDisplayTask
2024-12-07 16:31:29,MQ-2 Gas Concentration: 10.37 PPM
2024-12-07 16:31:29,OLEDDisplayTask
2024-12-07 16:31:29,OLEDDisplayTask
2024-12-07 16:31:30,OLEDDisplayTask
2024-12-07 16:31:30,OLEDDisplayTask
2024-12-07 16:31:30,OLEDDisplayTask
2024-12-07 16:31:30,OLEDDisplayTask
2024-12-07 16:31:30,OLEDDisplayTask
2024-12-07 16:31:30,OLEDDisplayTask
2024-12-07 16:31:30,OLEDDisplayTask
2024-12-07 16:31:30,OLEDDisplayTask
2024-12-07 16:31:30,OLEDDisplayTask
2024-12-07 16:31:31,OLEDDisplayTask
2024-12-07 16:31:31,OLEDDisplayTask
2024-12-07 16:31:31,ReadDHT11Task
2024-12-07 16:31:31,OLEDDisplayTask
2024-12-07 16:31:31,OLEDDisplayTask
2024-12-07 16:31:31,OLEDDisplayTask
2024-12-07 16:31:31,OLEDDisplayTask
2024-12-07 16:31:31,Temperature: 40 °C	Humidity: 46 %
2024-12-07 16:31:31,Mq2Task
2024-12-07 16:31:31,OLEDDisplayTask
2024-12-07 16:31:31,MQ-2 Gas Concentration: 10.58 PPM
2024-12-07 16:31:31,OLEDDisplayTask
2024-12-07 16:31:31,OLEDDisplayTask
2024-12-07 16:31:32,OLEDDisplayTask
2024-12-07 16:31:32,OLEDDisplayTask
2024-12-07 16:31:32,OLEDDisplayTask
2024-12-07 16:31:32,OLEDDisplayTask
2024-12-07 16:31:32,OLEDDisplayTask
2024-12-07 16:31:32,OLEDDisplayTask
2024-12-07 16:31:32,OLEDDisplayTask
2024-12-07 16:31:32,OLEDDisplayTask
2024-12-07 16:31:32,OLEDDisplayTask
2024-12-07 16:31:33,OLEDDisplayTask
2024-12-07 16:31:33,OLEDDisplayTask
2024-12-07 16:31:33,OLEDDisplayTask
2024-12-07 16:31:33,OLEDDisplayTask
2024-12-07 16:31:33,OLEDDisplayTask
2024-12-07 16:31:33,OLEDDisplayTask
2024-12-07 16:31:33,ReadDHT11Task
2024-12-07 16:31:33,OLEDDisplayTask
2024-12-07 16:31:33,Mq2Task
2024-12-07 16:31:33,MQ-2 Gas Concentration: 9.77 PPM
2024-12-07 16:31:33,OLEDDisplayTask
2024-12-07 16:31:34,OLEDDisplayTask
2024-12-07 16:31:34,OLEDDisplayTask
2024-12-07 16:31:34,OLEDDisplayTask
2024-12-07 16:31:34,Temperature: 40 °C	Humidity: 46 %
2024-12-07 16:31:34,OLEDDisplayTask
2024-12-07 16:31:34,OLEDDisplayTask
2024-12-07 16:31:34,OLEDDisplayTask
2024-12-07 16:31:34,OLEDDisplayTask
2024-12-07 16:31:34,OLEDDisplayTask
2024-12-07 16:31:34,OLEDDisplayTask
2024-12-07 16:31:35,OLEDDisplayTask
2024-12-07 16:31:35,OLEDDisplayTask
2024-12-07 16:31:35,OLEDDisplayTask
2024-12-07 16:31:35,OLEDDisplayTask
2024-12-07 16:31:35,OLEDDisplayTask
2024-12-07 16:31:35,OLEDDisplayTask
2024-12-07 16:31:35,OLEDDisplayTask
2024-12-07 16:31:35,OLEDDisplayTask
2024-12-07 16:31:35,Mq2Task
2024-12-07 16:31:35,MQ-2 Gas Concentration: 11.59 PPM
2024-12-07 16:31:35,OLEDDisplayTask
2024-12-07 16:31:36,OLEDDisplayTask
2024-12-07 16:31:36,OLEDDisplayTask
2024-12-07 16:31:36,ReadDHT11Task
2024-12-07 16:31:36,OLEDDisplayTask
2024-12-07 16:31:36,OLEDDisplayTask
2024-12-07 16:31:36,OLEDDisplayTask
2024-12-07 16:31:36,OLEDDisplayTask
2024-12-07 16:31:36,OLEDDisplayTask
2024-12-07 16:31:36,Temperature: 40 °C	Humidity: 46 %
2024-12-07 16:31:36,OLEDDisplayTask
2024-12-07 16:31:36,OLEDDisplayTask
2024-12-07 16:31:37,OLEDDisplayTask
2024-12-07 16:31:37,OLEDDisplayTask
2024-12-07 16:31:37,OLEDDisplayTask
2024-12-07 16:31:37,OLEDDisplayTask
2024-12-07 16:31:37,OLEDDisplayTask
2024-12-07 16:31:37,OLEDDisplayTask
2024-12-07 16:31:37,OLEDDisplayTask
2024-12-07 16:31:37,OLEDDisplayTask
2024-12-07 16:31:37,Mq2Task
2024-12-07 16:31:37,MQ-2 Gas Concentration: 10.64 PPM
2024-12-07 16:31:37,OLEDDisplayTask
2024-12-07 16:31:38,OLEDDisplayTask
2024-12-07 16:31:38,OLEDDisplayTask
2024-12-07 16:31:38,OLEDDisplayTask
2024-12-07 16:31:38,OLEDDisplayTask
2024-12-07 16:31:38,OLEDDisplayTask
2024-12-07 16:31:38,OLEDDisplayTask
2024-12-07 16:31:38,OLEDDisplayTask
2024-12-07 16:31:38,ReadDHT11Task
2024-12-07 16:31:38,OLEDDisplayTask
2024-12-07 16:31:38,OLEDDisplayTask
2024-12-07 16:31:39,OLEDDisplayTask
2024-12-07 16:31:39,OLEDDisplayTask
2024-12-07 16:31:39,Temperature: 40 °C	Humidity: 46 %
2024-12-07 16:31:39,OLEDDisplayTask
2024-12-07 16:31:39,OLEDDisplayTask
2024-12-07 16:31:39,OLEDDisplayTask
2024-12-07 16:31:39,OLEDDisplayTask
2024-12-07 16:31:39,OLEDDisplayTask
2024-12-07 16:31:39,OLEDDisplayTask
2024-12-07 16:31:39,Mq2Task
2024-12-07 16:31:39,MQ-2 Gas Concentration: 10.67 PPM
2024-12-07 16:31:39,OLEDDisplayTask
2024-12-07 16:31:40,OLEDDisplayTask
2024-12-07 16:31:40,OLEDDisplayTask
2024-12-07 16:31:40,OLEDDisplayTask
2024-12-07 16:31:40,OLEDDisplayTask
2024-12-07 16:31:40,OLEDDisplayTask
2024-12-07 16:31:40,OLEDDisplayTask
2024-12-07 16:31:40,OLEDDisplayTask
2024-12-07 16:31:40,OLEDDisplayTask
2024-12-07 16:31:41,OLEDDisplayTask
2024-12-07 16:31:41,OLEDDisplayTask
2024-12-07 16:31:41,OLEDDisplayTask
2024-12-07 16:31:41,ReadDHT11Task
2024-12-07 16:31:41,OLEDDisplayTask
2024-12-07 16:31:41,OLEDDisplayTask
2024-12-07 16:31:41,OLEDDisplayTask
2024-12-07 16:31:41,OLEDDisplayTask
2024-12-07 16:31:41,OLEDDisplayTask
2024-12-07 16:31:41,Temperature: 40 °C	Humidity: 46 %
2024-12-07 16:31:41,OLEDDisplayTask
2024-12-07 16:31:41,Mq2Task
2024-12-07 16:31:41,MQ-2 Gas Concentration: 10.86 PPM
2024-12-07 16:31:42,OLEDDisplayTask
2024-12-07 16:31:42,OLEDDisplayTask
2024-12-07 16:31:42,OLEDDisplayTask
2024-12-07 16:31:42,OLEDDisplayTask
2024-12-07 16:31:42,OLEDDisplayTask
2024-12-07 16:31:42,OLEDDisplayTask
2024-12-07 16:31:42,OLEDDisplayTask
2024-12-07 16:31:42,OLEDDisplayTask
2024-12-07 16:31:42,OLEDDisplayTask
2024-12-07 16:31:43,OLEDDisplayTask
2024-12-07 16:31:43,OLEDDisplayTask
2024-12-07 16:31:43,OLEDDisplayTask
2024-12-07 16:31:43,OLEDDisplayTask
2024-12-07 16:31:43,OLEDDisplayTask
2024-12-07 16:31:43,OLEDDisplayTask
2024-12-07 16:31:43,OLEDDisplayTask
2024-12-07 16:31:43,ReadDHT11Task
2024-12-07 16:31:43,OLEDDisplayTask
2024-12-07 16:31:43,OLEDDisplayTask
2024-12-07 16:31:43,Mq2Task
2024-12-07 16:31:44,MQ-2 Gas Concentration: 10.95 PPM
2024-12-07 16:31:44,OLEDDisplayTask
2024-12-07 16:31:44,OLEDDisplayTask
2024-12-07 16:31:44,OLEDDisplayTask
2024-12-07 16:31:44,Temperature: 40 °C	Humidity: 46 %
2024-12-07 16:31:44,OLEDDisplayTask
2024-12-07 16:31:44,OLEDDisplayTask
2024-12-07 16:31:44,OLEDDisplayTask
2024-12-07 16:31:44,OLEDDisplayTask
2024-12-07 16:31:44,OLEDDisplayTask
2024-12-07 16:31:44,OLEDDisplayTask
2024-12-07 16:31:45,OLEDDisplayTask
2024-12-07 16:31:45,OLEDDisplayTask
2024-12-07 16:31:45,OLEDDisplayTask
2024-12-07 16:31:45,OLEDDisplayTask
2024-12-07 16:31:45,OLEDDisplayTask
2024-12-07 16:31:45,OLEDDisplayTask
2024-12-07 16:31:45,OLEDDisplayTask
2024-12-07 16:31:45,OLEDDisplayTask
2024-12-07 16:31:45,OLEDDisplayTask
2024-12-07 16:31:46,Mq2Task
2024-12-07 16:31:46,MQ-2 Gas Concentration: 12.02 PPM
2024-12-07 16:31:46,OLEDDisplayTask
2024-12-07 16:31:46,OLEDDisplayTask
2024-12-07 16:31:46,OLEDDisplayTask
2024-12-07 16:31:46,ReadDHT11Task
2024-12-07 16:31:46,OLEDDisplayTask
2024-12-07 16:31:46,OLEDDisplayTask
2024-12-07 16:31:46,OLEDDisplayTask
2024-12-07 16:31:46,OLEDDisplayTask
2024-12-07 16:31:46,Temperature: 40 °C	Humidity: 46 %
2024-12-07 16:31:46,OLEDDisplayTask
2024-12-07 16:31:46,OLEDDisplayTask
2024-12-07 16:31:47,OLEDDisplayTask
2024-12-07 16:31:47,OLEDDisplayTask
2024-12-07 16:31:47,OLEDDisplayTask
2024-12-07 16:31:47,OLEDDisplayTask
2024-12-07 16:31:47,OLEDDisplayTask
2024-12-07 16:31:47,OLEDDisplayTask
2024-12-07 16:31:47,OLEDDisplayTask
2024-12-07 16:31:47,OLEDDisplayTask
2024-12-07 16:31:48,OLEDDisplayTask
2024-12-07 16:31:48,Mq2Task
2024-12-07 16:31:48,MQ-2 Gas Concentration: 10.64 PPM
2024-12-07 16:31:48,OLEDDisplayTask
2024-12-07 16:31:48,OLEDDisplayTask
2024-12-07 16:31:48,OLEDDisplayTask
2024-12-07 16:31:48,OLEDDisplayTask
2024-12-07 16:31:48,OLEDDisplayTask
2024-12-07 16:31:48,OLEDDisplayTask
2024-12-07 16:31:48,OLEDDisplayTask
2024-12-07 16:31:48,ReadDHT11Task
2024-12-07 16:31:48,OLEDDisplayTask
2024-12-07 16:31:49,OLEDDisplayTask
2024-12-07 16:31:49,OLEDDisplayTask
2024-12-07 16:31:49,OLEDDisplayTask
2024-12-07 16:31:49,OLEDDisplayTask
2024-12-07 16:31:49,Error 253 Reading from DHT11 timed out.
2024-12-07 16:31:49,OLEDDisplayTask
2024-12-07 16:31:49,OLEDDisplayTask
2024-12-07 16:31:49,OLEDDisplayTask
2024-12-07 16:31:49,OLEDDisplayTask
2024-12-07 16:31:49,OLEDDisplayTask
2024-12-07 16:31:50,OLEDDisplayTask
2024-12-07 16:31:50,Mq2Task
2024-12-07 16:31:50,MQ-2 Gas Concentration: 10.31 PPM
2024-12-07 16:31:50,OLEDDisplayTask
2024-12-07 16:31:50,OLEDDisplayTask
2024-12-07 16:31:50,OLEDDisplayTask
2024-12-07 16:31:50,OLEDDisplayTask
2024-12-07 16:31:50,OLEDDisplayTask
2024-12-07 16:31:50,OLEDDisplayTask
2024-12-07 16:31:50,OLEDDisplayTask
2024-12-07 16:31:50,OLEDDisplayTask
2024-12-07 16:31:51,OLEDDisplayTask
2024-12-07 16:31:51,OLEDDisplayTask
2024-12-07 16:31:51,OLEDDisplayTask
2024-12-07 16:31:51,ReadDHT11Task
2024-12-07 16:31:51,OLEDDisplayTask
2024-12-07 16:31:51,OLEDDisplayTask
2024-12-07 16:31:51,OLEDDisplayTask
2024-12-07 16:31:51,OLEDDisplayTask
2024-12-07 16:31:51,OLEDDisplayTask
2024-12-07 16:31:51,Temperature: 40 °C	Humidity: 46 %
2024-12-07 16:31:51,OLEDDisplayTask
2024-12-07 16:31:52,OLEDDisplayTask
2024-12-07 16:31:52,Mq2Task
2024-12-07 16:31:52,OLEDDisplayTask
2024-12-07 16:31:52,MQ-2 Gas Concentration: 10.46 PPM
2024-12-07 16:31:52,OLEDDisplayTask
2024-12-07 16:31:52,OLEDDisplayTask
2024-12-07 16:31:52,OLEDDisplayTask
2024-12-07 16:31:52,OLEDDisplayTask
2024-12-07 16:31:52,OLEDDisplayTask
2024-12-07 16:31:52,OLEDDisplayTask
2024-12-07 16:31:52,OLEDDisplayTask
2024-12-07 16:31:53,OLEDDisplayTask
2024-12-07 16:31:53,OLEDDisplayTask
2024-12-07 16:31:53,OLEDDisplayTask
2024-12-07 16:31:53,OLEDDisplayTask
2024-12-07 16:31:53,OLEDDisplayTask
2024-12-07 16:31:53,OLEDDisplayTask
2024-12-07 16:31:53,OLEDDisplayTask
2024-12-07 16:31:53,OLEDDisplayTask
2024-12-07 16:31:53,ReadDHT11Task
2024-12-07 16:31:54,OLEDDisplayTask
2024-12-07 16:31:54,OLEDDisplayTask
2024-12-07 16:31:54,Mq2Task
2024-12-07 16:31:54,OLEDDisplayTask
2024-12-07 16:31:54,MQ-2 Gas Concentration: 11.11 PPM
2024-12-07 16:31:54,OLEDDisplayTask
2024-12-07 16:31:54,Temperature: 40 °C	Humidity: 46 %
2024-12-07 16:31:54,OLEDDisplayTask
2024-12-07 16:31:54,OLEDDisplayTask
2024-12-07 16:31:54,OLEDDisplayTask
2024-12-07 16:31:54,OLEDDisplayTask
2024-12-07 16:31:54,OLEDDisplayTask
2024-12-07 16:31:55,OLEDDisplayTask
2024-12-07 16:31:55,OLEDDisplayTask
2024-12-07 16:31:55,OLEDDisplayTask
2024-12-07 16:31:55,OLEDDisplayTask
2024-12-07 16:31:55,OLEDDisplayTask
2024-12-07 16:31:55,OLEDDisplayTask
2024-12-07 16:31:55,OLEDDisplayTask
2024-12-07 16:31:55,OLEDDisplayTask
2024-12-07 16:31:55,OLEDDisplayTask
2024-12-07 16:31:56,OLEDDisplayTask
2024-12-07 16:31:56,OLEDDisplayTask
2024-12-07 16:31:56,Mq2Task
2024-12-07 16:31:56,OLEDDisplayTask
2024-12-07 16:31:56,MQ-2 Gas Concentration: 10.22 PPM
2024-12-07 16:31:56,OLEDDisplayTask
2024-12-07 16:31:56,ReadDHT11Task
2024-12-07 16:31:56,OLEDDisplayTask
2024-12-07 16:31:56,OLEDDisplayTask
2024-12-07 16:31:56,OLEDDisplayTask
2024-12-07 16:31:56,OLEDDisplayTask
2024-12-07 16:31:56,OLEDDisplayTask
2024-12-07 16:31:56,Temperature: 40 °C	Humidity: 46 %
2024-12-07 16:31:57,OLEDDisplayTask
2024-12-07 16:31:57,OLEDDisplayTask
2024-12-07 16:31:57,OLEDDisplayTask
2024-12-07 16:31:57,OLEDDisplayTask
2024-12-07 16:31:57,OLEDDisplayTask
2024-12-07 16:31:57,OLEDDisplayTask
2024-12-07 16:31:57,OLEDDisplayTask
2024-12-07 16:31:57,OLEDDisplayTask
2024-12-07 16:31:57,OLEDDisplayTask
2024-12-07 16:31:58,OLEDDisplayTask
2024-12-07 16:31:58,OLEDDisplayTask
2024-12-07 16:31:58,Mq2Task
2024-12-07 16:31:58,OLEDDisplayTask
2024-12-07 16:31:58,MQ-2 Gas Concentration: 10.71 PPM
2024-12-07 16:31:58,OLEDDisplayTask
2024-12-07 16:31:58,OLEDDisplayTask
2024-12-07 16:31:58,OLEDDisplayTask
2024-12-07 16:31:58,OLEDDisplayTask
2024-12-07 16:31:58,OLEDDisplayTask
2024-12-07 16:31:58,ReadDHT11Task
2024-12-07 16:31:58,OLEDDisplayTask
2024-12-07 16:31:59,OLEDDisplayTask
2024-12-07 16:31:59,OLEDDisplayTask
2024-12-07 16:31:59,OLEDDisplayTask
2024-12-07 16:31:59,OLEDDisplayTask
2024-12-07 16:31:59,Temperature: 40 °C	Humidity: 46 %
2024-12-07 16:31:59,OLEDDisplayTask
2024-12-07 16:31:59,OLEDDisplayTask
2024-12-07 16:31:59,OLEDDisplayTask
2024-12-07 16:31:59,OLEDDisplayTask
2024-12-07 16:31:59,OLEDDisplayTask
2024-12-07 16:32:00,OLEDDisplayTask
2024-12-07 16:32:00,OLEDDisplayTask
2024-12-07 16:32:00,Mq2Task
2024-12-07 16:32:00,OLEDDisplayTask
2024-12-07 16:32:00,MQ-2 Gas Concentration: 11.11 PPM
2024-12-07 16:32:00,OLEDDisplayTask
2024-12-07 16:32:00,OLEDDisplayTask
2024-12-07 16:32:00,OLEDDisplayTask
2024-12-07 16:32:00,OLEDDisplayTask
2024-12-07 16:32:00,OLEDDisplayTask
2024-12-07 16:32:01,OLEDDisplayTask
2024-12-07 16:32:01,OLEDDisplayTask
2024-12-07 16:32:01,OLEDDisplayTask
2024-12-07 16:32:01,OLEDDisplayTask
2024-12-07 16:32:01,OLEDDisplayTask
2024-12-07 16:32:01,ReadDHT11Task
2024-12-07 16:32:01,OLEDDisplayTask
2024-12-07 16:32:01,OLEDDisplayTask
2024-12-07 16:32:01,OLEDDisplayTask
2024-12-07 16:32:01,OLEDDisplayTask
2024-12-07 16:32:02,Temperature: 40 °C	Humidity: 46 %
2024-12-07 16:32:02,OLEDDisplayTask
2024-12-07 16:32:02,OLEDDisplayTask
2024-12-07 16:32:02,OLEDDisplayTask
2024-12-07 16:32:02,Mq2Task
2024-12-07 16:32:02,OLEDDisplayTask
2024-12-07 16:32:02,MQ-2 Gas Concentration: 10.52 PPM
2024-12-07 16:32:02,OLEDDisplayTask
2024-12-07 16:32:02,OLEDDisplayTask
2024-12-07 16:32:02,OLEDDisplayTask
2024-12-07 16:32:02,OLEDDisplayTask
2024-12-07 16:32:02,OLEDDisplayTask
2024-12-07 16:32:03,OLEDDisplayTask
2024-12-07 16:32:03,OLEDDisplayTask
2024-12-07 16:32:03,OLEDDisplayTask
2024-12-07 16:32:03,OLEDDisplayTask
2024-12-07 16:32:03,OLEDDisplayTask
2024-12-07 16:32:03,OLEDDisplayTask
2024-12-07 16:32:03,OLEDDisplayTask
2024-12-07 16:32:03,OLEDDisplayTask
2024-12-07 16:32:03,OLEDDisplayTask
2024-12-07 16:32:04,ReadDHT11Task
2024-12-07 16:32:04,OLEDDisplayTask
2024-12-07 16:32:04,OLEDDisplayTask
2024-12-07 16:32:04,OLEDDisplayTask
2024-12-07 16:32:04,OLEDDisplayTask
2024-12-07 16:32:04,Mq2Task
2024-12-07 16:32:04,MQ-2 Gas Concentration: 10.34 PPM
2024-12-07 16:32:04,OLEDDisplayTask
2024-12-07 16:32:04,Temperature: 40 °C	Humidity: 46 %
2024-12-07 16:32:04,OLEDDisplayTask
2024-12-07 16:32:04,OLEDDisplayTask
2024-12-07 16:32:04,OLEDDisplayTask
2024-12-07 16:32:04,OLEDDisplayTask
2024-12-07 16:32:05,OLEDDisplayTask
2024-12-07 16:32:05,OLEDDisplayTask
2024-12-07 16:32:05,OLEDDisplayTask
2024-12-07 16:32:05,OLEDDisplayTask
2024-12-07 16:32:05,OLEDDisplayTask
2024-12-07 16:32:05,OLEDDisplayTask
2024-12-07 16:32:05,OLEDDisplayTask
2024-12-07 16:32:05,OLEDDisplayTask
2024-12-07 16:32:05,OLEDDisplayTask
2024-12-07 16:32:06,OLEDDisplayTask
2024-12-07 16:32:06,OLEDDisplayTask
2024-12-07 16:32:06,OLEDDisplayTask
2024-12-07 16:32:06,OLEDDisplayTask
2024-12-07 16:32:06,Mq2Task
2024-12-07 16:32:06,MQ-2 Gas Concentration: 10.19 PPM
2024-12-07 16:32:06,ReadDHT11Task
2024-12-07 16:32:06,OLEDDisplayTask
2024-12-07 16:32:06,OLEDDisplayTask
2024-12-07 16:32:06,OLEDDisplayTask
2024-12-07 16:32:06,OLEDDisplayTask
2024-12-07 16:32:06,OLEDDisplayTask
2024-12-07 16:32:07,Temperature: 40 °C	Humidity: 46 %
2024-12-07 16:32:07,OLEDDisplayTask
2024-12-07 16:32:07,OLEDDisplayTask
2024-12-07 16:32:07,OLEDDisplayTask
2024-12-07 16:32:07,OLEDDisplayTask
2024-12-07 16:32:07,OLEDDisplayTask
2024-12-07 16:32:07,OLEDDisplayTask
2024-12-07 16:32:07,OLEDDisplayTask
2024-12-07 16:32:07,OLEDDisplayTask
2024-12-07 16:32:08,OLEDDisplayTask
2024-12-07 16:32:08,OLEDDisplayTask
2024-12-07 16:32:08,OLEDDisplayTask
2024-12-07 16:32:08,OLEDDisplayTask
2024-12-07 16:32:08,OLEDDisplayTask
2024-12-07 16:32:08,Mq2Task
2024-12-07 16:32:08,MQ-2 Gas Concentration: 11.53 PPM
2024-12-07 16:32:08,OLEDDisplayTask
2024-12-07 16:32:08,OLEDDisplayTask
2024-12-07 16:32:08,OLEDDisplayTask
2024-12-07 16:32:08,OLEDDisplayTask
2024-12-07 16:32:09,OLEDDisplayTask
2024-12-07 16:32:09,ReadDHT11Task
2024-12-07 16:32:09,OLEDDisplayTask
2024-12-07 16:32:09,OLEDDisplayTask
2024-12-07 16:32:09,OLEDDisplayTask
2024-12-07 16:32:09,OLEDDisplayTask
2024-12-07 16:32:09,Temperature: 40 °C	Humidity: 46 %
2024-12-07 16:32:09,OLEDDisplayTask
2024-12-07 16:32:09,OLEDDisplayTask
2024-12-07 16:32:09,OLEDDisplayTask
2024-12-07 16:32:09,OLEDDisplayTask
2024-12-07 16:32:10,OLEDDisplayTask
2024-12-07 16:32:10,OLEDDisplayTask
2024-12-07 16:32:10,OLEDDisplayTask
2024-12-07 16:32:10,OLEDDisplayTask
2024-12-07 16:32:10,OLEDDisplayTask
2024-12-07 16:32:10,Mq2Task
2024-12-07 16:32:10,MQ-2 Gas Concentration: 10.40 PPM
2024-12-07 16:32:10,OLEDDisplayTask
2024-12-07 16:32:10,OLEDDisplayTask
2024-12-07 16:32:10,OLEDDisplayTask
2024-12-07 16:32:10,OLEDDisplayTask
2024-12-07 16:32:11,OLEDDisplayTask
2024-12-07 16:32:11,OLEDDisplayTask
2024-12-07 16:32:11,OLEDDisplayTask
2024-12-07 16:32:11,OLEDDisplayTask
2024-12-07 16:32:11,OLEDDisplayTask
2024-12-07 16:32:11,ReadDHT11Task
2024-12-07 16:32:11,OLEDDisplayTask
2024-12-07 16:32:11,OLEDDisplayTask
2024-12-07 16:32:11,OLEDDisplayTask
2024-12-07 16:32:11,OLEDDisplayTask
2024-12-07 16:32:12,OLEDDisplayTask
2024-12-07 16:32:12,Temperature: 40 °C	Humidity: 46 %
2024-12-07 16:32:12,OLEDDisplayTask
2024-12-07 16:32:12,OLEDDisplayTask
2024-12-07 16:32:12,OLEDDisplayTask
2024-12-07 16:32:12,OLEDDisplayTask
2024-12-07 16:32:12,Mq2Task
2024-12-07 16:32:12,MQ-2 Gas Concentration: 10.64 PPM
2024-12-07 16:32:12,OLEDDisplayTask
2024-12-07 16:32:12,OLEDDisplayTask
2024-12-07 16:32:12,OLEDDisplayTask
2024-12-07 16:32:12,OLEDDisplayTask
2024-12-07 16:32:13,OLEDDisplayTask
2024-12-07 16:32:13,OLEDDisplayTask
2024-12-07 16:32:13,OLEDDisplayTask
2024-12-07 16:32:13,OLEDDisplayTask
2024-12-07 16:32:13,OLEDDisplayTask
2024-12-07 16:32:13,OLEDDisplayTask
2024-12-07 16:32:13,OLEDDisplayTask
2024-12-07 16:32:13,OLEDDisplayTask
2024-12-07 16:32:14,OLEDDisplayTask
2024-12-07 16:32:14,ReadDHT11Task
2024-12-07 16:32:14,OLEDDisplayTask
2024-12-07 16:32:14,OLEDDisplayTask
2024-12-07 16:32:14,OLEDDisplayTask
2024-12-07 16:32:14,OLEDDisplayTask
2024-12-07 16:32:14,OLEDDisplayTask
2024-12-07 16:32:14,Mq2Task
2024-12-07 16:32:14,Temperature: 40 °C	Humidity: 46 %
2024-12-07 16:32:14,MQ-2 Gas Concentration: 8.76 PPM
2024-12-07 16:32:14,OLEDDisplayTask
2024-12-07 16:32:14,OLEDDisplayTask
2024-12-07 16:32:14,OLEDDisplayTask
2024-12-07 16:32:15,OLEDDisplayTask
2024-12-07 16:32:15,OLEDDisplayTask
2024-12-07 16:32:15,OLEDDisplayTask
2024-12-07 16:32:15,OLEDDisplayTask
2024-12-07 16:32:15,OLEDDisplayTask
2024-12-07 16:32:15,OLEDDisplayTask
2024-12-07 16:32:15,OLEDDisplayTask
2024-12-07 16:32:15,OLEDDisplayTask
2024-12-07 16:32:15,OLEDDisplayTask
2024-12-07 16:32:16,OLEDDisplayTask
2024-12-07 16:32:16,OLEDDisplayTask
2024-12-07 16:32:16,OLEDDisplayTask
2024-12-07 16:32:16,OLEDDisplayTask
2024-12-07 16:32:16,OLEDDisplayTask
2024-12-07 16:32:16,OLEDDisplayTask
2024-12-07 16:32:16,ReadDHT11Task
2024-12-07 16:32:16,Mq2Task
2024-12-07 16:32:16,MQ-2 Gas Concentration: 10.52 PPM
2024-12-07 16:32:16,OLEDDisplayTask
2024-12-07 16:32:16,OLEDDisplayTask
2024-12-07 16:32:16,OLEDDisplayTask
2024-12-07 16:32:17,OLEDDisplayTask
2024-12-07 16:32:17,Temperature: 40 °C	Humidity: 46 %
2024-12-07 16:32:17,OLEDDisplayTask
2024-12-07 16:32:17,OLEDDisplayTask
2024-12-07 16:32:17,OLEDDisplayTask
2024-12-07 16:32:17,OLEDDisplayTask
2024-12-07 16:32:17,OLEDDisplayTask
2024-12-07 16:32:17,OLEDDisplayTask
2024-12-07 16:32:17,OLEDDisplayTask
2024-12-07 16:32:17,OLEDDisplayTask
2024-12-07 16:32:18,OLEDDisplayTask
2024-12-07 16:32:18,OLEDDisplayTask
2024-12-07 16:32:18,OLEDDisplayTask
2024-12-07 16:32:18,OLEDDisplayTask
2024-12-07 16:32:18,OLEDDisplayTask
2024-12-07 16:32:18,OLEDDisplayTask
2024-12-07 16:32:18,Mq2Task
2024-12-07 16:32:18,MQ-2 Gas Concentration: 11.21 PPM
2024-12-07 16:32:18,OLEDDisplayTask
2024-12-07 16:32:18,OLEDDisplayTask
2024-12-07 16:32:18,OLEDDisplayTask
2024-12-07 16:32:19,OLEDDisplayTask
2024-12-07 16:32:19,ReadDHT11Task
2024-12-07 16:32:19,OLEDDisplayTask
2024-12-07 16:32:19,OLEDDisplayTask
2024-12-07 16:32:19,OLEDDisplayTask
2024-12-07 16:32:19,OLEDDisplayTask
2024-12-07 16:32:19,OLEDDisplayTask
2024-12-07 16:32:19,Temperature: 40 °C	Humidity: 46 %
2024-12-07 16:32:19,OLEDDisplayTask
2024-12-07 16:32:19,OLEDDisplayTask
2024-12-07 16:32:19,OLEDDisplayTask
2024-12-07 16:32:20,OLEDDisplayTask
2024-12-07 16:32:20,OLEDDisplayTask
2024-12-07 16:32:20,OLEDDisplayTask
2024-12-07 16:32:20,OLEDDisplayTask
2024-12-07 16:32:20,OLEDDisplayTask
2024-12-07 16:32:20,OLEDDisplayTask
2024-12-07 16:32:20,Mq2Task
2024-12-07 16:32:20,MQ-2 Gas Concentration: 10.28 PPM
2024-12-07 16:32:20,OLEDDisplayTask
2024-12-07 16:32:20,OLEDDisplayTask
2024-12-07 16:32:21,OLEDDisplayTask
2024-12-07 16:32:21,OLEDDisplayTask
2024-12-07 16:32:21,OLEDDisplayTask
2024-12-07 16:32:21,OLEDDisplayTask
2024-12-07 16:32:21,OLEDDisplayTask
2024-12-07 16:32:21,OLEDDisplayTask
2024-12-07 16:32:21,ReadDHT11Task
2024-12-07 16:32:21,OLEDDisplayTask
2024-12-07 16:32:21,OLEDDisplayTask
2024-12-07 16:32:21,OLEDDisplayTask
2024-12-07 16:32:22,OLEDDisplayTask
2024-12-07 16:32:22,OLEDDisplayTask
2024-12-07 16:32:22,Temperature: 40 °C	Humidity: 46 %
2024-12-07 16:32:22,OLEDDisplayTask
2024-12-07 16:32:22,OLEDDisplayTask
2024-12-07 16:32:22,OLEDDisplayTask
2024-12-07 16:32:22,OLEDDisplayTask
2024-12-07 16:32:22,OLEDDisplayTask
2024-12-07 16:32:22,Mq2Task
2024-12-07 16:32:22,MQ-2 Gas Concentration: OLEDDisplayTask
2024-12-07 16:32:22,11.50 PPM
2024-12-07 16:32:22,OLEDDisplayTask
2024-12-07 16:32:23,OLEDDisplayTask
2024-12-07 16:32:23,OLEDDisplayTask
2024-12-07 16:32:23,OLEDDisplayTask
2024-12-07 16:32:23,OLEDDisplayTask
2024-12-07 16:32:23,OLEDDisplayTask
2024-12-07 16:32:23,OLEDDisplayTask
2024-12-07 16:32:23,OLEDDisplayTask
2024-12-07 16:32:23,OLEDDisplayTask
2024-12-07 16:32:23,OLEDDisplayTask
2024-12-07 16:32:24,OLEDDisplayTask
2024-12-07 16:32:24,OLEDDisplayTask
2024-12-07 16:32:24,ReadDHT11Task
2024-12-07 16:32:24,OLEDDisplayTask
2024-12-07 16:32:24,OLEDDisplayTask
2024-12-07 16:32:24,OLEDDisplayTask
2024-12-07 16:32:24,OLEDDisplayTask
2024-12-07 16:32:24,Temperature: 40 °C	Humidity: 46 %
2024-12-07 16:32:24,OLEDDisplayTask
2024-12-07 16:32:24,Mq2Task
2024-12-07 16:32:24,OLEDDisplayTask
2024-12-07 16:32:24,MQ-2 Gas Concentration: 10.49 PPM
2024-12-07 16:32:24,OLEDDisplayTask
2024-12-07 16:32:25,OLEDDisplayTask
2024-12-07 16:32:25,OLEDDisplayTask
2024-12-07 16:32:25,OLEDDisplayTask
2024-12-07 16:32:25,OLEDDisplayTask
2024-12-07 16:32:25,OLEDDisplayTask
2024-12-07 16:32:25,OLEDDisplayTask
2024-12-07 16:32:25,OLEDDisplayTask
2024-12-07 16:32:25,OLEDDisplayTask
2024-12-07 16:32:25,OLEDDisplayTask
2024-12-07 16:32:26,OLEDDisplayTask
2024-12-07 16:32:26,OLEDDisplayTask
2024-12-07 16:32:26,OLEDDisplayTask
2024-12-07 16:32:26,OLEDDisplayTask
2024-12-07 16:32:26,OLEDDisplayTask
2024-12-07 16:32:26,OLEDDisplayTask
2024-12-07 16:32:26,ReadDHT11Task
2024-12-07 16:32:26,OLEDDisplayTask
2024-12-07 16:32:26,Mq2Task
2024-12-07 16:32:26,OLEDDisplayTask
2024-12-07 16:32:26,MQ-2 Gas Concentration: 10.07 PPM
2024-12-07 16:32:26,OLEDDisplayTask
2024-12-07 16:32:27,OLEDDisplayTask
2024-12-07 16:32:27,OLEDDisplayTask
2024-12-07 16:32:27,Temperature: 40 °C	Humidity: 46 %
2024-12-07 16:32:27,OLEDDisplayTask
2024-12-07 16:32:27,OLEDDisplayTask
2024-12-07 16:32:27,OLEDDisplayTask
2024-12-07 16:32:27,OLEDDisplayTask
2024-12-07 16:32:27,OLEDDisplayTask
2024-12-07 16:32:27,OLEDDisplayTask
2024-12-07 16:32:28,OLEDDisplayTask
2024-12-07 16:32:28,OLEDDisplayTask
2024-12-07 16:32:28,OLEDDisplayTask
2024-12-07 16:32:28,OLEDDisplayTask
2024-12-07 16:32:28,OLEDDisplayTask
2024-12-07 16:32:28,OLEDDisplayTask
2024-12-07 16:32:28,OLEDDisplayTask
2024-12-07 16:32:28,OLEDDisplayTask
2024-12-07 16:32:28,Mq2Task
2024-12-07 16:32:28,OLEDDisplayTask
2024-12-07 16:32:28,MQ-2 Gas Concentration: 10.61 PPM
2024-12-07 16:32:29,OLEDDisplayTask
2024-12-07 16:32:29,OLEDDisplayTask
2024-12-07 16:32:29,ReadDHT11Task
2024-12-07 16:32:29,OLEDDisplayTask
2024-12-07 16:32:29,OLEDDisplayTask
2024-12-07 16:32:29,OLEDDisplayTask
2024-12-07 16:32:29,OLEDDisplayTask
2024-12-07 16:32:29,OLEDDisplayTask
2024-12-07 16:32:29,Temperature: 40 °C	Humidity: 46 %
2024-12-07 16:32:29,OLEDDisplayTask
2024-12-07 16:32:29,OLEDDisplayTask
2024-12-07 16:32:30,OLEDDisplayTask
2024-12-07 16:32:30,OLEDDisplayTask
2024-12-07 16:32:30,OLEDDisplayTask
2024-12-07 16:32:30,OLEDDisplayTask
2024-12-07 16:32:30,OLEDDisplayTask
2024-12-07 16:32:30,OLEDDisplayTask
2024-12-07 16:32:30,OLEDDisplayTask
2024-12-07 16:32:30,OLEDDisplayTask
2024-12-07 16:32:30,Mq2Task
2024-12-07 16:32:30,OLEDDisplayTask
2024-12-07 16:32:30,MQ-2 Gas Concentration: 10.13 PPM
2024-12-07 16:32:31,OLEDDisplayTask
2024-12-07 16:32:31,OLEDDisplayTask
2024-12-07 16:32:31,OLEDDisplayTask
2024-12-07 16:32:31,OLEDDisplayTask
2024-12-07 16:32:31,OLEDDisplayTask
2024-12-07 16:32:31,OLEDDisplayTask
2024-12-07 16:32:31,OLEDDisplayTask
2024-12-07 16:32:31,ReadDHT11Task
2024-12-07 16:32:31,OLEDDisplayTask
2024-12-07 16:32:31,OLEDDisplayTask
2024-12-07 16:32:32,OLEDDisplayTask
2024-12-07 16:32:32,OLEDDisplayTask
2024-12-07 16:32:32,Temperature: 40 °C	Humidity: 46 %
2024-12-07 16:32:32,OLEDDisplayTask
2024-12-07 16:32:32,OLEDDisplayTask
2024-12-07 16:32:32,OLEDDisplayTask
2024-12-07 16:32:32,OLEDDisplayTask
2024-12-07 16:32:32,OLEDDisplayTask
2024-12-07 16:32:32,OLEDDisplayTask
2024-12-07 16:32:32,Mq2Task
2024-12-07 16:32:32,OLEDDisplayTask
2024-12-07 16:32:33,MQ-2 Gas Concentration: 10.92 PPM
2024-12-07 16:32:33,OLEDDisplayTask
2024-12-07 16:32:33,OLEDDisplayTask
2024-12-07 16:32:33,OLEDDisplayTask
2024-12-07 16:32:33,OLEDDisplayTask
2024-12-07 16:32:33,OLEDDisplayTask
2024-12-07 16:32:33,OLEDDisplayTask
2024-12-07 16:32:33,OLEDDisplayTask
2024-12-07 16:32:33,OLEDDisplayTask
2024-12-07 16:32:34,OLEDDisplayTask
2024-12-07 16:32:34,OLEDDisplayTask
2024-12-07 16:32:34,OLEDDisplayTask
2024-12-07 16:32:34,ReadDHT11Task
2024-12-07 16:32:34,OLEDDisplayTask
2024-12-07 16:32:34,OLEDDisplayTask
2024-12-07 16:32:34,OLEDDisplayTask
2024-12-07 16:32:34,OLEDDisplayTask
2024-12-07 16:32:34,Temperature: 40 °C	Humidity: 46 %
2024-12-07 16:32:34,OLEDDisplayTask
2024-12-07 16:32:34,OLEDDisplayTask
2024-12-07 16:32:35,OLEDDisplayTask
2024-12-07 16:32:35,Mq2Task
2024-12-07 16:32:35,MQ-2 Gas Concentration: 11.08 PPM
2024-12-07 16:32:35,OLEDDisplayTask
2024-12-07 16:32:35,OLEDDisplayTask
2024-12-07 16:32:35,OLEDDisplayTask
2024-12-07 16:32:35,OLEDDisplayTask
2024-12-07 16:32:35,OLEDDisplayTask
2024-12-07 16:32:35,OLEDDisplayTask
2024-12-07 16:32:35,OLEDDisplayTask
2024-12-07 16:32:35,OLEDDisplayTask
2024-12-07 16:32:36,OLEDDisplayTask
2024-12-07 16:32:36,OLEDDisplayTask
2024-12-07 16:32:36,OLEDDisplayTask
2024-12-07 16:32:36,OLEDDisplayTask
2024-12-07 16:32:36,OLEDDisplayTask
2024-12-07 16:32:36,OLEDDisplayTask
2024-12-07 16:32:36,OLEDDisplayTask
2024-12-07 16:32:36,ReadDHT11Task
2024-12-07 16:32:36,OLEDDisplayTask
2024-12-07 16:32:36,OLEDDisplayTask
2024-12-07 16:32:37,OLEDDisplayTask
2024-12-07 16:32:37,Mq2Task
2024-12-07 16:32:37,MQ-2 Gas Concentration: 10.43 PPM
2024-12-07 16:32:37,OLEDDisplayTask
2024-12-07 16:32:37,OLEDDisplayTask
2024-12-07 16:32:37,Error 253 Reading from DHT11 timed out.
2024-12-07 16:32:37,OLEDDisplayTask
2024-12-07 16:32:37,OLEDDisplayTask
2024-12-07 16:32:37,OLEDDisplayTask
2024-12-07 16:32:37,OLEDDisplayTask
2024-12-07 16:32:37,OLEDDisplayTask
2024-12-07 16:32:37,OLEDDisplayTask
2024-12-07 16:32:38,OLEDDisplayTask
2024-12-07 16:32:38,OLEDDisplayTask
2024-12-07 16:32:38,OLEDDisplayTask
2024-12-07 16:32:38,OLEDDisplayTask
2024-12-07 16:32:38,OLEDDisplayTask
2024-12-07 16:32:38,OLEDDisplayTask
2024-12-07 16:32:38,OLEDDisplayTask
2024-12-07 16:32:38,OLEDDisplayTask
2024-12-07 16:32:38,OLEDDisplayTask
2024-12-07 16:32:39,OLEDDisplayTask
2024-12-07 16:32:39,Mq2Task
2024-12-07 16:32:39,MQ-2 Gas Concentration: 10.58 PPM
2024-12-07 16:32:39,OLEDDisplayTask
2024-12-07 16:32:39,ReadDHT11Task
2024-12-07 16:32:39,OLEDDisplayTask
2024-12-07 16:32:39,OLEDDisplayTask
2024-12-07 16:32:39,OLEDDisplayTask
2024-12-07 16:32:39,OLEDDisplayTask
2024-12-07 16:32:39,OLEDDisplayTask
2024-12-07 16:32:39,Temperature: 40 °C	Humidity: 46 %
2024-12-07 16:32:39,OLEDDisplayTask
2024-12-07 16:32:39,OLEDDisplayTask
2024-12-07 16:32:40,OLEDDisplayTask
2024-12-07 16:32:40,OLEDDisplayTask
2024-12-07 16:32:40,OLEDDisplayTask
2024-12-07 16:32:40,OLEDDisplayTask
2024-12-07 16:32:40,OLEDDisplayTask
2024-12-07 16:32:40,OLEDDisplayTask
2024-12-07 16:32:40,OLEDDisplayTask
2024-12-07 16:32:40,OLEDDisplayTask
2024-12-07 16:32:41,OLEDDisplayTask
2024-12-07 16:32:41,OLEDDisplayTask
2024-12-07 16:32:41,Mq2Task
2024-12-07 16:32:41,MQ-2 Gas Concentration: 10.58 PPM
2024-12-07 16:32:41,OLEDDisplayTask
2024-12-07 16:32:41,OLEDDisplayTask
2024-12-07 16:32:41,OLEDDisplayTask
2024-12-07 16:32:41,OLEDDisplayTask
2024-12-07 16:32:41,OLEDDisplayTask
2024-12-07 16:32:41,OLEDDisplayTask
2024-12-07 16:32:41,ReadDHT11Task
2024-12-07 16:32:41,OLEDDisplayTask
2024-12-07 16:32:42,OLEDDisplayTask
2024-12-07 16:32:42,OLEDDisplayTask
2024-12-07 16:32:42,OLEDDisplayTask
2024-12-07 16:32:42,Temperature: 40 °C	Humidity: 46 %
2024-12-07 16:32:42,OLEDDisplayTask
2024-12-07 16:32:42,OLEDDisplayTask
2024-12-07 16:32:42,OLEDDisplayTask
2024-12-07 16:32:42,OLEDDisplayTask
2024-12-07 16:32:42,OLEDDisplayTask
2024-12-07 16:32:42,OLEDDisplayTask
2024-12-07 16:32:43,OLEDDisplayTask
2024-12-07 16:32:43,OLEDDisplayTask
2024-12-07 16:32:43,Mq2Task
2024-12-07 16:32:43,MQ-2 Gas Concentration: 11.34 PPM
2024-12-07 16:32:43,OLEDDisplayTask
2024-12-07 16:32:43,OLEDDisplayTask
2024-12-07 16:32:43,OLEDDisplayTask
2024-12-07 16:32:43,OLEDDisplayTask
2024-12-07 16:32:43,OLEDDisplayTask
2024-12-07 16:32:43,OLEDDisplayTask
2024-12-07 16:32:43,OLEDDisplayTask
2024-12-07 16:32:44,OLEDDisplayTask
2024-12-07 16:32:44,OLEDDisplayTask
2024-12-07 16:32:44,OLEDDisplayTask
2024-12-07 16:32:44,ReadDHT11Task
2024-12-07 16:32:44,OLEDDisplayTask
2024-12-07 16:32:44,OLEDDisplayTask
2024-12-07 16:32:44,OLEDDisplayTask
2024-12-07 16:32:44,OLEDDisplayTask
2024-12-07 16:32:44,OLEDDisplayTask
2024-12-07 16:32:44,Temperature: 40 °C	Humidity: 46 %
2024-12-07 16:32:44,OLEDDisplayTask
2024-12-07 16:32:45,OLEDDisplayTask
2024-12-07 16:32:45,OLEDDisplayTask
2024-12-07 16:32:45,Mq2Task
2024-12-07 16:32:45,MQ-2 Gas Concentration: 10.89 PPM
2024-12-07 16:32:45,OLEDDisplayTask
2024-12-07 16:32:45,OLEDDisplayTask
2024-12-07 16:32:45,OLEDDisplayTask
2024-12-07 16:32:45,OLEDDisplayTask
2024-12-07 16:32:45,OLEDDisplayTask
2024-12-07 16:32:45,OLEDDisplayTask
2024-12-07 16:32:45,OLEDDisplayTask
2024-12-07 16:32:46,OLEDDisplayTask
2024-12-07 16:32:46,OLEDDisplayTask
2024-12-07 16:32:46,OLEDDisplayTask
2024-12-07 16:32:46,OLEDDisplayTask
2024-12-07 16:32:46,OLEDDisplayTask
2024-12-07 16:32:46,OLEDDisplayTask
2024-12-07 16:32:46,OLEDDisplayTask
2024-12-07 16:32:46,ReadDHT11Task
2024-12-07 16:32:46,OLEDDisplayTask
2024-12-07 16:32:47,OLEDDisplayTask
2024-12-07 16:32:47,OLEDDisplayTask
2024-12-07 16:32:47,OLEDDisplayTask
2024-12-07 16:32:47,Mq2Task
2024-12-07 16:32:47,MQ-2 Gas Concentration: 10.31 PPM
2024-12-07 16:32:47,OLEDDisplayTask
2024-12-07 16:32:47,Temperature: 40 °C	Humidity: 46 %
2024-12-07 16:32:47,OLEDDisplayTask
2024-12-07 16:32:47,OLEDDisplayTask
2024-12-07 16:32:47,OLEDDisplayTask
2024-12-07 16:32:47,OLEDDisplayTask
2024-12-07 16:32:47,OLEDDisplayTask
2024-12-07 16:32:48,OLEDDisplayTask
2024-12-07 16:32:48,OLEDDisplayTask
2024-12-07 16:32:48,OLEDDisplayTask
2024-12-07 16:32:48,OLEDDisplayTask
2024-12-07 16:32:48,OLEDDisplayTask
2024-12-07 16:32:48,OLEDDisplayTask
2024-12-07 16:32:48,OLEDDisplayTask
2024-12-07 16:32:48,OLEDDisplayTask
2024-12-07 16:32:48,OLEDDisplayTask
2024-12-07 16:32:49,OLEDDisplayTask
2024-12-07 16:32:49,OLEDDisplayTask
2024-12-07 16:32:49,OLEDDisplayTask
2024-12-07 16:32:49,Mq2Task
2024-12-07 16:32:49,MQ-2 Gas Concentration: 10.31 PPM
2024-12-07 16:32:49,OLEDDisplayTask
2024-12-07 16:32:49,ReadDHT11Task
2024-12-07 16:32:49,OLEDDisplayTask
2024-12-07 16:32:49,OLEDDisplayTask
2024-12-07 16:32:49,OLEDDisplayTask
2024-12-07 16:32:49,OLEDDisplayTask
2024-12-07 16:32:49,Temperature: 40 °C	Humidity: 46 %
2024-12-07 16:32:49,OLEDDisplayTask
2024-12-07 16:32:50,OLEDDisplayTask
2024-12-07 16:32:50,OLEDDisplayTask
2024-12-07 16:32:50,OLEDDisplayTask
2024-12-07 16:32:50,OLEDDisplayTask
2024-12-07 16:32:50,OLEDDisplayTask
2024-12-07 16:32:50,OLEDDisplayTask
2024-12-07 16:32:50,OLEDDisplayTask
2024-12-07 16:32:50,OLEDDisplayTask
2024-12-07 16:32:50,OLEDDisplayTask
2024-12-07 16:32:51,OLEDDisplayTask
2024-12-07 16:32:51,OLEDDisplayTask
2024-12-07 16:32:51,OLEDDisplayTask
2024-12-07 16:32:51,Mq2Task
2024-12-07 16:32:51,OLEDDisplayTask
2024-12-07 16:32:51,MQ-2 Gas Concentration: 10.19 PPM
2024-12-07 16:32:51,OLEDDisplayTask
2024-12-07 16:32:51,OLEDDisplayTask
2024-12-07 16:32:51,OLEDDisplayTask
2024-12-07 16:32:51,OLEDDisplayTask
2024-12-07 16:32:51,ReadDHT11Task
2024-12-07 16:32:51,OLEDDisplayTask
2024-12-07 16:32:52,OLEDDisplayTask
2024-12-07 16:32:52,OLEDDisplayTask
2024-12-07 16:32:52,OLEDDisplayTask
2024-12-07 16:32:52,OLEDDisplayTask
2024-12-07 16:32:52,Temperature: 40 °C	Humidity: 46 %
2024-12-07 16:32:52,OLEDDisplayTask
2024-12-07 16:32:52,OLEDDisplayTask
2024-12-07 16:32:52,OLEDDisplayTask
2024-12-07 16:32:52,OLEDDisplayTask
2024-12-07 16:32:52,OLEDDisplayTask
2024-12-07 16:32:53,OLEDDisplayTask
2024-12-07 16:32:53,OLEDDisplayTask
2024-12-07 16:32:53,OLEDDisplayTask
2024-12-07 16:32:53,Mq2Task
2024-12-07 16:32:53,OLEDDisplayTask
2024-12-07 16:32:53,MQ-2 Gas Concentration: 10.25 PPM
2024-12-07 16:32:53,OLEDDisplayTask
2024-12-07 16:32:53,OLEDDisplayTask
2024-12-07 16:32:53,OLEDDisplayTask
2024-12-07 16:32:53,OLEDDisplayTask
2024-12-07 16:32:54,OLEDDisplayTask
2024-12-07 16:32:54,OLEDDisplayTask
2024-12-07 16:32:54,OLEDDisplayTask
2024-12-07 16:32:54,OLEDDisplayTask
2024-12-07 16:32:54,ReadDHT11Task
2024-12-07 16:32:54,OLEDDisplayTask
2024-12-07 16:32:54,OLEDDisplayTask
2024-12-07 16:32:54,OLEDDisplayTask
2024-12-07 16:32:54,OLEDDisplayTask
2024-12-07 16:32:54,OLEDDisplayTask
2024-12-07 16:32:54,Temperature: 40 °C	Humidity: 46 %
2024-12-07 16:32:55,OLEDDisplayTask
2024-12-07 16:32:55,OLEDDisplayTask
2024-12-07 16:32:55,OLEDDisplayTask
2024-12-07 16:32:55,OLEDDisplayTask
2024-12-07 16:32:55,Mq2Task
2024-12-07 16:32:55,OLEDDisplayTask
2024-12-07 16:32:55,MQ-2 Gas Concentration: 11.27 PPM
2024-12-07 16:32:55,OLEDDisplayTask
2024-12-07 16:32:55,OLEDDisplayTask
2024-12-07 16:32:55,OLEDDisplayTask
2024-12-07 16:32:55,OLEDDisplayTask
2024-12-07 16:32:56,OLEDDisplayTask
2024-12-07 16:32:56,OLEDDisplayTask
2024-12-07 16:32:56,OLEDDisplayTask
2024-12-07 16:32:56,OLEDDisplayTask
2024-12-07 16:32:56,OLEDDisplayTask
2024-12-07 16:32:56,OLEDDisplayTask
2024-12-07 16:32:56,OLEDDisplayTask
2024-12-07 16:32:56,OLEDDisplayTask
2024-12-07 16:32:56,OLEDDisplayTask
2024-12-07 16:32:56,ReadDHT11Task
2024-12-07 16:32:57,OLEDDisplayTask
2024-12-07 16:32:57,OLEDDisplayTask
2024-12-07 16:32:57,OLEDDisplayTask
2024-12-07 16:32:57,OLEDDisplayTask
2024-12-07 16:32:57,Mq2Task
2024-12-07 16:32:57,OLEDDisplayTask
2024-12-07 16:32:57,MQ-2 Gas Concentration: 29.95 PPM
2024-12-07 16:32:57,OLEDDisplayTask
2024-12-07 16:32:57,OLEDDisplayTask
2024-12-07 16:32:57,OLEDDisplayTask
2024-12-07 16:32:57,OLEDDisplayTask
2024-12-07 16:32:58,OLEDDisplayTask
2024-12-07 16:32:58,OLEDDisplayTask
2024-12-07 16:32:58,OLEDDisplayTask
2024-12-07 16:32:58,OLEDDisplayTask
2024-12-07 16:32:58,OLEDDisplayTask
2024-12-07 16:32:58,OLEDDisplayTask
2024-12-07 16:32:58,OLEDDisplayTask
2024-12-07 16:32:58,OLEDDisplayTask
2024-12-07 16:32:58,OLEDDisplayTask
2024-12-07 16:32:59,OLEDDisplayTask
2024-12-07 16:32:59,OLEDDisplayTask
2024-12-07 16:32:59,OLEDDisplayTask
2024-12-07 16:32:59,OLEDDisplayTask
2024-12-07 16:32:59,Mq2Task
2024-12-07 16:32:59,OLEDDisplayTask
2024-12-07 16:32:59,MQ-2 Gas Concentration: 10.25 PPM
2024-12-07 16:32:59,OLEDDisplayTask
2024-12-07 16:32:59,OLEDDisplayTask
2024-12-07 16:32:59,OLEDDisplayTask
2024-12-07 16:32:59,OLEDDisplayTask
2024-12-07 16:33:00,OLEDDisplayTask
2024-12-07 16:33:00,OLEDDisplayTask
2024-12-07 16:33:00,OLEDDisplayTask
2024-12-07 16:33:00,OLEDDisplayTask
2024-12-07 16:33:00,OLEDDisplayTask
2024-12-07 16:33:00,OLEDDisplayTask
2024-12-07 16:33:00,OLEDDisplayTask
2024-12-07 16:33:00,OLEDDisplayTask
2024-12-07 16:33:01,OLEDDisplayTask
2024-12-07 16:33:01,OLEDDisplayTask
2024-12-07 16:33:01,OLEDDisplayTask
2024-12-07 16:33:01,OLEDDisplayTask
2024-12-07 16:33:01,OLEDDisplayTask
2024-12-07 16:33:01,Mq2Task
2024-12-07 16:33:01,OLEDDisplayTask
2024-12-07 16:33:01,MQ-2 Gas Concentration: 10.22 PPM
2024-12-07 16:33:01,OLEDDisplayTask
2024-12-07 16:33:01,OLEDDisplayTask
2024-12-07 16:33:01,OLEDDisplayTask
2024-12-07 16:33:02,OLEDDisplayTask
2024-12-07 16:33:02,OLEDDisplayTask
2024-12-07 16:33:02,OLEDDisplayTask
2024-12-07 16:33:02,OLEDDisplayTask
2024-12-07 16:33:02,OLEDDisplayTask
2024-12-07 16:33:02,OLEDDisplayTask
2024-12-07 16:33:02,OLEDDisplayTask
2024-12-07 16:33:02,OLEDDisplayTask
2024-12-07 16:33:02,OLEDDisplayTask
2024-12-07 16:33:03,OLEDDisplayTask
2024-12-07 16:33:03,OLEDDisplayTask
2024-12-07 16:33:03,OLEDDisplayTask
2024-12-07 16:33:03,OLEDDisplayTask
2024-12-07 16:33:03,OLEDDisplayTask
2024-12-07 16:33:03,OLEDDisplayTask
2024-12-07 16:33:03,Mq2Task
2024-12-07 16:33:03,MQ-2 Gas Concentration: 10.71 PPM
2024-12-07 16:33:03,OLEDDisplayTask
2024-12-07 16:33:03,OLEDDisplayTask
2024-12-07 16:33:03,OLEDDisplayTask
2024-12-07 16:33:04,OLEDDisplayTask
2024-12-07 16:33:04,OLEDDisplayTask
2024-12-07 16:33:04,OLEDDisplayTask
2024-12-07 16:33:04,OLEDDisplayTask
2024-12-07 16:33:04,OLEDDisplayTask
2024-12-07 16:33:04,OLEDDisplayTask
2024-12-07 16:33:04,OLEDDisplayTask
2024-12-07 16:33:04,OLEDDisplayTask
2024-12-07 16:33:04,OLEDDisplayTask
2024-12-07 16:33:05,OLEDDisplayTask
2024-12-07 16:33:05,OLEDDisplayTask
2024-12-07 16:33:05,OLEDDisplayTask
2024-12-07 16:33:05,OLEDDisplayTask
2024-12-07 16:33:05,OLEDDisplayTask
2024-12-07 16:33:05,OLEDDisplayTask
2024-12-07 16:33:05,Mq2Task
2024-12-07 16:33:05,MQ-2 Gas Concentration: 11.24 PPM
2024-12-07 16:33:05,OLEDDisplayTask
2024-12-07 16:33:05,OLEDDisplayTask
2024-12-07 16:33:05,OLEDDisplayTask
2024-12-07 16:33:06,OLEDDisplayTask
2024-12-07 16:33:06,OLEDDisplayTask
2024-12-07 16:33:06,OLEDDisplayTask
2024-12-07 16:33:06,OLEDDisplayTask
2024-12-07 16:33:06,OLEDDisplayTask
2024-12-07 16:33:06,OLEDDisplayTask
2024-12-07 16:33:06,OLEDDisplayTask
2024-12-07 16:33:06,OLEDDisplayTask
2024-12-07 16:33:07,OLEDDisplayTask
2024-12-07 16:33:07,OLEDDisplayTask
2024-12-07 16:33:07,OLEDDisplayTask
2024-12-07 16:33:07,OLEDDisplayTask
2024-12-07 16:33:07,OLEDDisplayTask
2024-12-07 16:33:07,E (2155642) task_wdt: Task watchdog got triggered. The following tasks did not reset the watchdog in time:
2024-12-07 16:33:07,E (2155642) task_wdt:  - IDLE0 (CPU 0)
2024-12-07 16:33:07,E (2155642) task_wdt: Tasks currently running:
2024-12-07 16:33:07,E (2155642) task_wdt: CPU 0: Read DHT11 Task
2024-12-07 16:33:07,E (2155642) task_wdt: CPU 1: loopTask
2024-12-07 16:33:07,E (2155642) task_wdt: Aborting.
2024-12-07 16:33:07,abort() was called at PC 0x400e3439 on core 0
2024-12-07 16:33:07,Backtrace: 0x40083cbd:0x3ffbed0c |<-CORRUPTED
2024-12-07 16:33:07,ELF file SHA256: 35823fc91f1468de
2024-12-07 16:33:07,Rebooting...
2024-12-07 16:33:07,ets Jun  8 2016 00:22:57
2024-12-07 16:33:07,"rst:0xc (SW_CPU_RESET),boot:0x13 (SPI_FAST_FLASH_BOOT)"
2024-12-07 16:33:07,"configsip: 0, SPIWP:0xee"
2024-12-07 16:33:07,"clk_drv:0x00,q_drv:0x00,d_drv:0x00,cs0_drv:0x00,hd_drv:0x00,wp_drv:0x00"
2024-12-07 16:33:07,"mode:DIO, clock div:1"
2024-12-07 16:33:07,"load:0x3fff0030,len:1344"
2024-12-07 16:33:07,"load:0x40078000,len:13964"
2024-12-07 16:33:07,"load:0x40080400,len:3600"
2024-12-07 16:33:07,entry 0x400805f0
2024-12-07 16:33:08,Setup OLED
2024-12-07 16:33:10,Connecting to WiFi...
2024-12-07 16:33:10,Connected to WiFi
2024-12-07 16:33:11,OLEDDisplayTask
2024-12-07 16:33:11,semaphoreButtonTask
2024-12-07 16:33:11,ReadDHT11Task
2024-12-07 16:33:11,Calibrating please wait...OLEDDisplayTask
2024-12-07 16:33:11,...OLEDDisplayTask
2024-12-07 16:33:11,...OLEDDisplayTask
2024-12-07 16:33:11,..  done!.
2024-12-07 16:33:11,Mq2Task
2024-12-07 16:33:11,OLEDDisplayTask
2024-12-07 16:33:11,MQ-2 Gas Concentration: 6.62 PPM
2024-12-07 16:33:11,Temperature: 40 °C	Humidity: 46 %
2024-12-07 16:33:11,OLEDDisplayTask
2024-12-07 16:33:11,OLEDDisplayTask
2024-12-07 16:33:11,OLEDDisplayTask
2024-12-07 16:33:12,OLEDDisplayTask
2024-12-07 16:33:12,OLEDDisplayTask
2024-12-07 16:33:12,OLEDDisplayTask
2024-12-07 16:33:12,OLEDDisplayTask
2024-12-07 16:33:12,OLEDDisplayTask
2024-12-07 16:33:12,OLEDDisplayTask
2024-12-07 16:33:12,OLEDDisplayTask
2024-12-07 16:33:12,OLEDDisplayTask
2024-12-07 16:33:12,OLEDDisplayTask
2024-12-07 16:33:13,OLEDDisplayTask
2024-12-07 16:33:13,OLEDDisplayTask
2024-12-07 16:33:13,OLEDDisplayTask
2024-12-07 16:33:13,OLEDDisplayTask
2024-12-07 16:33:13,OLEDDisplayTask
2024-12-07 16:33:13,Mq2Task
2024-12-07 16:33:13,OLEDDisplayTask
2024-12-07 16:33:13,MQ-2 Gas Concentration: 10.01 PPM
2024-12-07 16:33:13,ReadDHT11Task
2024-12-07 16:33:13,OLEDDisplayTask
2024-12-07 16:33:13,OLEDDisplayTask
2024-12-07 16:33:13,OLEDDisplayTask
2024-12-07 16:33:14,OLEDDisplayTask
2024-12-07 16:33:14,Temperature: 40 °C	Humidity: 46 %
2024-12-07 16:33:14,OLEDDisplayTask
2024-12-07 16:33:14,OLEDDisplayTask
2024-12-07 16:33:14,OLEDDisplayTask
2024-12-07 16:33:14,OLEDDisplayTask
2024-12-07 16:33:14,OLEDDisplayTask
2024-12-07 16:33:14,OLEDDisplayTask
2024-12-07 16:33:14,OLEDDisplayTask
2024-12-07 16:33:15,OLEDDisplayTask
2024-12-07 16:33:15,OLEDDisplayTask
2024-12-07 16:33:15,OLEDDisplayTask
2024-12-07 16:33:15,OLEDDisplayTask
2024-12-07 16:33:15,OLEDDisplayTask
2024-12-07 16:33:15,OLEDDisplayTask
2024-12-07 16:33:15,Mq2Task
2024-12-07 16:33:15,OLEDDisplayTask
2024-12-07 16:33:15,MQ-2 Gas Concentration: 9.78 PPM
2024-12-07 16:33:15,OLEDDisplayTask
2024-12-07 16:33:15,OLEDDisplayTask
2024-12-07 16:33:16,OLEDDisplayTask
2024-12-07 16:33:16,OLEDDisplayTask
2024-12-07 16:33:16,ReadDHT11Task
2024-12-07 16:33:16,OLEDDisplayTask
2024-12-07 16:33:16,OLEDDisplayTask
2024-12-07 16:33:16,OLEDDisplayTask
2024-12-07 16:33:16,OLEDDisplayTask
2024-12-07 16:33:16,OLEDDisplayTask
2024-12-07 16:33:16,Temperature: 40 °C	Humidity: 46 %
2024-12-07 16:33:16,OLEDDisplayTask
2024-12-07 16:33:16,OLEDDisplayTask
2024-12-07 16:33:17,OLEDDisplayTask
2024-12-07 16:33:17,OLEDDisplayTask
2024-12-07 16:33:17,OLEDDisplayTask
2024-12-07 16:33:17,OLEDDisplayTask
2024-12-07 16:33:17,OLEDDisplayTask
2024-12-07 16:33:17,OLEDDisplayTask
2024-12-07 16:33:17,Mq2Task
2024-12-07 16:33:17,OLEDDisplayTask
2024-12-07 16:33:17,MQ-2 Gas Concentration: 9.99 PPM
2024-12-07 16:33:17,OLEDDisplayTask
2024-12-07 16:33:17,OLEDDisplayTask
2024-12-07 16:33:18,OLEDDisplayTask
2024-12-07 16:33:18,OLEDDisplayTask
2024-12-07 16:33:18,OLEDDisplayTask
2024-12-07 16:33:18,OLEDDisplayTask
2024-12-07 16:33:18,OLEDDisplayTask
2024-12-07 16:33:18,OLEDDisplayTask
2024-12-07 16:33:18,ReadDHT11Task
2024-12-07 16:33:18,OLEDDisplayTask
2024-12-07 16:33:18,OLEDDisplayTask
2024-12-07 16:33:18,OLEDDisplayTask
2024-12-07 16:33:19,OLEDDisplayTask
2024-12-07 16:33:19,OLEDDisplayTask
2024-12-07 16:33:19,Temperature: 40 °C	Humidity: 46 %
2024-12-07 16:33:19,OLEDDisplayTask
2024-12-07 16:33:19,OLEDDisplayTask
2024-12-07 16:33:19,OLEDDisplayTask
2024-12-07 16:33:19,OLEDDisplayTask
2024-12-07 16:33:19,Mq2Task
2024-12-07 16:33:19,OLEDDisplayTask
2024-12-07 16:33:19,MQ-2 Gas Concentration: 10.13 PPM
2024-12-07 16:33:19,OLEDDisplayTask
2024-12-07 16:33:19,OLEDDisplayTask
2024-12-07 16:33:20,OLEDDisplayTask
2024-12-07 16:33:20,OLEDDisplayTask
2024-12-07 16:33:20,OLEDDisplayTask
2024-12-07 16:33:20,OLEDDisplayTask
2024-12-07 16:33:20,OLEDDisplayTask
2024-12-07 16:33:20,OLEDDisplayTask
2024-12-07 16:33:20,OLEDDisplayTask
2024-12-07 16:33:20,OLEDDisplayTask
2024-12-07 16:33:21,OLEDDisplayTask
2024-12-07 16:33:21,OLEDDisplayTask
2024-12-07 16:33:21,OLEDDisplayTask
2024-12-07 16:33:21,ReadDHT11Task
2024-12-07 16:33:21,OLEDDisplayTask
2024-12-07 16:33:21,OLEDDisplayTask
2024-12-07 16:33:21,OLEDDisplayTask
2024-12-07 16:33:21,OLEDDisplayTask
2024-12-07 16:33:21,Temperature: 40 °C	Humidity: 46 %
2024-12-07 16:33:21,Mq2Task
2024-12-07 16:33:21,OLEDDisplayTask
2024-12-07 16:33:21,MQ-2 Gas Concentration: 10.16 PPM
2024-12-07 16:33:21,OLEDDisplayTask
2024-12-07 16:33:22,OLEDDisplayTask
2024-12-07 16:33:22,OLEDDisplayTask
2024-12-07 16:33:22,OLEDDisplayTask
2024-12-07 16:33:22,OLEDDisplayTask
2024-12-07 16:33:22,OLEDDisplayTask
2024-12-07 16:33:22,OLEDDisplayTask
2024-12-07 16:33:22,OLEDDisplayTask
2024-12-07 16:33:22,OLEDDisplayTask
2024-12-07 16:33:22,OLEDDisplayTask
2024-12-07 16:33:23,OLEDDisplayTask
2024-12-07 16:33:23,OLEDDisplayTask
2024-12-07 16:33:23,OLEDDisplayTask
2024-12-07 16:33:23,OLEDDisplayTask
2024-12-07 16:33:23,OLEDDisplayTask
2024-12-07 16:33:23,OLEDDisplayTask
2024-12-07 16:33:23,OLEDDisplayTask
2024-12-07 16:33:23,ReadDHT11Task
2024-12-07 16:33:23,OLEDDisplayTask
2024-12-07 16:33:23,Mq2Task
2024-12-07 16:33:23,MQ-2 Gas Concentration: 9.99 PPM
2024-12-07 16:33:23,OLEDDisplayTask
2024-12-07 16:33:24,OLEDDisplayTask
2024-12-07 16:33:24,OLEDDisplayTask
2024-12-07 16:33:24,OLEDDisplayTask
2024-12-07 16:33:24,Temperature: 40 °C	Humidity: 46 %
2024-12-07 16:33:24,OLEDDisplayTask
2024-12-07 16:33:24,OLEDDisplayTask
2024-12-07 16:33:24,OLEDDisplayTask
2024-12-07 16:33:24,OLEDDisplayTask
2024-12-07 16:33:24,OLEDDisplayTask
2024-12-07 16:33:24,OLEDDisplayTask
2024-12-07 16:33:25,OLEDDisplayTask
2024-12-07 16:33:25,OLEDDisplayTask
2024-12-07 16:33:25,OLEDDisplayTask
2024-12-07 16:33:25,OLEDDisplayTask
2024-12-07 16:33:25,OLEDDisplayTask
2024-12-07 16:33:25,OLEDDisplayTask
2024-12-07 16:33:25,OLEDDisplayTask
2024-12-07 16:33:25,OLEDDisplayTask
2024-12-07 16:33:25,Mq2Task
2024-12-07 16:33:25,MQ-2 Gas Concentration: 10.34 PPM
2024-12-07 16:33:25,OLEDDisplayTask
2024-12-07 16:33:26,OLEDDisplayTask
2024-12-07 16:33:26,OLEDDisplayTask
2024-12-07 16:33:26,ReadDHT11Task
2024-12-07 16:33:26,OLEDDisplayTask
2024-12-07 16:33:26,OLEDDisplayTask
2024-12-07 16:33:26,OLEDDisplayTask
2024-12-07 16:33:26,OLEDDisplayTask
2024-12-07 16:33:26,OLEDDisplayTask
2024-12-07 16:33:26,Temperature: 40 °C	Humidity: 46 %
2024-12-07 16:33:26,OLEDDisplayTask
2024-12-07 16:33:26,OLEDDisplayTask
2024-12-07 16:33:27,OLEDDisplayTask
2024-12-07 16:33:27,OLEDDisplayTask
2024-12-07 16:33:27,OLEDDisplayTask
2024-12-07 16:33:27,OLEDDisplayTask
2024-12-07 16:33:27,OLEDDisplayTask
2024-12-07 16:33:27,OLEDDisplayTask
2024-12-07 16:33:27,OLEDDisplayTask
2024-12-07 16:33:27,OLEDDisplayTask
2024-12-07 16:33:27,Mq2Task
2024-12-07 16:33:27,MQ-2 Gas Concentration: 9.93 PPM
2024-12-07 16:33:28,OLEDDisplayTask
2024-12-07 16:33:28,OLEDDisplayTask
2024-12-07 16:33:28,OLEDDisplayTask
2024-12-07 16:33:28,OLEDDisplayTask
2024-12-07 16:33:28,OLEDDisplayTask
2024-12-07 16:33:28,OLEDDisplayTask
2024-12-07 16:33:28,OLEDDisplayTask
2024-12-07 16:33:28,OLEDDisplayTask
2024-12-07 16:33:28,ReadDHT11Task
2024-12-07 16:33:28,OLEDDisplayTask
2024-12-07 16:33:29,OLEDDisplayTask
2024-12-07 16:33:29,OLEDDisplayTask
2024-12-07 16:33:29,OLEDDisplayTask
2024-12-07 16:33:29,Temperature: 40 °C	Humidity: 46 %
2024-12-07 16:33:29,OLEDDisplayTask
2024-12-07 16:33:29,OLEDDisplayTask
2024-12-07 16:33:29,OLEDDisplayTask
2024-12-07 16:33:29,OLEDDisplayTask
2024-12-07 16:33:29,OLEDDisplayTask
2024-12-07 16:33:29,OLEDDisplayTask
2024-12-07 16:33:29,Mq2Task
2024-12-07 16:33:30,MQ-2 Gas Concentration: 10.64 PPM
2024-12-07 16:33:30,OLEDDisplayTask
2024-12-07 16:33:30,OLEDDisplayTask
2024-12-07 16:33:30,OLEDDisplayTask
2024-12-07 16:33:30,OLEDDisplayTask
2024-12-07 16:33:30,OLEDDisplayTask
2024-12-07 16:33:30,OLEDDisplayTask
2024-12-07 16:33:30,OLEDDisplayTask
2024-12-07 16:33:30,OLEDDisplayTask
2024-12-07 16:33:30,OLEDDisplayTask
2024-12-07 16:33:31,OLEDDisplayTask
2024-12-07 16:33:31,OLEDDisplayTask
2024-12-07 16:33:31,OLEDDisplayTask
2024-12-07 16:33:31,ReadDHT11Task
2024-12-07 16:33:31,OLEDDisplayTask
2024-12-07 16:33:31,OLEDDisplayTask
2024-12-07 16:33:31,OLEDDisplayTask
2024-12-07 16:33:31,OLEDDisplayTask
2024-12-07 16:33:31,OLEDDisplayTask
2024-12-07 16:33:31,Temperature: 40 °C	Humidity: 46 %
2024-12-07 16:33:31,OLEDDisplayTask
2024-12-07 16:33:32,Mq2Task
2024-12-07 16:33:32,MQ-2 Gas Concentration: 10.01 PPM
2024-12-07 16:33:32,OLEDDisplayTask
2024-12-07 16:33:32,OLEDDisplayTask
2024-12-07 16:33:32,OLEDDisplayTask
2024-12-07 16:33:32,OLEDDisplayTask
2024-12-07 16:33:32,OLEDDisplayTask
2024-12-07 16:33:32,OLEDDisplayTask
2024-12-07 16:33:32,OLEDDisplayTask
2024-12-07 16:33:32,OLEDDisplayTask
2024-12-07 16:33:32,OLEDDisplayTask
2024-12-07 16:33:33,OLEDDisplayTask
2024-12-07 16:33:33,OLEDDisplayTask
2024-12-07 16:33:33,OLEDDisplayTask
2024-12-07 16:33:33,OLEDDisplayTask
2024-12-07 16:33:33,OLEDDisplayTask
2024-12-07 16:33:33,OLEDDisplayTask
2024-12-07 16:33:33,OLEDDisplayTask
2024-12-07 16:33:33,ReadDHT11Task
2024-12-07 16:33:33,OLEDDisplayTask
2024-12-07 16:33:33,OLEDDisplayTask
2024-12-07 16:33:34,Mq2Task
2024-12-07 16:33:34,MQ-2 Gas Concentration: 10.34 PPM
2024-12-07 16:33:34,OLEDDisplayTask
2024-12-07 16:33:34,OLEDDisplayTask
2024-12-07 16:33:34,OLEDDisplayTask
2024-12-07 16:33:34,Temperature: 40 °C	Humidity: 46 %
2024-12-07 16:33:34,OLEDDisplayTask
2024-12-07 16:33:34,OLEDDisplayTask
2024-12-07 16:33:34,OLEDDisplayTask
2024-12-07 16:33:34,OLEDDisplayTask
2024-12-07 16:33:34,OLEDDisplayTask
2024-12-07 16:33:35,OLEDDisplayTask
2024-12-07 16:33:35,OLEDDisplayTask
2024-12-07 16:33:35,OLEDDisplayTask
2024-12-07 16:33:35,OLEDDisplayTask
2024-12-07 16:33:35,OLEDDisplayTask
2024-12-07 16:33:35,OLEDDisplayTask
2024-12-07 16:33:35,OLEDDisplayTask
2024-12-07 16:33:35,OLEDDisplayTask
2024-12-07 16:33:35,OLEDDisplayTask
2024-12-07 16:33:36,OLEDDisplayTask
2024-12-07 16:33:36,Mq2Task
2024-12-07 16:33:36,MQ-2 Gas Concentration: 10.19 PPM
2024-12-07 16:33:36,OLEDDisplayTask
2024-12-07 16:33:36,OLEDDisplayTask
2024-12-07 16:33:36,OLEDDisplayTask
2024-12-07 16:33:36,ReadDHT11Task
2024-12-07 16:33:36,OLEDDisplayTask
2024-12-07 16:33:36,OLEDDisplayTask
2024-12-07 16:33:36,OLEDDisplayTask
2024-12-07 16:33:36,OLEDDisplayTask
2024-12-07 16:33:36,Error 253 Reading from DHT11 timed out.
2024-12-07 16:33:36,OLEDDisplayTask
2024-12-07 16:33:37,OLEDDisplayTask
2024-12-07 16:33:37,OLEDDisplayTask
2024-12-07 16:33:37,OLEDDisplayTask
2024-12-07 16:33:37,OLEDDisplayTask
2024-12-07 16:33:37,OLEDDisplayTask
2024-12-07 16:33:37,OLEDDisplayTask
2024-12-07 16:33:37,OLEDDisplayTask
2024-12-07 16:33:37,OLEDDisplayTask
2024-12-07 16:33:37,OLEDDisplayTask
2024-12-07 16:33:38,OLEDDisplayTask
2024-12-07 16:33:38,Mq2Task
2024-12-07 16:33:38,MQ-2 Gas Concentration: 10.01 PPM
2024-12-07 16:33:38,OLEDDisplayTask
2024-12-07 16:33:38,OLEDDisplayTask
2024-12-07 16:33:38,OLEDDisplayTask
2024-12-07 16:33:38,OLEDDisplayTask
2024-12-07 16:33:38,OLEDDisplayTask
2024-12-07 16:33:38,OLEDDisplayTask
2024-12-07 16:33:38,OLEDDisplayTask
2024-12-07 16:33:38,ReadDHT11Task
2024-12-07 16:33:38,OLEDDisplayTask
2024-12-07 16:33:39,OLEDDisplayTask
2024-12-07 16:33:39,OLEDDisplayTask
2024-12-07 16:33:39,OLEDDisplayTask
2024-12-07 16:33:39,OLEDDisplayTask
2024-12-07 16:33:39,Temperature: 40 °C	Humidity: 46 %
2024-12-07 16:33:39,OLEDDisplayTask
2024-12-07 16:33:39,OLEDDisplayTask
2024-12-07 16:33:39,OLEDDisplayTask
2024-12-07 16:33:39,OLEDDisplayTask
2024-12-07 16:33:39,OLEDDisplayTask
2024-12-07 16:33:40,OLEDDisplayTask
2024-12-07 16:33:40,Mq2Task
2024-12-07 16:33:40,MQ-2 Gas Concentration: 10.10 PPM
2024-12-07 16:33:40,OLEDDisplayTask
2024-12-07 16:33:40,OLEDDisplayTask
2024-12-07 16:33:40,OLEDDisplayTask
2024-12-07 16:33:40,OLEDDisplayTask
2024-12-07 16:33:40,OLEDDisplayTask
2024-12-07 16:33:40,OLEDDisplayTask
2024-12-07 16:33:40,OLEDDisplayTask
2024-12-07 16:33:41,OLEDDisplayTask
2024-12-07 16:33:41,OLEDDisplayTask
2024-12-07 16:33:41,OLEDDisplayTask
2024-12-07 16:33:41,OLEDDisplayTask
2024-12-07 16:33:41,ReadDHT11Task
2024-12-07 16:33:41,OLEDDisplayTask
2024-12-07 16:33:41,OLEDDisplayTask
2024-12-07 16:33:41,OLEDDisplayTask
2024-12-07 16:33:41,OLEDDisplayTask
2024-12-07 16:33:41,OLEDDisplayTask
2024-12-07 16:33:41,Temperature: 40 °C	Humidity: 46 %
2024-12-07 16:33:42,OLEDDisplayTask
2024-12-07 16:33:42,OLEDDisplayTask
2024-12-07 16:33:42,Mq2Task
2024-12-07 16:33:42,OLEDDisplayTask
2024-12-07 16:33:42,MQ-2 Gas Concentration: 9.78 PPM
2024-12-07 16:33:42,OLEDDisplayTask
2024-12-07 16:33:42,OLEDDisplayTask
2024-12-07 16:33:42,OLEDDisplayTask
2024-12-07 16:33:42,OLEDDisplayTask
2024-12-07 16:33:42,OLEDDisplayTask
2024-12-07 16:33:42,OLEDDisplayTask
2024-12-07 16:33:43,OLEDDisplayTask
2024-12-07 16:33:43,OLEDDisplayTask
2024-12-07 16:33:43,OLEDDisplayTask
2024-12-07 16:33:43,OLEDDisplayTask
2024-12-07 16:33:43,OLEDDisplayTask
2024-12-07 16:33:43,OLEDDisplayTask
2024-12-07 16:33:43,OLEDDisplayTask
2024-12-07 16:33:43,OLEDDisplayTask
2024-12-07 16:33:43,OLEDDisplayTask
2024-12-07 16:33:43,ReadDHT11Task
2024-12-07 16:33:44,OLEDDisplayTask
2024-12-07 16:33:44,OLEDDisplayTask
2024-12-07 16:33:44,Mq2Task
2024-12-07 16:33:44,OLEDDisplayTask
2024-12-07 16:33:44,MQ-2 Gas Concentration: 10.04 PPM
2024-12-07 16:33:44,OLEDDisplayTask
2024-12-07 16:33:44,Temperature: 40 °C	Humidity: 46 %
2024-12-07 16:33:44,OLEDDisplayTask
2024-12-07 16:33:44,OLEDDisplayTask
2024-12-07 16:33:44,OLEDDisplayTask
2024-12-07 16:33:44,OLEDDisplayTask
2024-12-07 16:33:44,OLEDDisplayTask
2024-12-07 16:33:45,OLEDDisplayTask
2024-12-07 16:33:45,OLEDDisplayTask
2024-12-07 16:33:45,OLEDDisplayTask
2024-12-07 16:33:45,OLEDDisplayTask
2024-12-07 16:33:45,OLEDDisplayTask
2024-12-07 16:33:45,OLEDDisplayTask
2024-12-07 16:33:45,OLEDDisplayTask
2024-12-07 16:33:45,OLEDDisplayTask
2024-12-07 16:33:45,OLEDDisplayTask
2024-12-07 16:33:46,OLEDDisplayTask
2024-12-07 16:33:46,OLEDDisplayTask
2024-12-07 16:33:46,Mq2Task
2024-12-07 16:33:46,OLEDDisplayTask
2024-12-07 16:33:46,MQ-2 Gas Concentration: 10.91 PPM
2024-12-07 16:33:46,OLEDDisplayTask
2024-12-07 16:33:46,ReadDHT11Task
2024-12-07 16:33:46,OLEDDisplayTask
2024-12-07 16:33:46,OLEDDisplayTask
2024-12-07 16:33:46,OLEDDisplayTask
2024-12-07 16:33:46,OLEDDisplayTask
2024-12-07 16:33:46,OLEDDisplayTask
2024-12-07 16:33:47,Temperature: 40 °C	Humidity: 46 %
2024-12-07 16:33:47,OLEDDisplayTask
2024-12-07 16:33:47,OLEDDisplayTask
2024-12-07 16:33:47,OLEDDisplayTask
2024-12-07 16:33:47,OLEDDisplayTask
2024-12-07 16:33:47,OLEDDisplayTask
2024-12-07 16:33:47,OLEDDisplayTask
2024-12-07 16:33:47,OLEDDisplayTask
2024-12-07 16:33:47,OLEDDisplayTask
2024-12-07 16:33:48,OLEDDisplayTask
2024-12-07 16:33:48,OLEDDisplayTask
2024-12-07 16:33:48,OLEDDisplayTask
2024-12-07 16:33:48,Mq2Task
2024-12-07 16:33:48,OLEDDisplayTask
2024-12-07 16:33:48,MQ-2 Gas Concentration: 10.58 PPM
2024-12-07 16:33:48,OLEDDisplayTask
2024-12-07 16:33:48,OLEDDisplayTask
2024-12-07 16:33:48,OLEDDisplayTask
2024-12-07 16:33:48,OLEDDisplayTask
2024-12-07 16:33:48,OLEDDisplayTask
2024-12-07 16:33:49,ReadDHT11Task
2024-12-07 16:33:49,OLEDDisplayTask
2024-12-07 16:33:49,OLEDDisplayTask
2024-12-07 16:33:49,OLEDDisplayTask
2024-12-07 16:33:49,OLEDDisplayTask
2024-12-07 16:33:49,OLEDDisplayTask
2024-12-07 16:33:49,Temperature: 40 °C	Humidity: 46 %
2024-12-07 16:33:49,OLEDDisplayTask
2024-12-07 16:33:49,OLEDDisplayTask
2024-12-07 16:33:49,OLEDDisplayTask
2024-12-07 16:33:49,OLEDDisplayTask
2024-12-07 16:33:50,OLEDDisplayTask
2024-12-07 16:33:50,OLEDDisplayTask
2024-12-07 16:33:50,OLEDDisplayTask
2024-12-07 16:33:50,Mq2Task
2024-12-07 16:33:50,OLEDDisplayTask
2024-12-07 16:33:50,MQ-2 Gas Concentration: 9.73 PPM
2024-12-07 16:33:50,OLEDDisplayTask
2024-12-07 16:33:50,OLEDDisplayTask
2024-12-07 16:33:50,OLEDDisplayTask
2024-12-07 16:33:50,OLEDDisplayTask
2024-12-07 16:33:50,OLEDDisplayTask
2024-12-07 16:33:51,OLEDDisplayTask
2024-12-07 16:33:51,OLEDDisplayTask
2024-12-07 16:33:51,OLEDDisplayTask
2024-12-07 16:33:51,OLEDDisplayTask
2024-12-07 16:33:51,OLEDDisplayTask
2024-12-07 16:33:51,ReadDHT11Task
2024-12-07 16:33:51,OLEDDisplayTask
2024-12-07 16:33:51,OLEDDisplayTask
2024-12-07 16:33:51,OLEDDisplayTask
2024-12-07 16:33:51,OLEDDisplayTask
2024-12-07 16:33:52,Temperature: 40 °C	Humidity: 46 %
2024-12-07 16:33:52,OLEDDisplayTask
2024-12-07 16:33:52,OLEDDisplayTask
2024-12-07 16:33:52,OLEDDisplayTask
2024-12-07 16:33:52,Mq2Task
2024-12-07 16:33:52,OLEDDisplayTask
2024-12-07 16:33:52,MQ-2 Gas Concentration: 9.93 PPM
2024-12-07 16:33:52,OLEDDisplayTask
2024-12-07 16:33:52,OLEDDisplayTask
2024-12-07 16:33:52,OLEDDisplayTask
2024-12-07 16:33:52,OLEDDisplayTask
2024-12-07 16:33:52,OLEDDisplayTask
2024-12-07 16:33:53,OLEDDisplayTask
2024-12-07 16:33:53,OLEDDisplayTask
2024-12-07 16:33:53,OLEDDisplayTask
2024-12-07 16:33:53,OLEDDisplayTask
2024-12-07 16:33:53,OLEDDisplayTask
2024-12-07 16:33:53,OLEDDisplayTask
2024-12-07 16:33:53,OLEDDisplayTask
2024-12-07 16:33:53,OLEDDisplayTask
2024-12-07 16:33:54,OLEDDisplayTask
2024-12-07 16:33:54,ReadDHT11Task
2024-12-07 16:33:54,OLEDDisplayTask
2024-12-07 16:33:54,OLEDDisplayTask
2024-12-07 16:33:54,OLEDDisplayTask
2024-12-07 16:33:54,OLEDDisplayTask
2024-12-07 16:33:54,Mq2Task
2024-12-07 16:33:54,MQ-2 Gas Concentration: 10.04 PPM
2024-12-07 16:33:54,OLEDDisplayTask
2024-12-07 16:33:54,Temperature: 40 °C	Humidity: 46 %
2024-12-07 16:33:54,OLEDDisplayTask
2024-12-07 16:33:54,OLEDDisplayTask
2024-12-07 16:33:54,OLEDDisplayTask
2024-12-07 16:33:55,OLEDDisplayTask
2024-12-07 16:33:55,OLEDDisplayTask
2024-12-07 16:33:55,OLEDDisplayTask
2024-12-07 16:33:55,OLEDDisplayTask
2024-12-07 16:33:55,OLEDDisplayTask
2024-12-07 16:33:55,OLEDDisplayTask
2024-12-07 16:33:55,OLEDDisplayTask
2024-12-07 16:33:55,OLEDDisplayTask
2024-12-07 16:33:55,OLEDDisplayTask
2024-12-07 16:33:56,OLEDDisplayTask
2024-12-07 16:33:56,OLEDDisplayTask
2024-12-07 16:33:56,OLEDDisplayTask
2024-12-07 16:33:56,OLEDDisplayTask
2024-12-07 16:33:56,OLEDDisplayTask
2024-12-07 16:33:56,Mq2Task
2024-12-07 16:33:56,MQ-2 Gas Concentration: 9.73 PPM
2024-12-07 16:33:56,ReadDHT11Task
2024-12-07 16:33:56,OLEDDisplayTask
2024-12-07 16:33:56,OLEDDisplayTask
2024-12-07 16:33:56,OLEDDisplayTask
2024-12-07 16:33:56,OLEDDisplayTask
2024-12-07 16:33:57,OLEDDisplayTask
2024-12-07 16:33:57,Temperature: 40 °C	Humidity: 46 %
2024-12-07 16:33:57,OLEDDisplayTask
2024-12-07 16:33:57,OLEDDisplayTask
2024-12-07 16:33:57,OLEDDisplayTask
2024-12-07 16:33:57,OLEDDisplayTask
2024-12-07 16:33:57,OLEDDisplayTask
2024-12-07 16:33:57,OLEDDisplayTask
2024-12-07 16:33:57,OLEDDisplayTask
2024-12-07 16:33:57,OLEDDisplayTask
2024-12-07 16:33:58,OLEDDisplayTask
2024-12-07 16:33:58,OLEDDisplayTask
2024-12-07 16:33:58,OLEDDisplayTask
2024-12-07 16:33:58,OLEDDisplayTask
2024-12-07 16:33:58,OLEDDisplayTask
2024-12-07 16:33:58,Mq2Task
2024-12-07 16:33:58,MQ-2 Gas Concentration: 10.13 PPM
2024-12-07 16:33:58,OLEDDisplayTask
2024-12-07 16:33:58,OLEDDisplayTask
2024-12-07 16:33:58,OLEDDisplayTask
2024-12-07 16:33:58,OLEDDisplayTask
2024-12-07 16:33:59,OLEDDisplayTask
2024-12-07 16:33:59,ReadDHT11Task
2024-12-07 16:33:59,OLEDDisplayTask
2024-12-07 16:33:59,OLEDDisplayTask
2024-12-07 16:33:59,OLEDDisplayTask
2024-12-07 16:33:59,OLEDDisplayTask
2024-12-07 16:33:59,Temperature: 40 °C	Humidity: 46 %
2024-12-07 16:33:59,OLEDDisplayTask
2024-12-07 16:33:59,OLEDDisplayTask
2024-12-07 16:33:59,OLEDDisplayTask
2024-12-07 16:33:59,OLEDDisplayTask
2024-12-07 16:34:00,OLEDDisplayTask
2024-12-07 16:34:00,OLEDDisplayTask
2024-12-07 16:34:00,OLEDDisplayTask
2024-12-07 16:34:00,OLEDDisplayTask
2024-12-07 16:34:00,OLEDDisplayTask
2024-12-07 16:34:00,Mq2Task
2024-12-07 16:34:00,MQ-2 Gas Concentration: 10.61 PPM
2024-12-07 16:34:00,OLEDDisplayTask
2024-12-07 16:34:00,OLEDDisplayTask
2024-12-07 16:34:00,OLEDDisplayTask
2024-12-07 16:34:01,OLEDDisplayTask
2024-12-07 16:34:01,OLEDDisplayTask
2024-12-07 16:34:01,OLEDDisplayTask
2024-12-07 16:34:01,OLEDDisplayTask
2024-12-07 16:34:01,OLEDDisplayTask
2024-12-07 16:34:01,OLEDDisplayTask
2024-12-07 16:34:01,ReadDHT11Task
2024-12-07 16:34:01,OLEDDisplayTask
2024-12-07 16:34:01,OLEDDisplayTask
2024-12-07 16:34:01,OLEDDisplayTask
2024-12-07 16:34:02,OLEDDisplayTask
2024-12-07 16:34:02,OLEDDisplayTask
2024-12-07 16:34:02,Temperature: 40 °C	Humidity: 46 %
2024-12-07 16:34:02,OLEDDisplayTask
2024-12-07 16:34:02,OLEDDisplayTask
2024-12-07 16:34:02,OLEDDisplayTask
2024-12-07 16:34:02,OLEDDisplayTask
2024-12-07 16:34:02,Mq2Task
2024-12-07 16:34:02,MQ-2 Gas Concentration: 9.90 PPM
2024-12-07 16:34:02,OLEDDisplayTask
2024-12-07 16:34:02,OLEDDisplayTask
2024-12-07 16:34:02,OLEDDisplayTask
2024-12-07 16:34:03,OLEDDisplayTask
2024-12-07 16:34:03,OLEDDisplayTask
2024-12-07 16:34:03,OLEDDisplayTask
2024-12-07 16:34:03,OLEDDisplayTask
2024-12-07 16:34:03,OLEDDisplayTask
2024-12-07 16:34:03,OLEDDisplayTask
2024-12-07 16:34:03,OLEDDisplayTask
2024-12-07 16:34:03,OLEDDisplayTask
2024-12-07 16:34:03,OLEDDisplayTask
2024-12-07 16:34:04,OLEDDisplayTask
2024-12-07 16:34:04,ReadDHT11Task
2024-12-07 16:34:04,OLEDDisplayTask
2024-12-07 16:34:04,OLEDDisplayTask
2024-12-07 16:34:04,OLEDDisplayTask
2024-12-07 16:34:04,OLEDDisplayTask
2024-12-07 16:34:04,OLEDDisplayTask
2024-12-07 16:34:04,Mq2Task
2024-12-07 16:34:04,Temperature: 40 °C	Humidity: 46 %
2024-12-07 16:34:04,MQ-2 Gas Concentration: 8.65 PPM
2024-12-07 16:34:04,OLEDDisplayTask
2024-12-07 16:34:04,OLEDDisplayTask
2024-12-07 16:34:04,OLEDDisplayTask
2024-12-07 16:34:05,OLEDDisplayTask
2024-12-07 16:34:05,OLEDDisplayTask
2024-12-07 16:34:05,OLEDDisplayTask
2024-12-07 16:34:05,OLEDDisplayTask
2024-12-07 16:34:05,OLEDDisplayTask
2024-12-07 16:34:05,OLEDDisplayTask
2024-12-07 16:34:05,OLEDDisplayTask
2024-12-07 16:34:05,OLEDDisplayTask
2024-12-07 16:34:05,OLEDDisplayTask
2024-12-07 16:34:06,OLEDDisplayTask
2024-12-07 16:34:06,OLEDDisplayTask
2024-12-07 16:34:06,OLEDDisplayTask
2024-12-07 16:34:06,OLEDDisplayTask
2024-12-07 16:34:06,OLEDDisplayTask
2024-12-07 16:34:06,OLEDDisplayTask
2024-12-07 16:34:06,ReadDHT11Task
2024-12-07 16:34:06,Mq2Task
2024-12-07 16:34:06,MQ-2 Gas Concentration: 9.81 PPM
2024-12-07 16:34:06,OLEDDisplayTask
2024-12-07 16:34:06,OLEDDisplayTask
2024-12-07 16:34:06,OLEDDisplayTask
2024-12-07 16:34:07,OLEDDisplayTask
2024-12-07 16:34:07,Temperature: 40 °C	Humidity: 46 %
2024-12-07 16:34:07,OLEDDisplayTask
2024-12-07 16:34:07,OLEDDisplayTask
2024-12-07 16:34:07,OLEDDisplayTask
2024-12-07 16:34:07,OLEDDisplayTask
2024-12-07 16:34:07,OLEDDisplayTask
2024-12-07 16:34:07,OLEDDisplayTask
2024-12-07 16:34:07,OLEDDisplayTask
2024-12-07 16:34:08,OLEDDisplayTask
2024-12-07 16:34:08,OLEDDisplayTask
2024-12-07 16:34:08,OLEDDisplayTask
2024-12-07 16:34:08,OLEDDisplayTask
2024-12-07 16:34:08,OLEDDisplayTask
2024-12-07 16:34:08,OLEDDisplayTask
2024-12-07 16:34:08,OLEDDisplayTask
2024-12-07 16:34:08,Mq2Task
2024-12-07 16:34:08,MQ-2 Gas Concentration: 9.90 PPM
2024-12-07 16:34:08,OLEDDisplayTask
2024-12-07 16:34:08,OLEDDisplayTask
2024-12-07 16:34:09,OLEDDisplayTask
2024-12-07 16:34:09,OLEDDisplayTask
2024-12-07 16:34:09,ReadDHT11Task
2024-12-07 16:34:09,OLEDDisplayTask
2024-12-07 16:34:09,OLEDDisplayTask
2024-12-07 16:34:09,OLEDDisplayTask
2024-12-07 16:34:09,OLEDDisplayTask
2024-12-07 16:34:09,OLEDDisplayTask
2024-12-07 16:34:09,Temperature: 40 °C	Humidity: 46 %
2024-12-07 16:34:09,OLEDDisplayTask
2024-12-07 16:34:09,OLEDDisplayTask
2024-12-07 16:34:10,OLEDDisplayTask
2024-12-07 16:34:10,OLEDDisplayTask
2024-12-07 16:34:10,OLEDDisplayTask
2024-12-07 16:34:10,OLEDDisplayTask
2024-12-07 16:34:10,OLEDDisplayTask
2024-12-07 16:34:10,OLEDDisplayTask
2024-12-07 16:34:10,OLEDDisplayTask
2024-12-07 16:34:10,Mq2Task
2024-12-07 16:34:10,MQ-2 Gas Concentration: 9.81 PPM
2024-12-07 16:34:10,OLEDDisplayTask
2024-12-07 16:34:10,OLEDDisplayTask
2024-12-07 16:34:11,OLEDDisplayTask
2024-12-07 16:34:11,OLEDDisplayTask
2024-12-07 16:34:11,OLEDDisplayTask
2024-12-07 16:34:11,OLEDDisplayTask
2024-12-07 16:34:11,OLEDDisplayTask
2024-12-07 16:34:11,OLEDDisplayTask
2024-12-07 16:34:11,ReadDHT11Task
2024-12-07 16:34:11,OLEDDisplayTask
2024-12-07 16:34:11,OLEDDisplayTask
2024-12-07 16:34:11,OLEDDisplayTask
2024-12-07 16:34:12,OLEDDisplayTask
2024-12-07 16:34:12,OLEDDisplayTask
2024-12-07 16:34:12,Error 253 Reading from DHT11 timed out.
2024-12-07 16:34:12,OLEDDisplayTask
2024-12-07 16:34:12,OLEDDisplayTask
2024-12-07 16:34:12,OLEDDisplayTask
2024-12-07 16:34:12,OLEDDisplayTask
2024-12-07 16:34:12,OLEDDisplayTask
2024-12-07 16:34:12,Mq2Task
2024-12-07 16:34:12,MQ-2 Gas Concentration: 10.19 PPM
2024-12-07 16:34:12,OLEDDisplayTask
2024-12-07 16:34:12,OLEDDisplayTask
2024-12-07 16:34:13,OLEDDisplayTask
2024-12-07 16:34:13,OLEDDisplayTask
2024-12-07 16:34:13,OLEDDisplayTask
2024-12-07 16:34:13,OLEDDisplayTask
2024-12-07 16:34:13,OLEDDisplayTask
2024-12-07 16:34:13,OLEDDisplayTask
2024-12-07 16:34:13,OLEDDisplayTask
2024-12-07 16:34:13,OLEDDisplayTask
2024-12-07 16:34:14,OLEDDisplayTask
2024-12-07 16:34:14,OLEDDisplayTask
2024-12-07 16:34:14,OLEDDisplayTask
2024-12-07 16:34:14,ReadDHT11Task
2024-12-07 16:34:14,OLEDDisplayTask
2024-12-07 16:34:14,OLEDDisplayTask
2024-12-07 16:34:14,OLEDDisplayTask
2024-12-07 16:34:14,OLEDDisplayTask
2024-12-07 16:34:14,Temperature: 40 °C	Humidity: 46 %
2024-12-07 16:34:14,OLEDDisplayTask
2024-12-07 16:34:14,Mq2Task
2024-12-07 16:34:14,OLEDDisplayTask
2024-12-07 16:34:14,MQ-2 Gas Concentration: 10.04 PPM
2024-12-07 16:34:15,OLEDDisplayTask
2024-12-07 16:34:15,OLEDDisplayTask
2024-12-07 16:34:15,OLEDDisplayTask
2024-12-07 16:34:15,OLEDDisplayTask
2024-12-07 16:34:15,OLEDDisplayTask
2024-12-07 16:34:15,OLEDDisplayTask
2024-12-07 16:34:15,OLEDDisplayTask
2024-12-07 16:34:15,OLEDDisplayTask
2024-12-07 16:34:15,OLEDDisplayTask
2024-12-07 16:34:16,OLEDDisplayTask
2024-12-07 16:34:16,OLEDDisplayTask
2024-12-07 16:34:16,OLEDDisplayTask
2024-12-07 16:34:16,OLEDDisplayTask
2024-12-07 16:34:16,OLEDDisplayTask
2024-12-07 16:34:16,OLEDDisplayTask
2024-12-07 16:34:16,OLEDDisplayTask
2024-12-07 16:34:16,ReadDHT11Task
2024-12-07 16:34:16,OLEDDisplayTask
2024-12-07 16:34:16,Mq2Task
2024-12-07 16:34:16,OLEDDisplayTask
2024-12-07 16:34:16,MQ-2 Gas Concentration: 9.90 PPM
2024-12-07 16:34:17,OLEDDisplayTask
2024-12-07 16:34:17,OLEDDisplayTask
2024-12-07 16:34:17,OLEDDisplayTask
2024-12-07 16:34:17,Temperature: 40 °C	Humidity: 46 %
2024-12-07 16:34:17,OLEDDisplayTask
2024-12-07 16:34:17,OLEDDisplayTask
2024-12-07 16:34:17,OLEDDisplayTask
2024-12-07 16:34:17,OLEDDisplayTask
2024-12-07 16:34:17,OLEDDisplayTask
2024-12-07 16:34:17,OLEDDisplayTask
2024-12-07 16:34:18,OLEDDisplayTask
2024-12-07 16:34:18,OLEDDisplayTask
2024-12-07 16:34:18,OLEDDisplayTask
2024-12-07 16:34:18,OLEDDisplayTask
2024-12-07 16:34:18,OLEDDisplayTask
2024-12-07 16:34:18,OLEDDisplayTask
2024-12-07 16:34:18,OLEDDisplayTask
2024-12-07 16:34:18,OLEDDisplayTask
2024-12-07 16:34:18,Mq2Task
2024-12-07 16:34:18,OLEDDisplayTask
2024-12-07 16:34:18,MQ-2 Gas Concentration: 9.81 PPM
2024-12-07 16:34:19,OLEDDisplayTask
2024-12-07 16:34:19,OLEDDisplayTask
2024-12-07 16:34:19,ReadDHT11Task
2024-12-07 16:34:19,OLEDDisplayTask
2024-12-07 16:34:19,OLEDDisplayTask
2024-12-07 16:34:19,OLEDDisplayTask
2024-12-07 16:34:19,OLEDDisplayTask
2024-12-07 16:34:19,OLEDDisplayTask
2024-12-07 16:34:19,Temperature: 40 °C	Humidity: 46 %
2024-12-07 16:34:19,OLEDDisplayTask
2024-12-07 16:34:19,OLEDDisplayTask
2024-12-07 16:34:20,OLEDDisplayTask
2024-12-07 16:34:20,OLEDDisplayTask
2024-12-07 16:34:20,OLEDDisplayTask
2024-12-07 16:34:20,OLEDDisplayTask
2024-12-07 16:34:20,OLEDDisplayTask
2024-12-07 16:34:20,OLEDDisplayTask
2024-12-07 16:34:20,OLEDDisplayTask
2024-12-07 16:34:20,OLEDDisplayTask
2024-12-07 16:34:20,Mq2Task
2024-12-07 16:34:21,OLEDDisplayTask
2024-12-07 16:34:21,MQ-2 Gas Concentration: 10.58 PPM
2024-12-07 16:34:21,OLEDDisplayTask
2024-12-07 16:34:21,OLEDDisplayTask
2024-12-07 16:34:21,OLEDDisplayTask
2024-12-07 16:34:21,OLEDDisplayTask
2024-12-07 16:34:21,OLEDDisplayTask
2024-12-07 16:34:21,OLEDDisplayTask
2024-12-07 16:34:21,OLEDDisplayTask
2024-12-07 16:34:21,ReadDHT11Task
2024-12-07 16:34:21,OLEDDisplayTask
2024-12-07 16:34:22,OLEDDisplayTask
2024-12-07 16:34:22,OLEDDisplayTask
2024-12-07 16:34:22,OLEDDisplayTask
2024-12-07 16:34:22,Temperature: 40 °C	Humidity: 46 %
2024-12-07 16:34:22,OLEDDisplayTask
2024-12-07 16:34:22,OLEDDisplayTask
2024-12-07 16:34:22,OLEDDisplayTask
2024-12-07 16:34:22,OLEDDisplayTask
2024-12-07 16:34:22,OLEDDisplayTask
2024-12-07 16:34:22,OLEDDisplayTask
2024-12-07 16:34:23,Mq2Task
2024-12-07 16:34:23,OLEDDisplayTask
2024-12-07 16:34:23,MQ-2 Gas Concentration: 9.87 PPM
2024-12-07 16:34:23,OLEDDisplayTask
2024-12-07 16:34:23,OLEDDisplayTask
2024-12-07 16:34:23,OLEDDisplayTask
2024-12-07 16:34:23,OLEDDisplayTask
2024-12-07 16:34:23,OLEDDisplayTask
2024-12-07 16:34:23,OLEDDisplayTask
2024-12-07 16:34:23,OLEDDisplayTask
2024-12-07 16:34:23,OLEDDisplayTask
2024-12-07 16:34:24,OLEDDisplayTask
2024-12-07 16:34:24,OLEDDisplayTask
2024-12-07 16:34:24,OLEDDisplayTask
2024-12-07 16:34:24,ReadDHT11Task
2024-12-07 16:34:24,OLEDDisplayTask
2024-12-07 16:34:24,OLEDDisplayTask
2024-12-07 16:34:24,OLEDDisplayTask
2024-12-07 16:34:24,OLEDDisplayTask
2024-12-07 16:34:24,OLEDDisplayTask
2024-12-07 16:34:24,Temperature: 40 °C	Humidity: 46 %
2024-12-07 16:34:24,OLEDDisplayTask
2024-12-07 16:34:25,Mq2TaskOLEDDisplayTask
2024-12-07 16:34:25,MQ-2 Gas Concentration: 10.28 PPM
2024-12-07 16:34:25,OLEDDisplayTask
2024-12-07 16:34:25,OLEDDisplayTask
2024-12-07 16:34:25,OLEDDisplayTask
2024-12-07 16:34:25,OLEDDisplayTask
2024-12-07 16:34:25,OLEDDisplayTask
2024-12-07 16:34:25,OLEDDisplayTask
2024-12-07 16:34:25,OLEDDisplayTask
2024-12-07 16:34:25,OLEDDisplayTask
2024-12-07 16:34:26,OLEDDisplayTask
2024-12-07 16:34:26,OLEDDisplayTask
2024-12-07 16:34:26,OLEDDisplayTask
2024-12-07 16:34:26,OLEDDisplayTask
2024-12-07 16:34:26,OLEDDisplayTask
2024-12-07 16:34:26,OLEDDisplayTask
2024-12-07 16:34:26,OLEDDisplayTask
2024-12-07 16:34:26,ReadDHT11Task
2024-12-07 16:34:26,OLEDDisplayTask
2024-12-07 16:34:26,OLEDDisplayTask
2024-12-07 16:34:27,OLEDDisplayTask
2024-12-07 16:34:27,Mq2Task
2024-12-07 16:34:27,MQ-2 Gas Concentration: 9.81 PPM
2024-12-07 16:34:27,OLEDDisplayTask
2024-12-07 16:34:27,OLEDDisplayTask
2024-12-07 16:34:27,Temperature: 40 °C	Humidity: 46 %
2024-12-07 16:34:27,OLEDDisplayTask
2024-12-07 16:34:27,OLEDDisplayTask
2024-12-07 16:34:27,OLEDDisplayTask
2024-12-07 16:34:27,OLEDDisplayTask
2024-12-07 16:34:27,OLEDDisplayTask
2024-12-07 16:34:28,OLEDDisplayTask
2024-12-07 16:34:28,OLEDDisplayTask
2024-12-07 16:34:28,OLEDDisplayTask
2024-12-07 16:34:28,OLEDDisplayTask
2024-12-07 16:34:28,OLEDDisplayTask
2024-12-07 16:34:28,OLEDDisplayTask
2024-12-07 16:34:28,OLEDDisplayTask
2024-12-07 16:34:28,OLEDDisplayTask
2024-12-07 16:34:28,OLEDDisplayTask
2024-12-07 16:34:29,OLEDDisplayTask
2024-12-07 16:34:29,OLEDDisplayTask
2024-12-07 16:34:29,Mq2Task
2024-12-07 16:34:29,MQ-2 Gas Concentration: 10.13 PPM
2024-12-07 16:34:29,OLEDDisplayTask
2024-12-07 16:34:29,OLEDDisplayTask
2024-12-07 16:34:29,ReadDHT11Task
2024-12-07 16:34:29,OLEDDisplayTask
2024-12-07 16:34:29,OLEDDisplayTask
2024-12-07 16:34:29,OLEDDisplayTask
2024-12-07 16:34:29,OLEDDisplayTask
2024-12-07 16:34:29,Temperature: 40 °C	Humidity: 46 %
2024-12-07 16:34:29,OLEDDisplayTask
2024-12-07 16:34:30,OLEDDisplayTask
2024-12-07 16:34:30,OLEDDisplayTask
2024-12-07 16:34:30,OLEDDisplayTask
2024-12-07 16:34:30,OLEDDisplayTask
2024-12-07 16:34:30,OLEDDisplayTask
2024-12-07 16:34:30,OLEDDisplayTask
2024-12-07 16:34:30,OLEDDisplayTask
2024-12-07 16:34:30,OLEDDisplayTask
2024-12-07 16:34:30,OLEDDisplayTask
2024-12-07 16:34:31,OLEDDisplayTask
2024-12-07 16:34:31,OLEDDisplayTask
2024-12-07 16:34:31,Mq2Task
2024-12-07 16:34:31,MQ-2 Gas Concentration: 9.99 PPM
2024-12-07 16:34:31,OLEDDisplayTask
2024-12-07 16:34:31,OLEDDisplayTask
2024-12-07 16:34:31,OLEDDisplayTask
2024-12-07 16:34:31,OLEDDisplayTask
2024-12-07 16:34:31,OLEDDisplayTask
2024-12-07 16:34:31,OLEDDisplayTask
2024-12-07 16:34:31,ReadDHT11Task
2024-12-07 16:34:31,OLEDDisplayTask
2024-12-07 16:34:32,OLEDDisplayTask
2024-12-07 16:34:32,OLEDDisplayTask
2024-12-07 16:34:32,OLEDDisplayTask
2024-12-07 16:34:32,Temperature: OLEDDisplayTask
2024-12-07 16:34:32,40 °C	Humidity: 46 %
2024-12-07 16:34:32,OLEDDisplayTask
2024-12-07 16:34:32,OLEDDisplayTask
2024-12-07 16:34:32,OLEDDisplayTask
2024-12-07 16:34:32,OLEDDisplayTask
2024-12-07 16:34:32,OLEDDisplayTask
2024-12-07 16:34:33,OLEDDisplayTask
2024-12-07 16:34:33,OLEDDisplayTask
2024-12-07 16:34:33,Mq2Task
2024-12-07 16:34:33,MQ-2 Gas Concentration: 9.64 PPM
2024-12-07 16:34:33,OLEDDisplayTask
2024-12-07 16:34:33,OLEDDisplayTask
2024-12-07 16:34:33,OLEDDisplayTask
2024-12-07 16:34:33,OLEDDisplayTask
2024-12-07 16:34:33,OLEDDisplayTask
2024-12-07 16:34:33,OLEDDisplayTask
2024-12-07 16:34:34,OLEDDisplayTask
2024-12-07 16:34:34,OLEDDisplayTask
2024-12-07 16:34:34,OLEDDisplayTask
2024-12-07 16:34:34,OLEDDisplayTask
2024-12-07 16:34:34,ReadDHT11Task
2024-12-07 16:34:34,OLEDDisplayTask
2024-12-07 16:34:34,OLEDDisplayTask
2024-12-07 16:34:34,OLEDDisplayTask
2024-12-07 16:34:34,OLEDDisplayTask
2024-12-07 16:34:34,OLEDDisplayTask
2024-12-07 16:34:34,Temperature: 40 °C	Humidity: 46 %
2024-12-07 16:34:35,OLEDDisplayTask
2024-12-07 16:34:35,OLEDDisplayTask
2024-12-07 16:34:35,OLEDDisplayTask
2024-12-07 16:34:35,Mq2Task
2024-12-07 16:34:35,MQ-2 Gas Concentration: 11.00 PPM
2024-12-07 16:34:35,OLEDDisplayTask
2024-12-07 16:34:35,OLEDDisplayTask
2024-12-07 16:34:35,OLEDDisplayTask
2024-12-07 16:34:35,OLEDDisplayTask
2024-12-07 16:34:35,OLEDDisplayTask
2024-12-07 16:34:35,OLEDDisplayTask
2024-12-07 16:34:36,OLEDDisplayTask
2024-12-07 16:34:36,OLEDDisplayTask
2024-12-07 16:34:36,OLEDDisplayTask
2024-12-07 16:34:36,OLEDDisplayTask
2024-12-07 16:34:36,OLEDDisplayTask
2024-12-07 16:34:36,OLEDDisplayTask
2024-12-07 16:34:36,OLEDDisplayTask
2024-12-07 16:34:36,OLEDDisplayTask
2024-12-07 16:34:36,OLEDDisplayTask
2024-12-07 16:34:36,ReadDHT11Task
2024-12-07 16:34:37,OLEDDisplayTask
2024-12-07 16:34:37,OLEDDisplayTask
2024-12-07 16:34:37,OLEDDisplayTask
2024-12-07 16:34:37,Mq2Task
2024-12-07 16:34:37,MQ-2 Gas Concentration: 10.37 PPM
2024-12-07 16:34:37,OLEDDisplayTask
2024-12-07 16:34:37,Temperature: 40 °C	Humidity: 46 %
2024-12-07 16:34:37,OLEDDisplayTask
2024-12-07 16:34:37,OLEDDisplayTask
2024-12-07 16:34:37,OLEDDisplayTask
2024-12-07 16:34:37,OLEDDisplayTask
2024-12-07 16:34:37,OLEDDisplayTask
2024-12-07 16:34:38,OLEDDisplayTask
2024-12-07 16:34:38,OLEDDisplayTask
2024-12-07 16:34:38,OLEDDisplayTask
2024-12-07 16:34:38,OLEDDisplayTask
2024-12-07 16:34:38,OLEDDisplayTask
2024-12-07 16:34:38,OLEDDisplayTask
2024-12-07 16:34:38,OLEDDisplayTask
2024-12-07 16:34:38,OLEDDisplayTask
2024-12-07 16:34:38,OLEDDisplayTask
2024-12-07 16:34:39,OLEDDisplayTask
2024-12-07 16:34:39,OLEDDisplayTask
2024-12-07 16:34:39,OLEDDisplayTask
2024-12-07 16:34:39,Mq2Task
2024-12-07 16:34:39,MQ-2 Gas Concentration: 9.99 PPM
2024-12-07 16:34:39,OLEDDisplayTask
2024-12-07 16:34:39,ReadDHT11Task
2024-12-07 16:34:39,OLEDDisplayTask
2024-12-07 16:34:39,OLEDDisplayTask
2024-12-07 16:34:39,OLEDDisplayTask
2024-12-07 16:34:39,OLEDDisplayTask
2024-12-07 16:34:39,Temperature: 40 °C	Humidity: 46 %
2024-12-07 16:34:39,OLEDDisplayTask
2024-12-07 16:34:40,OLEDDisplayTask
2024-12-07 16:34:40,OLEDDisplayTask
2024-12-07 16:34:40,OLEDDisplayTask
2024-12-07 16:34:40,OLEDDisplayTask
2024-12-07 16:34:40,OLEDDisplayTask
2024-12-07 16:34:40,OLEDDisplayTask
2024-12-07 16:34:40,OLEDDisplayTask
2024-12-07 16:34:40,OLEDDisplayTask
2024-12-07 16:34:41,OLEDDisplayTask
2024-12-07 16:34:41,OLEDDisplayTask
2024-12-07 16:34:41,OLEDDisplayTask
2024-12-07 16:34:41,OLEDDisplayTask
2024-12-07 16:34:41,Mq2Task
2024-12-07 16:34:41,MQ-2 Gas Concentration: 9.56 PPM
2024-12-07 16:34:41,OLEDDisplayTask
2024-12-07 16:34:41,OLEDDisplayTask
2024-12-07 16:34:41,OLEDDisplayTask
2024-12-07 16:34:41,OLEDDisplayTask
2024-12-07 16:34:41,OLEDDisplayTask
2024-12-07 16:34:41,ReadDHT11Task
2024-12-07 16:34:42,OLEDDisplayTask
2024-12-07 16:34:42,OLEDDisplayTask
2024-12-07 16:34:42,OLEDDisplayTask
2024-12-07 16:34:42,OLEDDisplayTask
2024-12-07 16:34:42,OLEDDisplayTask
2024-12-07 16:34:42,Temperature: 40 °C	Humidity: 46 %
2024-12-07 16:34:42,OLEDDisplayTask
2024-12-07 16:34:42,OLEDDisplayTask
2024-12-07 16:34:42,OLEDDisplayTask
2024-12-07 16:34:42,OLEDDisplayTask
2024-12-07 16:34:43,OLEDDisplayTask
2024-12-07 16:34:43,OLEDDisplayTask
2024-12-07 16:34:43,OLEDDisplayTask
2024-12-07 16:34:43,OLEDDisplayTask
2024-12-07 16:34:43,Mq2Task
2024-12-07 16:34:43,MQ-2 Gas Concentration: 10.64 PPM
2024-12-07 16:34:43,OLEDDisplayTask
2024-12-07 16:34:43,OLEDDisplayTask
2024-12-07 16:34:43,OLEDDisplayTask
2024-12-07 16:34:43,OLEDDisplayTask
2024-12-07 16:34:43,OLEDDisplayTask
2024-12-07 16:34:44,OLEDDisplayTask
2024-12-07 16:34:44,OLEDDisplayTask
2024-12-07 16:34:44,OLEDDisplayTask
2024-12-07 16:34:44,OLEDDisplayTask
2024-12-07 16:34:44,ReadDHT11Task
2024-12-07 16:34:44,OLEDDisplayTask
2024-12-07 16:34:44,OLEDDisplayTask
2024-12-07 16:34:44,OLEDDisplayTask
2024-12-07 16:34:44,OLEDDisplayTask
2024-12-07 16:34:44,OLEDDisplayTask
2024-12-07 16:34:45,Temperature: 40 °C	Humidity: 46 %
2024-12-07 16:34:45,OLEDDisplayTask
2024-12-07 16:34:45,OLEDDisplayTask
2024-12-07 16:34:45,OLEDDisplayTask
2024-12-07 16:34:45,OLEDDisplayTask
2024-12-07 16:34:45,Mq2Task
2024-12-07 16:34:45,OLEDDisplayTask
2024-12-07 16:34:45,MQ-2 Gas Concentration: 9.39 PPM
2024-12-07 16:34:45,OLEDDisplayTask
2024-12-07 16:34:45,OLEDDisplayTask
2024-12-07 16:34:45,OLEDDisplayTask
2024-12-07 16:34:45,OLEDDisplayTask
2024-12-07 16:34:46,OLEDDisplayTask
2024-12-07 16:34:46,OLEDDisplayTask
2024-12-07 16:34:46,OLEDDisplayTask
2024-12-07 16:34:46,OLEDDisplayTask
2024-12-07 16:34:46,OLEDDisplayTask
2024-12-07 16:34:46,OLEDDisplayTask
2024-12-07 16:34:46,OLEDDisplayTask
2024-12-07 16:34:46,OLEDDisplayTask
2024-12-07 16:34:46,OLEDDisplayTask
2024-12-07 16:34:47,ReadDHT11Task
2024-12-07 16:34:47,OLEDDisplayTask
2024-12-07 16:34:47,OLEDDisplayTask
2024-12-07 16:34:47,OLEDDisplayTask
2024-12-07 16:34:47,OLEDDisplayTask
2024-12-07 16:34:47,Mq2Task
2024-12-07 16:34:47,OLEDDisplayTask
2024-12-07 16:34:47,MQ-2 Gas Concentration: 9.78 PPM
2024-12-07 16:34:47,OLEDDisplayTask
2024-12-07 16:34:47,OLEDDisplayTask
2024-12-07 16:34:47,OLEDDisplayTask
2024-12-07 16:34:48,OLEDDisplayTask
2024-12-07 16:34:48,OLEDDisplayTask
2024-12-07 16:34:48,OLEDDisplayTask
2024-12-07 16:34:48,OLEDDisplayTask
2024-12-07 16:34:48,OLEDDisplayTask
2024-12-07 16:34:48,OLEDDisplayTask
2024-12-07 16:34:48,OLEDDisplayTask
2024-12-07 16:34:48,OLEDDisplayTask
2024-12-07 16:34:48,OLEDDisplayTask
2024-12-07 16:34:49,OLEDDisplayTask
2024-12-07 16:34:49,OLEDDisplayTask
2024-12-07 16:34:49,OLEDDisplayTask
2024-12-07 16:34:49,OLEDDisplayTask
2024-12-07 16:34:49,OLEDDisplayTask
2024-12-07 16:34:49,Mq2Task
2024-12-07 16:34:49,OLEDDisplayTask
2024-12-07 16:34:49,MQ-2 Gas Concentration: 11.13 PPM
2024-12-07 16:34:49,OLEDDisplayTask
2024-12-07 16:34:49,OLEDDisplayTask
2024-12-07 16:34:49,OLEDDisplayTask
2024-12-07 16:34:50,OLEDDisplayTask
2024-12-07 16:34:50,OLEDDisplayTask
2024-12-07 16:34:50,OLEDDisplayTask
2024-12-07 16:34:50,OLEDDisplayTask
2024-12-07 16:34:50,OLEDDisplayTask
2024-12-07 16:34:50,OLEDDisplayTask
2024-12-07 16:34:50,OLEDDisplayTask
2024-12-07 16:34:50,OLEDDisplayTask
2024-12-07 16:34:50,OLEDDisplayTask
2024-12-07 16:34:51,OLEDDisplayTask
2024-12-07 16:34:51,OLEDDisplayTask
2024-12-07 16:34:51,OLEDDisplayTask
2024-12-07 16:34:51,OLEDDisplayTask
2024-12-07 16:34:51,OLEDDisplayTask
2024-12-07 16:34:51,Mq2Task
2024-12-07 16:34:51,OLEDDisplayTask
2024-12-07 16:34:51,MQ-2 Gas Concentration: 9.99 PPM
2024-12-07 16:34:51,OLEDDisplayTask
2024-12-07 16:34:51,OLEDDisplayTask
2024-12-07 16:34:51,OLEDDisplayTask
2024-12-07 16:34:52,OLEDDisplayTask
2024-12-07 16:34:52,OLEDDisplayTask
2024-12-07 16:34:52,OLEDDisplayTask
2024-12-07 16:34:52,OLEDDisplayTask
2024-12-07 16:34:52,OLEDDisplayTask
2024-12-07 16:34:52,OLEDDisplayTask
2024-12-07 16:34:52,OLEDDisplayTask
2024-12-07 16:34:52,OLEDDisplayTask
2024-12-07 16:34:52,OLEDDisplayTask
2024-12-07 16:34:53,OLEDDisplayTask
2024-12-07 16:34:53,OLEDDisplayTask
2024-12-07 16:34:53,OLEDDisplayTask
2024-12-07 16:34:53,OLEDDisplayTask
2024-12-07 16:34:53,OLEDDisplayTask
2024-12-07 16:34:53,Mq2Task
2024-12-07 16:34:53,OLEDDisplayTask
2024-12-07 16:34:53,MQ-2 Gas Concentration: 10.13 PPM
2024-12-07 16:34:53,OLEDDisplayTask
2024-12-07 16:34:53,OLEDDisplayTask
2024-12-07 16:34:54,OLEDDisplayTask
2024-12-07 16:34:54,OLEDDisplayTask
2024-12-07 16:34:54,OLEDDisplayTask
2024-12-07 16:34:54,OLEDDisplayTask
2024-12-07 16:34:54,OLEDDisplayTask
2024-12-07 16:34:54,OLEDDisplayTask
2024-12-07 16:34:54,OLEDDisplayTask
2024-12-07 16:34:54,OLEDDisplayTask
2024-12-07 16:34:54,OLEDDisplayTask
2024-12-07 16:34:55,OLEDDisplayTask
2024-12-07 16:34:55,OLEDDisplayTask
2024-12-07 16:34:55,OLEDDisplayTask
2024-12-07 16:34:55,OLEDDisplayTask
2024-12-07 16:34:55,OLEDDisplayTask
2024-12-07 16:34:55,OLEDDisplayTask
2024-12-07 16:34:55,Mq2Task
2024-12-07 16:34:55,OLEDDisplayTask
2024-12-07 16:34:55,MQ-2 Gas Concentration: 9.70 PPM
2024-12-07 16:34:55,OLEDDisplayTask
2024-12-07 16:34:55,OLEDDisplayTask
2024-12-07 16:34:56,OLEDDisplayTask
2024-12-07 16:34:56,OLEDDisplayTask
2024-12-07 16:34:56,OLEDDisplayTask
2024-12-07 16:34:56,OLEDDisplayTask
2024-12-07 16:34:56,OLEDDisplayTask
2024-12-07 16:34:56,OLEDDisplayTask
2024-12-07 16:34:56,OLEDDisplayTask
2024-12-07 16:34:56,OLEDDisplayTask
2024-12-07 16:34:56,OLEDDisplayTask
2024-12-07 16:34:57,OLEDDisplayTask
2024-12-07 16:34:57,OLEDDisplayTask
2024-12-07 16:34:57,OLEDDisplayTask
2024-12-07 16:34:57,OLEDDisplayTask
2024-12-07 16:34:57,OLEDDisplayTask
2024-12-07 16:34:57,E (111877) task_wdt: Task watchdog got triggered. The following tasks did not reset the watchdog in time:
2024-12-07 16:34:57,E (111877) task_wdt:  - IDLE0 (CPU 0)
2024-12-07 16:34:57,E (111877) task_wdt: Tasks currently running:
2024-12-07 16:34:57,E (111877) task_wdt: CPU 0: Read DHT11 Task
2024-12-07 16:34:57,E (111877) task_wdt: CPU 1: loopTask
2024-12-07 16:34:57,E (111877) task_wdt: Aborting.
2024-12-07 16:34:57,abort() was called at PC 0x400e3439 on core 0
2024-12-07 16:34:57,Backtrace: 0x40083cbd:0x3ffbed0c |<-CORRUPTED
2024-12-07 16:34:57,ELF file SHA256: 35823fc91f1468de
2024-12-07 16:34:57,Rebooting...
2024-12-07 16:34:57,ets Jun  8 2016 00:22:57
2024-12-07 16:34:57,"rst:0xc (SW_CPU_RESET),boot:0x13 (SPI_FAST_FLASH_BOOT)"
2024-12-07 16:34:57,"configsip: 0, SPIWP:0xee"
2024-12-07 16:34:57,"clk_drv:0x00,q_drv:0x00,d_drv:0x00,cs0_drv:0x00,hd_drv:0x00,wp_drv:0x00"
2024-12-07 16:34:57,"mode:DIO, clock div:1"
2024-12-07 16:34:57,"load:0x3fff0030,len:1344"
2024-12-07 16:34:57,"load:0x40078000,len:13964"
2024-12-07 16:34:57,"load:0x40080400,len:3600"
2024-12-07 16:34:57,entry 0x400805f0
2024-12-07 16:34:58,Setup OLED
2024-12-07 16:35:00,Connecting to WiFi...
2024-12-07 16:35:00,Connected to WiFi
2024-12-07 16:35:01,OLEDDisplayTask
2024-12-07 16:35:01,semaphoreButtonTask
2024-12-07 16:35:01,ReadDHT11Task
2024-12-07 16:35:01,Calibrating please wait...OLEDDisplayTask
2024-12-07 16:35:01,...OLEDDisplayTask
2024-12-07 16:35:01,...OLEDDisplayTask
2024-12-07 16:35:01,..  done!.
2024-12-07 16:35:01,Mq2Task
2024-12-07 16:35:01,OLEDDisplayTask
2024-12-07 16:35:01,MQ-2 Gas Concentration: 6.57 PPM
2024-12-07 16:35:01,Temperature: 40 °C	Humidity: 46 %
2024-12-07 16:35:01,OLEDDisplayTask
2024-12-07 16:35:01,OLEDDisplayTask
2024-12-07 16:35:02,OLEDDisplayTask
2024-12-07 16:35:02,OLEDDisplayTask
2024-12-07 16:35:02,OLEDDisplayTask
2024-12-07 16:35:02,OLEDDisplayTask
2024-12-07 16:35:02,OLEDDisplayTask
2024-12-07 16:35:02,OLEDDisplayTask
2024-12-07 16:35:02,OLEDDisplayTask
2024-12-07 16:35:02,OLEDDisplayTask
2024-12-07 16:35:02,OLEDDisplayTask
2024-12-07 16:35:03,OLEDDisplayTask
2024-12-07 16:35:03,OLEDDisplayTask
2024-12-07 16:35:03,OLEDDisplayTask
2024-12-07 16:35:03,OLEDDisplayTask
2024-12-07 16:35:03,OLEDDisplayTask
2024-12-07 16:35:03,OLEDDisplayTask
2024-12-07 16:35:03,Mq2Task
2024-12-07 16:35:03,OLEDDisplayTask
2024-12-07 16:35:03,MQ-2 Gas Concentration: 10.64 PPM
2024-12-07 16:35:03,ReadDHT11Task
2024-12-07 16:35:03,OLEDDisplayTask
2024-12-07 16:35:03,OLEDDisplayTask
2024-12-07 16:35:04,OLEDDisplayTask
2024-12-07 16:35:04,OLEDDisplayTask
2024-12-07 16:35:04,Temperature: 40 °C	Humidity: 45 %
2024-12-07 16:35:04,OLEDDisplayTask
2024-12-07 16:35:04,OLEDDisplayTask
2024-12-07 16:35:04,OLEDDisplayTask
2024-12-07 16:35:04,OLEDDisplayTask
2024-12-07 16:35:04,OLEDDisplayTask
2024-12-07 16:35:04,OLEDDisplayTask
2024-12-07 16:35:04,OLEDDisplayTask
2024-12-07 16:35:05,OLEDDisplayTask
2024-12-07 16:35:05,OLEDDisplayTask
2024-12-07 16:35:05,OLEDDisplayTask
2024-12-07 16:35:05,OLEDDisplayTask
2024-12-07 16:35:05,OLEDDisplayTask
2024-12-07 16:35:05,OLEDDisplayTask
2024-12-07 16:35:05,Mq2Task
2024-12-07 16:35:05,OLEDDisplayTask
2024-12-07 16:35:05,MQ-2 Gas Concentration: 11.20 PPM
2024-12-07 16:35:05,OLEDDisplayTask
2024-12-07 16:35:05,OLEDDisplayTask
2024-12-07 16:35:06,OLEDDisplayTask
2024-12-07 16:35:06,OLEDDisplayTask
2024-12-07 16:35:06,ReadDHT11Task
2024-12-07 16:35:06,OLEDDisplayTask
2024-12-07 16:35:06,OLEDDisplayTask
2024-12-07 16:35:06,OLEDDisplayTask
2024-12-07 16:35:06,OLEDDisplayTask
2024-12-07 16:35:06,OLEDDisplayTask
2024-12-07 16:35:06,Temperature: 40 °C	Humidity: 46 %
2024-12-07 16:35:06,OLEDDisplayTask
2024-12-07 16:35:07,OLEDDisplayTask
2024-12-07 16:35:07,OLEDDisplayTask
2024-12-07 16:35:07,OLEDDisplayTask
2024-12-07 16:35:07,OLEDDisplayTask
2024-12-07 16:35:07,OLEDDisplayTask
2024-12-07 16:35:07,OLEDDisplayTask
2024-12-07 16:35:07,OLEDDisplayTask
2024-12-07 16:35:07,Mq2Task
2024-12-07 16:35:07,OLEDDisplayTask
2024-12-07 16:35:07,MQ-2 Gas Concentration: 9.72 PPM
2024-12-07 16:35:07,OLEDDisplayTask
2024-12-07 16:35:08,OLEDDisplayTask
2024-12-07 16:35:08,OLEDDisplayTask
2024-12-07 16:35:08,OLEDDisplayTask
2024-12-07 16:35:08,OLEDDisplayTask
2024-12-07 16:35:08,OLEDDisplayTask
2024-12-07 16:35:08,OLEDDisplayTask
2024-12-07 16:35:08,OLEDDisplayTask
2024-12-07 16:35:08,ReadDHT11Task
2024-12-07 16:35:08,OLEDDisplayTask
2024-12-07 16:35:08,OLEDDisplayTask
2024-12-07 16:35:09,OLEDDisplayTask
2024-12-07 16:35:09,OLEDDisplayTask
2024-12-07 16:35:09,OLEDDisplayTask
2024-12-07 16:35:09,Temperature: 40 °C	Humidity: 46 %
2024-12-07 16:35:09,OLEDDisplayTask
2024-12-07 16:35:09,OLEDDisplayTask
2024-12-07 16:35:09,OLEDDisplayTask
2024-12-07 16:35:09,OLEDDisplayTask
2024-12-07 16:35:09,Mq2Task
2024-12-07 16:35:09,OLEDDisplayTask
2024-12-07 16:35:09,MQ-2 Gas Concentration: 9.95 PPM
2024-12-07 16:35:09,OLEDDisplayTask
2024-12-07 16:35:10,OLEDDisplayTask
2024-12-07 16:35:10,OLEDDisplayTask
2024-12-07 16:35:10,OLEDDisplayTask
2024-12-07 16:35:10,OLEDDisplayTask
2024-12-07 16:35:10,OLEDDisplayTask
2024-12-07 16:35:10,OLEDDisplayTask
2024-12-07 16:35:10,OLEDDisplayTask
2024-12-07 16:35:10,OLEDDisplayTask
2024-12-07 16:35:10,OLEDDisplayTask
2024-12-07 16:35:11,OLEDDisplayTask
2024-12-07 16:35:11,OLEDDisplayTask
2024-12-07 16:35:11,OLEDDisplayTask
2024-12-07 16:35:11,ReadDHT11Task
2024-12-07 16:35:11,OLEDDisplayTask
2024-12-07 16:35:11,OLEDDisplayTask
2024-12-07 16:35:11,OLEDDisplayTask
2024-12-07 16:35:11,OLEDDisplayTask
2024-12-07 16:35:11,Temperature: Mq2Task
2024-12-07 16:35:11,40 °C	Humidity: 45 %
2024-12-07 16:35:11,OLEDDisplayTask
2024-12-07 16:35:11,MQ-2 Gas Concentration: 9.95 PPM
2024-12-07 16:35:11,OLEDDisplayTask
2024-12-07 16:35:12,OLEDDisplayTask
2024-12-07 16:35:12,OLEDDisplayTask
2024-12-07 16:35:12,OLEDDisplayTask
2024-12-07 16:35:12,OLEDDisplayTask
2024-12-07 16:35:12,OLEDDisplayTask
2024-12-07 16:35:12,OLEDDisplayTask
2024-12-07 16:35:12,OLEDDisplayTask
2024-12-07 16:35:12,OLEDDisplayTask
2024-12-07 16:35:12,OLEDDisplayTask
2024-12-07 16:35:13,OLEDDisplayTask
2024-12-07 16:35:13,OLEDDisplayTask
2024-12-07 16:35:13,OLEDDisplayTask
2024-12-07 16:35:13,OLEDDisplayTask
2024-12-07 16:35:13,OLEDDisplayTask
2024-12-07 16:35:13,OLEDDisplayTask
2024-12-07 16:35:13,OLEDDisplayTask
2024-12-07 16:35:13,ReadDHT11Task
2024-12-07 16:35:13,OLEDDisplayTask
2024-12-07 16:35:13,Mq2Task
2024-12-07 16:35:13,MQ-2 Gas Concentration: 9.87 PPM
2024-12-07 16:35:14,OLEDDisplayTask
2024-12-07 16:35:14,OLEDDisplayTask
2024-12-07 16:35:14,OLEDDisplayTask
2024-12-07 16:35:14,OLEDDisplayTask
2024-12-07 16:35:14,Temperature: 40 °C	Humidity: 45 %
2024-12-07 16:35:14,OLEDDisplayTask
2024-12-07 16:35:14,OLEDDisplayTask
2024-12-07 16:35:14,OLEDDisplayTask
2024-12-07 16:35:14,OLEDDisplayTask
2024-12-07 16:35:14,OLEDDisplayTask
2024-12-07 16:35:15,OLEDDisplayTask
2024-12-07 16:35:15,OLEDDisplayTask
2024-12-07 16:35:15,OLEDDisplayTask
2024-12-07 16:35:15,OLEDDisplayTask
2024-12-07 16:35:15,OLEDDisplayTask
2024-12-07 16:35:15,OLEDDisplayTask
2024-12-07 16:35:15,OLEDDisplayTask
2024-12-07 16:35:15,OLEDDisplayTask
2024-12-07 16:35:15,OLEDDisplayTask
2024-12-07 16:35:15,Mq2Task
2024-12-07 16:35:15,MQ-2 Gas Concentration: 10.28 PPM
2024-12-07 16:35:16,OLEDDisplayTask
2024-12-07 16:35:16,OLEDDisplayTask
2024-12-07 16:35:16,OLEDDisplayTask
2024-12-07 16:35:16,ReadDHT11Task
2024-12-07 16:35:16,OLEDDisplayTask
2024-12-07 16:35:16,OLEDDisplayTask
2024-12-07 16:35:16,OLEDDisplayTask
2024-12-07 16:35:16,OLEDDisplayTask
2024-12-07 16:35:16,OLEDDisplayTask
2024-12-07 16:35:16,Temperature: 40 °C	Humidity: 45 %
2024-12-07 16:35:16,OLEDDisplayTask
2024-12-07 16:35:17,OLEDDisplayTask
2024-12-07 16:35:17,OLEDDisplayTask
2024-12-07 16:35:17,OLEDDisplayTask
2024-12-07 16:35:17,OLEDDisplayTask
2024-12-07 16:35:17,OLEDDisplayTask
2024-12-07 16:35:17,OLEDDisplayTask
2024-12-07 16:35:17,OLEDDisplayTask
2024-12-07 16:35:17,OLEDDisplayTask
2024-12-07 16:35:17,OLEDDisplayTask
2024-12-07 16:35:17,Mq2Task
2024-12-07 16:35:18,MQ-2 Gas Concentration: 9.75 PPM
2024-12-07 16:35:18,OLEDDisplayTask
2024-12-07 16:35:18,OLEDDisplayTask
2024-12-07 16:35:18,OLEDDisplayTask
2024-12-07 16:35:18,OLEDDisplayTask
2024-12-07 16:35:18,OLEDDisplayTask
2024-12-07 16:35:18,OLEDDisplayTask
2024-12-07 16:35:18,OLEDDisplayTask
2024-12-07 16:35:18,OLEDDisplayTask
2024-12-07 16:35:18,ReadDHT11Task
2024-12-07 16:35:18,OLEDDisplayTask
2024-12-07 16:35:19,OLEDDisplayTask
2024-12-07 16:35:19,OLEDDisplayTask
2024-12-07 16:35:19,OLEDDisplayTask
2024-12-07 16:35:19,Temperature: 40 °C	Humidity: 45 %
2024-12-07 16:35:19,OLEDDisplayTask
2024-12-07 16:35:19,OLEDDisplayTask
2024-12-07 16:35:19,OLEDDisplayTask
2024-12-07 16:35:19,OLEDDisplayTask
2024-12-07 16:35:19,OLEDDisplayTask
2024-12-07 16:35:20,OLEDDisplayTask
2024-12-07 16:35:20,Mq2Task
2024-12-07 16:35:20,MQ-2 Gas Concentration: 10.55 PPM
2024-12-07 16:35:20,OLEDDisplayTask
2024-12-07 16:35:20,OLEDDisplayTask
2024-12-07 16:35:20,OLEDDisplayTask
2024-12-07 16:35:20,OLEDDisplayTask
2024-12-07 16:35:20,OLEDDisplayTask
2024-12-07 16:35:20,OLEDDisplayTask
2024-12-07 16:35:20,OLEDDisplayTask
2024-12-07 16:35:20,OLEDDisplayTask
2024-12-07 16:35:21,OLEDDisplayTask
2024-12-07 16:35:21,OLEDDisplayTask
2024-12-07 16:35:21,OLEDDisplayTask
2024-12-07 16:35:21,OLEDDisplayTask
2024-12-07 16:35:21,ReadDHT11Task
2024-12-07 16:35:21,OLEDDisplayTask
2024-12-07 16:35:21,OLEDDisplayTask
2024-12-07 16:35:21,OLEDDisplayTask
2024-12-07 16:35:21,OLEDDisplayTask
2024-12-07 16:35:21,OLEDDisplayTask
2024-12-07 16:35:21,Temperature: 40 °C	Humidity: 45 %
2024-12-07 16:35:22,OLEDDisplayTask
2024-12-07 16:35:22,Mq2Task
2024-12-07 16:35:22,MQ-2 Gas Concentration: 10.13 PPM
2024-12-07 16:35:22,OLEDDisplayTask
2024-12-07 16:35:22,OLEDDisplayTask
2024-12-07 16:35:22,OLEDDisplayTask
2024-12-07 16:35:22,OLEDDisplayTask
2024-12-07 16:35:22,OLEDDisplayTask
2024-12-07 16:35:22,OLEDDisplayTask
2024-12-07 16:35:22,OLEDDisplayTask
2024-12-07 16:35:22,OLEDDisplayTask
2024-12-07 16:35:23,OLEDDisplayTask
2024-12-07 16:35:23,OLEDDisplayTask
2024-12-07 16:35:23,OLEDDisplayTask
2024-12-07 16:35:23,OLEDDisplayTask
2024-12-07 16:35:23,OLEDDisplayTask
2024-12-07 16:35:23,OLEDDisplayTask
2024-12-07 16:35:23,OLEDDisplayTask
2024-12-07 16:35:23,OLEDDisplayTask
2024-12-07 16:35:23,ReadDHT11Task
2024-12-07 16:35:23,OLEDDisplayTask
2024-12-07 16:35:24,OLEDDisplayTask
2024-12-07 16:35:24,Mq2Task
2024-12-07 16:35:24,MQ-2 Gas Concentration: 9.55 PPM
2024-12-07 16:35:24,OLEDDisplayTask
2024-12-07 16:35:24,OLEDDisplayTask
2024-12-07 16:35:24,OLEDDisplayTask
2024-12-07 16:35:24,Temperature: 40 °C	Humidity: 45 %
2024-12-07 16:35:24,OLEDDisplayTask
2024-12-07 16:35:24,OLEDDisplayTask
2024-12-07 16:35:24,OLEDDisplayTask
2024-12-07 16:35:24,OLEDDisplayTask
2024-12-07 16:35:24,OLEDDisplayTask
2024-12-07 16:35:25,OLEDDisplayTask
2024-12-07 16:35:25,OLEDDisplayTask
2024-12-07 16:35:25,OLEDDisplayTask
2024-12-07 16:35:25,OLEDDisplayTask
2024-12-07 16:35:25,OLEDDisplayTask
2024-12-07 16:35:25,OLEDDisplayTask
2024-12-07 16:35:25,OLEDDisplayTask
2024-12-07 16:35:25,OLEDDisplayTask
2024-12-07 16:35:25,OLEDDisplayTask
2024-12-07 16:35:26,OLEDDisplayTask
2024-12-07 16:35:26,Mq2Task
2024-12-07 16:35:26,MQ-2 Gas Concentration: 11.77 PPM
2024-12-07 16:35:26,OLEDDisplayTask
2024-12-07 16:35:26,OLEDDisplayTask
2024-12-07 16:35:26,OLEDDisplayTask
2024-12-07 16:35:26,ReadDHT11Task
2024-12-07 16:35:26,OLEDDisplayTask
2024-12-07 16:35:26,OLEDDisplayTask
2024-12-07 16:35:26,OLEDDisplayTask
2024-12-07 16:35:26,OLEDDisplayTask
2024-12-07 16:35:27,Temperature: 40 °C	Humidity: 45 %
2024-12-07 16:35:27,OLEDDisplayTask
2024-12-07 16:35:27,OLEDDisplayTask
2024-12-07 16:35:27,OLEDDisplayTask
2024-12-07 16:35:27,OLEDDisplayTask
2024-12-07 16:35:27,OLEDDisplayTask
2024-12-07 16:35:27,OLEDDisplayTask
2024-12-07 16:35:27,OLEDDisplayTask
2024-12-07 16:35:27,OLEDDisplayTask
2024-12-07 16:35:27,OLEDDisplayTask
2024-12-07 16:35:28,OLEDDisplayTask
2024-12-07 16:35:28,OLEDDisplayTask
2024-12-07 16:35:28,Mq2Task
2024-12-07 16:35:28,MQ-2 Gas Concentration: 9.69 PPM
2024-12-07 16:35:28,OLEDDisplayTask
2024-12-07 16:35:28,OLEDDisplayTask
2024-12-07 16:35:28,OLEDDisplayTask
2024-12-07 16:35:28,OLEDDisplayTask
2024-12-07 16:35:28,OLEDDisplayTask
2024-12-07 16:35:28,OLEDDisplayTask
2024-12-07 16:35:28,OLEDDisplayTask
2024-12-07 16:35:29,ReadDHT11Task
2024-12-07 16:35:29,OLEDDisplayTask
2024-12-07 16:35:29,OLEDDisplayTask
2024-12-07 16:35:29,OLEDDisplayTask
2024-12-07 16:35:29,OLEDDisplayTask
2024-12-07 16:35:29,OLEDDisplayTask
2024-12-07 16:35:29,Temperature: 40 °C	Humidity: 45 %
2024-12-07 16:35:29,OLEDDisplayTask
2024-12-07 16:35:29,OLEDDisplayTask
2024-12-07 16:35:29,OLEDDisplayTask
2024-12-07 16:35:29,OLEDDisplayTask
2024-12-07 16:35:30,OLEDDisplayTask
2024-12-07 16:35:30,OLEDDisplayTask
2024-12-07 16:35:30,Mq2Task
2024-12-07 16:35:30,MQ-2 Gas Concentration: 9.49 PPM
2024-12-07 16:35:30,OLEDDisplayTask
2024-12-07 16:35:30,OLEDDisplayTask
2024-12-07 16:35:30,OLEDDisplayTask
2024-12-07 16:35:30,OLEDDisplayTask
2024-12-07 16:35:30,OLEDDisplayTask
2024-12-07 16:35:30,OLEDDisplayTask
2024-12-07 16:35:30,OLEDDisplayTask
2024-12-07 16:35:31,OLEDDisplayTask
2024-12-07 16:35:31,OLEDDisplayTask
2024-12-07 16:35:31,OLEDDisplayTask
2024-12-07 16:35:31,OLEDDisplayTask
2024-12-07 16:35:31,ReadDHT11Task
2024-12-07 16:35:31,OLEDDisplayTask
2024-12-07 16:35:31,OLEDDisplayTask
2024-12-07 16:35:31,OLEDDisplayTask
2024-12-07 16:35:31,OLEDDisplayTask
2024-12-07 16:35:31,OLEDDisplayTask
2024-12-07 16:35:32,Temperature: 40 °C	Humidity: 45 %
2024-12-07 16:35:32,OLEDDisplayTask
2024-12-07 16:35:32,OLEDDisplayTask
2024-12-07 16:35:32,Mq2Task
2024-12-07 16:35:32,MQ-2 Gas Concentration: 10.04 PPM
2024-12-07 16:35:32,OLEDDisplayTask
2024-12-07 16:35:32,OLEDDisplayTask
2024-12-07 16:35:32,OLEDDisplayTask
2024-12-07 16:35:32,OLEDDisplayTask
2024-12-07 16:35:32,OLEDDisplayTask
2024-12-07 16:35:32,OLEDDisplayTask
2024-12-07 16:35:32,OLEDDisplayTask
2024-12-07 16:35:33,OLEDDisplayTask
2024-12-07 16:35:33,OLEDDisplayTask
2024-12-07 16:35:33,OLEDDisplayTask
2024-12-07 16:35:33,OLEDDisplayTask
2024-12-07 16:35:33,OLEDDisplayTask
2024-12-07 16:35:33,OLEDDisplayTask
2024-12-07 16:35:33,OLEDDisplayTask
2024-12-07 16:35:33,OLEDDisplayTask
2024-12-07 16:35:34,OLEDDisplayTask
2024-12-07 16:35:34,ReadDHT11Task
2024-12-07 16:35:34,OLEDDisplayTask
2024-12-07 16:35:34,OLEDDisplayTask
2024-12-07 16:35:34,Mq2Task
2024-12-07 16:35:34,OLEDDisplayTask
2024-12-07 16:35:34,MQ-2 Gas Concentration: 10.16 PPM
2024-12-07 16:35:34,OLEDDisplayTask
2024-12-07 16:35:34,Error 253 Reading from DHT11 timed out.
2024-12-07 16:35:34,OLEDDisplayTask
2024-12-07 16:35:34,OLEDDisplayTask
2024-12-07 16:35:34,OLEDDisplayTask
2024-12-07 16:35:34,OLEDDisplayTask
2024-12-07 16:35:35,OLEDDisplayTask
2024-12-07 16:35:35,OLEDDisplayTask
2024-12-07 16:35:35,OLEDDisplayTask
2024-12-07 16:35:35,OLEDDisplayTask
2024-12-07 16:35:35,OLEDDisplayTask
2024-12-07 16:35:35,OLEDDisplayTask
2024-12-07 16:35:35,OLEDDisplayTask
2024-12-07 16:35:35,OLEDDisplayTask
2024-12-07 16:35:35,OLEDDisplayTask
2024-12-07 16:35:36,OLEDDisplayTask
2024-12-07 16:35:36,OLEDDisplayTask
2024-12-07 16:35:36,OLEDDisplayTask
2024-12-07 16:35:36,Mq2Task
2024-12-07 16:35:36,OLEDDisplayTask
2024-12-07 16:35:36,MQ-2 Gas Concentration: 10.22 PPM
2024-12-07 16:35:36,OLEDDisplayTask
2024-12-07 16:35:36,ReadDHT11Task
2024-12-07 16:35:36,OLEDDisplayTask
2024-12-07 16:35:36,OLEDDisplayTask
2024-12-07 16:35:36,OLEDDisplayTask
2024-12-07 16:35:36,OLEDDisplayTask
2024-12-07 16:35:37,OLEDDisplayTask
2024-12-07 16:35:37,Temperature: 40 °C	Humidity: 45 %
2024-12-07 16:35:37,OLEDDisplayTask
2024-12-07 16:35:37,OLEDDisplayTask
2024-12-07 16:35:37,OLEDDisplayTask
2024-12-07 16:35:37,OLEDDisplayTask
2024-12-07 16:35:37,OLEDDisplayTask
2024-12-07 16:35:37,OLEDDisplayTask
2024-12-07 16:35:37,OLEDDisplayTask
2024-12-07 16:35:37,OLEDDisplayTask
2024-12-07 16:35:38,OLEDDisplayTask
2024-12-07 16:35:38,OLEDDisplayTask
2024-12-07 16:35:38,OLEDDisplayTask
2024-12-07 16:35:38,Mq2Task
2024-12-07 16:35:38,OLEDDisplayTask
2024-12-07 16:35:38,MQ-2 Gas Concentration: 9.58 PPM
2024-12-07 16:35:38,OLEDDisplayTask
2024-12-07 16:35:38,OLEDDisplayTask
2024-12-07 16:35:38,OLEDDisplayTask
2024-12-07 16:35:38,OLEDDisplayTask
2024-12-07 16:35:38,OLEDDisplayTask
2024-12-07 16:35:39,ReadDHT11Task
2024-12-07 16:35:39,OLEDDisplayTask
2024-12-07 16:35:39,OLEDDisplayTask
2024-12-07 16:35:39,OLEDDisplayTask
2024-12-07 16:35:39,OLEDDisplayTask
2024-12-07 16:35:39,OLEDDisplayTask
2024-12-07 16:35:39,Temperature: 40 °C	Humidity: 45 %
2024-12-07 16:35:39,OLEDDisplayTask
2024-12-07 16:35:39,OLEDDisplayTask
2024-12-07 16:35:39,OLEDDisplayTask
2024-12-07 16:35:40,OLEDDisplayTask
2024-12-07 16:35:40,OLEDDisplayTask
2024-12-07 16:35:40,OLEDDisplayTask
2024-12-07 16:35:40,OLEDDisplayTask
2024-12-07 16:35:40,Mq2Task
2024-12-07 16:35:40,OLEDDisplayTask
2024-12-07 16:35:40,MQ-2 Gas Concentration: 8.61 PPM
2024-12-07 16:35:40,OLEDDisplayTask
2024-12-07 16:35:40,OLEDDisplayTask
2024-12-07 16:35:40,OLEDDisplayTask
2024-12-07 16:35:40,OLEDDisplayTask
2024-12-07 16:35:41,OLEDDisplayTask
2024-12-07 16:35:41,OLEDDisplayTask
2024-12-07 16:35:41,OLEDDisplayTask
2024-12-07 16:35:41,OLEDDisplayTask
2024-12-07 16:35:41,OLEDDisplayTask
2024-12-07 16:35:41,OLEDDisplayTask
2024-12-07 16:35:41,ReadDHT11Task
2024-12-07 16:35:41,OLEDDisplayTask
2024-12-07 16:35:41,OLEDDisplayTask
2024-12-07 16:35:41,OLEDDisplayTask
2024-12-07 16:35:42,OLEDDisplayTask
2024-12-07 16:35:42,Temperature: 40 °C	Humidity: 45 %
2024-12-07 16:35:42,OLEDDisplayTask
2024-12-07 16:35:42,OLEDDisplayTask
2024-12-07 16:35:42,OLEDDisplayTask
2024-12-07 16:35:42,Mq2Task
2024-12-07 16:35:42,OLEDDisplayTask
2024-12-07 16:35:42,MQ-2 Gas Concentration: 8.77 PPM
2024-12-07 16:35:42,OLEDDisplayTask
2024-12-07 16:35:42,OLEDDisplayTask
2024-12-07 16:35:42,OLEDDisplayTask
2024-12-07 16:35:42,OLEDDisplayTask
2024-12-07 16:35:43,OLEDDisplayTask
2024-12-07 16:35:43,OLEDDisplayTask
2024-12-07 16:35:43,OLEDDisplayTask
2024-12-07 16:35:43,OLEDDisplayTask
2024-12-07 16:35:43,OLEDDisplayTask
2024-12-07 16:35:43,OLEDDisplayTask
2024-12-07 16:35:43,OLEDDisplayTask
2024-12-07 16:35:43,OLEDDisplayTask
2024-12-07 16:35:43,OLEDDisplayTask
2024-12-07 16:35:44,OLEDDisplayTask
2024-12-07 16:35:44,ReadDHT11Task
2024-12-07 16:35:44,OLEDDisplayTask
2024-12-07 16:35:44,OLEDDisplayTask
2024-12-07 16:35:44,OLEDDisplayTask
2024-12-07 16:35:44,Mq2Task
2024-12-07 16:35:44,OLEDDisplayTask
2024-12-07 16:35:44,MQ-2 Gas Concentration: 9.07 PPM
2024-12-07 16:35:44,OLEDDisplayTask
2024-12-07 16:35:44,Temperature: 40 °C	Humidity: 45 %
2024-12-07 16:35:44,OLEDDisplayTask
2024-12-07 16:35:44,OLEDDisplayTask
2024-12-07 16:35:44,OLEDDisplayTask
2024-12-07 16:35:45,OLEDDisplayTask
2024-12-07 16:35:45,OLEDDisplayTask
2024-12-07 16:35:45,OLEDDisplayTask
2024-12-07 16:35:45,OLEDDisplayTask
2024-12-07 16:35:45,OLEDDisplayTask
2024-12-07 16:35:45,OLEDDisplayTask
2024-12-07 16:35:45,OLEDDisplayTask
2024-12-07 16:35:45,OLEDDisplayTask
2024-12-07 16:35:45,OLEDDisplayTask
2024-12-07 16:35:46,OLEDDisplayTask
2024-12-07 16:35:46,OLEDDisplayTask
2024-12-07 16:35:46,OLEDDisplayTask
2024-12-07 16:35:46,OLEDDisplayTask
2024-12-07 16:35:46,OLEDDisplayTask
2024-12-07 16:35:46,Mq2Task
2024-12-07 16:35:46,MQ-2 Gas Concentration: 8.86 PPM
2024-12-07 16:35:46,ReadDHT11Task
2024-12-07 16:35:46,OLEDDisplayTask
2024-12-07 16:35:46,OLEDDisplayTask
2024-12-07 16:35:46,OLEDDisplayTask
2024-12-07 16:35:47,OLEDDisplayTask
2024-12-07 16:35:47,OLEDDisplayTask
2024-12-07 16:35:47,Temperature: 40 °C	Humidity: 45 %
2024-12-07 16:35:47,OLEDDisplayTask
2024-12-07 16:35:47,OLEDDisplayTask
2024-12-07 16:35:47,OLEDDisplayTask
2024-12-07 16:35:47,OLEDDisplayTask
2024-12-07 16:35:47,OLEDDisplayTask
2024-12-07 16:35:47,OLEDDisplayTask
2024-12-07 16:35:47,OLEDDisplayTask
2024-12-07 16:35:48,OLEDDisplayTask
2024-12-07 16:35:48,OLEDDisplayTask
2024-12-07 16:35:48,OLEDDisplayTask
2024-12-07 16:35:48,OLEDDisplayTask
2024-12-07 16:35:48,OLEDDisplayTask
2024-12-07 16:35:48,OLEDDisplayTask
2024-12-07 16:35:48,Mq2Task
2024-12-07 16:35:48,MQ-2 Gas Concentration: 8.96 PPM
2024-12-07 16:35:48,OLEDDisplayTask
2024-12-07 16:35:48,OLEDDisplayTask
2024-12-07 16:35:48,OLEDDisplayTask
2024-12-07 16:35:49,OLEDDisplayTask
2024-12-07 16:35:49,OLEDDisplayTask
2024-12-07 16:35:49,ReadDHT11Task
2024-12-07 16:35:49,OLEDDisplayTask
2024-12-07 16:35:49,OLEDDisplayTask
2024-12-07 16:35:49,OLEDDisplayTask
2024-12-07 16:35:49,OLEDDisplayTask
2024-12-07 16:35:49,Temperature: 40 °C	Humidity: 45 %
2024-12-07 16:35:49,OLEDDisplayTask
2024-12-07 16:35:49,OLEDDisplayTask
2024-12-07 16:35:49,OLEDDisplayTask
2024-12-07 16:35:50,OLEDDisplayTask
2024-12-07 16:35:50,OLEDDisplayTask
2024-12-07 16:35:50,OLEDDisplayTask
2024-12-07 16:35:50,OLEDDisplayTask
2024-12-07 16:35:50,OLEDDisplayTask
2024-12-07 16:35:50,OLEDDisplayTask
2024-12-07 16:35:50,Mq2Task
2024-12-07 16:35:50,MQ-2 Gas Concentration: 9.05 PPM
2024-12-07 16:35:50,OLEDDisplayTask
2024-12-07 16:35:50,OLEDDisplayTask
2024-12-07 16:35:50,OLEDDisplayTask
2024-12-07 16:35:51,OLEDDisplayTask
2024-12-07 16:35:51,OLEDDisplayTask
2024-12-07 16:35:51,OLEDDisplayTask
2024-12-07 16:35:51,OLEDDisplayTask
2024-12-07 16:35:51,OLEDDisplayTask
2024-12-07 16:35:51,OLEDDisplayTask
2024-12-07 16:35:51,ReadDHT11Task
2024-12-07 16:35:51,OLEDDisplayTask
2024-12-07 16:35:51,OLEDDisplayTask
2024-12-07 16:35:51,OLEDDisplayTask
2024-12-07 16:35:52,OLEDDisplayTask
2024-12-07 16:35:52,OLEDDisplayTask
2024-12-07 16:35:52,Temperature: 40 °C	Humidity: 45 %
2024-12-07 16:35:52,OLEDDisplayTask
2024-12-07 16:35:52,OLEDDisplayTask
2024-12-07 16:35:52,OLEDDisplayTask
2024-12-07 16:35:52,OLEDDisplayTask
2024-12-07 16:35:52,Mq2Task
2024-12-07 16:35:52,MQ-2 Gas Concentration: 8.77 PPM
2024-12-07 16:35:52,OLEDDisplayTask
2024-12-07 16:35:52,OLEDDisplayTask
2024-12-07 16:35:52,OLEDDisplayTask
2024-12-07 16:35:53,OLEDDisplayTask
2024-12-07 16:35:53,OLEDDisplayTask
2024-12-07 16:35:53,OLEDDisplayTask
2024-12-07 16:35:53,OLEDDisplayTask
2024-12-07 16:35:53,OLEDDisplayTask
2024-12-07 16:35:53,OLEDDisplayTask
2024-12-07 16:35:53,OLEDDisplayTask
2024-12-07 16:35:53,OLEDDisplayTask
2024-12-07 16:35:54,OLEDDisplayTask
2024-12-07 16:35:54,OLEDDisplayTask
2024-12-07 16:35:54,ReadDHT11Task
2024-12-07 16:35:54,OLEDDisplayTask
2024-12-07 16:35:54,OLEDDisplayTask
2024-12-07 16:35:54,OLEDDisplayTask
2024-12-07 16:35:54,OLEDDisplayTask
2024-12-07 16:35:54,OLEDDisplayTask
2024-12-07 16:35:54,Mq2Task
2024-12-07 16:35:54,Temperature: 40 °C	Humidity: 45 %
2024-12-07 16:35:54,MQ-2 Gas Concentration: 7.78 PPM
2024-12-07 16:35:54,OLEDDisplayTask
2024-12-07 16:35:54,OLEDDisplayTask
2024-12-07 16:35:55,OLEDDisplayTask
2024-12-07 16:35:55,OLEDDisplayTask
2024-12-07 16:35:55,OLEDDisplayTask
2024-12-07 16:35:55,OLEDDisplayTask
2024-12-07 16:35:55,OLEDDisplayTask
2024-12-07 16:35:55,OLEDDisplayTask
2024-12-07 16:35:55,OLEDDisplayTask
2024-12-07 16:35:55,OLEDDisplayTask
2024-12-07 16:35:55,OLEDDisplayTask
2024-12-07 16:35:56,OLEDDisplayTask
2024-12-07 16:35:56,OLEDDisplayTask
2024-12-07 16:35:56,OLEDDisplayTask
2024-12-07 16:35:56,OLEDDisplayTask
2024-12-07 16:35:56,OLEDDisplayTask
2024-12-07 16:35:56,OLEDDisplayTask
2024-12-07 16:35:56,OLEDDisplayTask
2024-12-07 16:35:56,ReadDHT11Task
2024-12-07 16:35:56,Mq2Task
2024-12-07 16:35:56,MQ-2 Gas Concentration: 8.88 PPM
2024-12-07 16:35:56,OLEDDisplayTask
2024-12-07 16:35:56,OLEDDisplayTask
2024-12-07 16:35:57,OLEDDisplayTask
2024-12-07 16:35:57,OLEDDisplayTask
2024-12-07 16:35:57,Temperature: 40 °C	Humidity: 45 %
2024-12-07 16:35:57,OLEDDisplayTask
2024-12-07 16:35:57,OLEDDisplayTask
2024-12-07 16:35:57,OLEDDisplayTask
2024-12-07 16:35:57,OLEDDisplayTask
2024-12-07 16:35:57,OLEDDisplayTask
2024-12-07 16:35:57,OLEDDisplayTask
2024-12-07 16:35:57,OLEDDisplayTask
2024-12-07 16:35:58,OLEDDisplayTask
2024-12-07 16:35:58,OLEDDisplayTask
2024-12-07 16:35:58,OLEDDisplayTask
2024-12-07 16:35:58,OLEDDisplayTask
2024-12-07 16:35:58,OLEDDisplayTask
2024-12-07 16:35:58,OLEDDisplayTask
2024-12-07 16:35:58,OLEDDisplayTask
2024-12-07 16:35:58,Mq2Task
2024-12-07 16:35:58,MQ-2 Gas Concentration: 9.02 PPM
2024-12-07 16:35:58,OLEDDisplayTask
2024-12-07 16:35:58,OLEDDisplayTask
2024-12-07 16:35:59,OLEDDisplayTask
2024-12-07 16:35:59,OLEDDisplayTask
2024-12-07 16:35:59,ReadDHT11Task
2024-12-07 16:35:59,OLEDDisplayTask
2024-12-07 16:35:59,OLEDDisplayTask
2024-12-07 16:35:59,OLEDDisplayTask
2024-12-07 16:35:59,OLEDDisplayTask
2024-12-07 16:35:59,OLEDDisplayTask
2024-12-07 16:35:59,Temperature: 40 °C	Humidity: 45 %
2024-12-07 16:35:59,OLEDDisplayTask
2024-12-07 16:36:00,OLEDDisplayTask
2024-12-07 16:36:00,OLEDDisplayTask
2024-12-07 16:36:00,OLEDDisplayTask
2024-12-07 16:36:00,OLEDDisplayTask
2024-12-07 16:36:00,OLEDDisplayTask
2024-12-07 16:36:00,OLEDDisplayTask
2024-12-07 16:36:00,OLEDDisplayTask
2024-12-07 16:36:00,OLEDDisplayTask
2024-12-07 16:36:00,Mq2Task
2024-12-07 16:36:00,MQ-2 Gas Concentration: 9.78 PPM
2024-12-07 16:36:00,OLEDDisplayTask
2024-12-07 16:36:01,OLEDDisplayTask
2024-12-07 16:36:01,OLEDDisplayTask
2024-12-07 16:36:01,OLEDDisplayTask
2024-12-07 16:36:01,OLEDDisplayTask
2024-12-07 16:36:01,OLEDDisplayTask
2024-12-07 16:36:01,OLEDDisplayTask
2024-12-07 16:36:01,OLEDDisplayTask
2024-12-07 16:36:01,ReadDHT11Task
2024-12-07 16:36:01,OLEDDisplayTask
2024-12-07 16:36:01,OLEDDisplayTask
2024-12-07 16:36:02,OLEDDisplayTask
2024-12-07 16:36:02,OLEDDisplayTask
2024-12-07 16:36:02,OLEDDisplayTask
2024-12-07 16:36:02,Temperature: 40 °C	Humidity: 45 %
2024-12-07 16:36:02,OLEDDisplayTask
2024-12-07 16:36:02,OLEDDisplayTask
2024-12-07 16:36:02,OLEDDisplayTask
2024-12-07 16:36:02,OLEDDisplayTask
2024-12-07 16:36:02,OLEDDisplayTask
2024-12-07 16:36:02,Mq2Task
2024-12-07 16:36:02,MQ-2 Gas Concentration: 8.77 PPM
2024-12-07 16:36:02,OLEDDisplayTask
2024-12-07 16:36:03,OLEDDisplayTask
2024-12-07 16:36:03,OLEDDisplayTask
2024-12-07 16:36:03,OLEDDisplayTask
2024-12-07 16:36:03,OLEDDisplayTask
2024-12-07 16:36:03,OLEDDisplayTask
2024-12-07 16:36:03,OLEDDisplayTask
2024-12-07 16:36:03,OLEDDisplayTask
2024-12-07 16:36:03,OLEDDisplayTask
2024-12-07 16:36:03,OLEDDisplayTask
2024-12-07 16:36:04,OLEDDisplayTask
2024-12-07 16:36:04,OLEDDisplayTask
2024-12-07 16:36:04,OLEDDisplayTask
2024-12-07 16:36:04,ReadDHT11Task
2024-12-07 16:36:04,OLEDDisplayTask
2024-12-07 16:36:04,OLEDDisplayTask
2024-12-07 16:36:04,OLEDDisplayTask
2024-12-07 16:36:04,OLEDDisplayTask
2024-12-07 16:36:04,Temperature: 40 °C	Humidity: 45 %
2024-12-07 16:36:04,OLEDDisplayTask
2024-12-07 16:36:04,Mq2Task
2024-12-07 16:36:04,MQ-2 Gas Concentration: 9.21 PPM
2024-12-07 16:36:04,OLEDDisplayTask
2024-12-07 16:36:05,OLEDDisplayTask
2024-12-07 16:36:05,OLEDDisplayTask
2024-12-07 16:36:05,OLEDDisplayTask
2024-12-07 16:36:05,OLEDDisplayTask
2024-12-07 16:36:05,OLEDDisplayTask
2024-12-07 16:36:05,OLEDDisplayTask
2024-12-07 16:36:05,OLEDDisplayTask
2024-12-07 16:36:05,OLEDDisplayTask
2024-12-07 16:36:05,OLEDDisplayTask
2024-12-07 16:36:06,OLEDDisplayTask
2024-12-07 16:36:06,OLEDDisplayTask
2024-12-07 16:36:06,OLEDDisplayTask
2024-12-07 16:36:06,OLEDDisplayTask
2024-12-07 16:36:06,OLEDDisplayTask
2024-12-07 16:36:06,OLEDDisplayTask
2024-12-07 16:36:06,OLEDDisplayTask
2024-12-07 16:36:06,ReadDHT11Task
2024-12-07 16:36:06,OLEDDisplayTask
2024-12-07 16:36:06,Mq2Task
2024-12-07 16:36:07,OLEDDisplayTask
2024-12-07 16:36:07,MQ-2 Gas Concentration: 9.16 PPM
2024-12-07 16:36:07,OLEDDisplayTask
2024-12-07 16:36:07,OLEDDisplayTask
2024-12-07 16:36:07,OLEDDisplayTask
2024-12-07 16:36:07,Temperature: 40 °C	Humidity: 45 %
2024-12-07 16:36:07,OLEDDisplayTask
2024-12-07 16:36:07,OLEDDisplayTask
2024-12-07 16:36:07,OLEDDisplayTask
2024-12-07 16:36:07,OLEDDisplayTask
2024-12-07 16:36:07,OLEDDisplayTask
2024-12-07 16:36:08,OLEDDisplayTask
2024-12-07 16:36:08,OLEDDisplayTask
2024-12-07 16:36:08,OLEDDisplayTask
2024-12-07 16:36:08,OLEDDisplayTask
2024-12-07 16:36:08,OLEDDisplayTask
2024-12-07 16:36:08,OLEDDisplayTask
2024-12-07 16:36:08,OLEDDisplayTask
2024-12-07 16:36:08,OLEDDisplayTask
2024-12-07 16:36:08,OLEDDisplayTask
2024-12-07 16:36:09,Mq2Task
2024-12-07 16:36:09,OLEDDisplayTask
2024-12-07 16:36:09,MQ-2 Gas Concentration: 8.86 PPM
2024-12-07 16:36:09,OLEDDisplayTask
2024-12-07 16:36:09,OLEDDisplayTask
2024-12-07 16:36:09,ReadDHT11Task
2024-12-07 16:36:09,OLEDDisplayTask
2024-12-07 16:36:09,OLEDDisplayTask
2024-12-07 16:36:09,OLEDDisplayTask
2024-12-07 16:36:09,OLEDDisplayTask
2024-12-07 16:36:09,OLEDDisplayTask
2024-12-07 16:36:09,Error 253 Reading from DHT11 timed out.
2024-12-07 16:36:09,OLEDDisplayTask
2024-12-07 16:36:10,OLEDDisplayTask
2024-12-07 16:36:10,OLEDDisplayTask
2024-12-07 16:36:10,OLEDDisplayTask
2024-12-07 16:36:10,OLEDDisplayTask
2024-12-07 16:36:10,OLEDDisplayTask
2024-12-07 16:36:10,OLEDDisplayTask
2024-12-07 16:36:10,OLEDDisplayTask
2024-12-07 16:36:10,OLEDDisplayTask
2024-12-07 16:36:10,OLEDDisplayTask
2024-12-07 16:36:11,Mq2Task
2024-12-07 16:36:11,OLEDDisplayTask
2024-12-07 16:36:11,MQ-2 Gas Concentration: 9.87 PPM
2024-12-07 16:36:11,OLEDDisplayTask
2024-12-07 16:36:11,OLEDDisplayTask
2024-12-07 16:36:11,OLEDDisplayTask
2024-12-07 16:36:11,OLEDDisplayTask
2024-12-07 16:36:11,OLEDDisplayTask
2024-12-07 16:36:11,OLEDDisplayTask
2024-12-07 16:36:11,OLEDDisplayTask
2024-12-07 16:36:11,ReadDHT11Task
2024-12-07 16:36:11,OLEDDisplayTask
2024-12-07 16:36:12,OLEDDisplayTask
2024-12-07 16:36:12,OLEDDisplayTask
2024-12-07 16:36:12,OLEDDisplayTask
2024-12-07 16:36:12,Temperature: 40 °C	Humidity: 45 %
2024-12-07 16:36:12,OLEDDisplayTask
2024-12-07 16:36:12,OLEDDisplayTask
2024-12-07 16:36:12,OLEDDisplayTask
2024-12-07 16:36:12,OLEDDisplayTask
2024-12-07 16:36:12,OLEDDisplayTask
2024-12-07 16:36:12,OLEDDisplayTask
2024-12-07 16:36:13,Mq2Task
2024-12-07 16:36:13,OLEDDisplayTask
2024-12-07 16:36:13,MQ-2 Gas Concentration: 9.16 PPM
2024-12-07 16:36:13,OLEDDisplayTask
2024-12-07 16:36:13,OLEDDisplayTask
2024-12-07 16:36:13,OLEDDisplayTask
2024-12-07 16:36:13,OLEDDisplayTask
2024-12-07 16:36:13,OLEDDisplayTask
2024-12-07 16:36:13,OLEDDisplayTask
2024-12-07 16:36:13,OLEDDisplayTask
2024-12-07 16:36:14,OLEDDisplayTask
2024-12-07 16:36:14,OLEDDisplayTask
2024-12-07 16:36:14,OLEDDisplayTask
2024-12-07 16:36:14,OLEDDisplayTask
2024-12-07 16:36:14,ReadDHT11Task
2024-12-07 16:36:14,OLEDDisplayTask
2024-12-07 16:36:14,OLEDDisplayTask
2024-12-07 16:36:14,OLEDDisplayTask
2024-12-07 16:36:14,OLEDDisplayTask
2024-12-07 16:36:14,OLEDDisplayTask
2024-12-07 16:36:14,Temperature: 40 °C	Humidity: 45 %
2024-12-07 16:36:15,OLEDDisplayTask
2024-12-07 16:36:15,Mq2Task
2024-12-07 16:36:15,OLEDDisplayTask
2024-12-07 16:36:15,MQ-2 Gas Concentration: 9.27 PPM
2024-12-07 16:36:15,OLEDDisplayTask
2024-12-07 16:36:15,OLEDDisplayTask
2024-12-07 16:36:15,OLEDDisplayTask
2024-12-07 16:36:15,OLEDDisplayTask
2024-12-07 16:36:15,OLEDDisplayTask
2024-12-07 16:36:15,OLEDDisplayTask
2024-12-07 16:36:15,OLEDDisplayTask
2024-12-07 16:36:16,OLEDDisplayTask
2024-12-07 16:36:16,OLEDDisplayTask
2024-12-07 16:36:16,OLEDDisplayTask
2024-12-07 16:36:16,OLEDDisplayTask
2024-12-07 16:36:16,OLEDDisplayTask
2024-12-07 16:36:16,OLEDDisplayTask
2024-12-07 16:36:16,OLEDDisplayTask
2024-12-07 16:36:16,OLEDDisplayTask
2024-12-07 16:36:16,ReadDHT11Task
2024-12-07 16:36:16,OLEDDisplayTask
2024-12-07 16:36:17,OLEDDisplayTask
2024-12-07 16:36:17,OLEDDisplayTask
2024-12-07 16:36:17,Mq2Task
2024-12-07 16:36:17,MQ-2 Gas Concentration: 24.40 PPM
2024-12-07 16:36:17,OLEDDisplayTask
2024-12-07 16:36:17,OLEDDisplayTask
2024-12-07 16:36:17,Temperature: 40 °C	Humidity: 45 %
2024-12-07 16:36:17,OLEDDisplayTask
2024-12-07 16:36:17,OLEDDisplayTask
2024-12-07 16:36:17,OLEDDisplayTask
2024-12-07 16:36:17,OLEDDisplayTask
2024-12-07 16:36:17,OLEDDisplayTask
2024-12-07 16:36:18,OLEDDisplayTask
2024-12-07 16:36:18,OLEDDisplayTask
2024-12-07 16:36:18,OLEDDisplayTask
2024-12-07 16:36:18,OLEDDisplayTask
2024-12-07 16:36:18,OLEDDisplayTask
2024-12-07 16:36:18,OLEDDisplayTask
2024-12-07 16:36:18,OLEDDisplayTask
2024-12-07 16:36:18,OLEDDisplayTask
2024-12-07 16:36:18,OLEDDisplayTask
2024-12-07 16:36:19,OLEDDisplayTask
2024-12-07 16:36:19,OLEDDisplayTask
2024-12-07 16:36:19,Mq2Task
2024-12-07 16:36:19,MQ-2 Gas Concentration: 9.35 PPM
2024-12-07 16:36:19,OLEDDisplayTask
2024-12-07 16:36:19,OLEDDisplayTask
2024-12-07 16:36:19,ReadDHT11Task
2024-12-07 16:36:19,OLEDDisplayTask
2024-12-07 16:36:19,OLEDDisplayTask
2024-12-07 16:36:19,OLEDDisplayTask
2024-12-07 16:36:19,OLEDDisplayTask
2024-12-07 16:36:19,Temperature: 40 °C	Humidity: 45 %
2024-12-07 16:36:20,OLEDDisplayTask
2024-12-07 16:36:20,OLEDDisplayTask
2024-12-07 16:36:20,OLEDDisplayTask
2024-12-07 16:36:20,OLEDDisplayTask
2024-12-07 16:36:20,OLEDDisplayTask
2024-12-07 16:36:20,OLEDDisplayTask
2024-12-07 16:36:20,OLEDDisplayTask
2024-12-07 16:36:20,OLEDDisplayTask
2024-12-07 16:36:20,OLEDDisplayTask
2024-12-07 16:36:21,OLEDDisplayTask
2024-12-07 16:36:21,OLEDDisplayTask
2024-12-07 16:36:21,OLEDDisplayTask
2024-12-07 16:36:21,Mq2Task
2024-12-07 16:36:21,MQ-2 Gas Concentration: 10.16 PPM
2024-12-07 16:36:21,OLEDDisplayTask
2024-12-07 16:36:21,OLEDDisplayTask
2024-12-07 16:36:21,OLEDDisplayTask
2024-12-07 16:36:21,OLEDDisplayTask
2024-12-07 16:36:21,OLEDDisplayTask
2024-12-07 16:36:21,OLEDDisplayTask
2024-12-07 16:36:21,ReadDHT11Task
2024-12-07 16:36:22,OLEDDisplayTask
2024-12-07 16:36:22,OLEDDisplayTask
2024-12-07 16:36:22,OLEDDisplayTask
2024-12-07 16:36:22,OLEDDisplayTask
2024-12-07 16:36:22,OLEDDisplayTask
2024-12-07 16:36:22,Temperature: 40 °C	Humidity: 45 %
2024-12-07 16:36:22,OLEDDisplayTask
2024-12-07 16:36:22,OLEDDisplayTask
2024-12-07 16:36:22,OLEDDisplayTask
2024-12-07 16:36:22,OLEDDisplayTask
2024-12-07 16:36:23,OLEDDisplayTask
2024-12-07 16:36:23,OLEDDisplayTask
2024-12-07 16:36:23,OLEDDisplayTask
2024-12-07 16:36:23,Mq2Task
2024-12-07 16:36:23,MQ-2 Gas Concentration: 12.04 PPM
2024-12-07 16:36:23,OLEDDisplayTask
2024-12-07 16:36:23,OLEDDisplayTask
2024-12-07 16:36:23,OLEDDisplayTask
2024-12-07 16:36:23,OLEDDisplayTask
2024-12-07 16:36:23,OLEDDisplayTask
2024-12-07 16:36:23,OLEDDisplayTask
2024-12-07 16:36:24,OLEDDisplayTask
2024-12-07 16:36:24,OLEDDisplayTask
2024-12-07 16:36:24,OLEDDisplayTask
2024-12-07 16:36:24,OLEDDisplayTask
2024-12-07 16:36:24,ReadDHT11Task
2024-12-07 16:36:24,OLEDDisplayTask
